Datetime (Local),Weight (lbs),Body Fat % (Caliper - Gut),Body Fat % (Omron)
2026-02-26 7:50,173.6,,
2026-02-25 7:30,175,,15.7
2026-02-24 7:32,174,,16
2026-02-21 7:30,172.4,,
2026-02-20 7:16,174.4,,16.7
2026-02-19 7:37,174,,16.2
2026-02-18 7:04,173.8,,16.9
2026-02-17 7:15,173.8,,16.1
2026-02-14 7:33,175.4,,
2026-02-13 7:23,173,,
2026-02-11 7:28,174.2,,17.2
2026-02-10 7:30,171.6,,
2026-02-09 7:38,172,,17.1
2026-02-08 6:19,174.6,,16.9
2026-02-07 7:28,174.2,,16.8
2026-02-06 7:27,174.6,,17.8
2026-02-05 7:01,174.8,,
2026-02-04 7:23,176,,
2026-02-03 7:00,176.8,,16.3
2026-02-02 7:28,176.4,,16.9
2026-02-01 7:19,176.6,,16.8
2026-01-31 7:31,176.2,,17.1
2026-01-30 7:10,177.4,,16.7
2026-01-29 7:31,176.6,,16.2
2026-01-28 7:07,176.6,,16.4
2026-01-27 7:14,176.6,,17.2
2026-01-26 7:09,177.4,,16.7
2026-01-25 7:35,177.6,,16.5
2026-01-24 7:12,176.2,,16.7
2026-01-23 7:40,176.2,,17.8
2026-01-22 7:14,175.4,,16.6
2026-01-20 7:12,175.8,,16.4
2026-01-19 7:22,174.6,,17.1
2026-01-18 7:34,175,,17.2
2026-01-17 6:42,175.8,,17.4
2026-01-16 6:45,177,,17.4
2026-01-15 7:04,176.6,,16.9
2026-01-14 7:46,175.4,,16.4
2026-01-13 7:51,175.4,,17.1
2026-01-12 7:15,177.2,,16.9
2026-01-11 7:23,175.2,,16.9
2026-01-10 8:13,176,,17.1
2026-01-08 8:02,177,,17.1
2026-01-07 7:30,176.6,,16.5
2026-01-06 6:38,176.2,,16.8
2026-01-05 7:25,176,,16.6
2026-01-01 7:40,176.4,,16.6
2025-12-31 7:14,177,,16.7
2025-12-30 7:31,178.2,,16.5
2025-12-29 7:33,177.4,,17.4
2025-12-28 7:39,178.4,,17.4
2025-12-27 7:21,177.6,,17.1
2025-12-26 7:34,178.8,,17.4
2025-12-24 7:29,179.6,,16.8
2025-12-23 7:30,177.2,,16.8
2025-12-22 7:35,176.8,,17.3
2025-12-21 7:28,177.4,,16.7
2025-12-20 7:37,178.2,,17.3
2025-12-19 7:20,178.6,,17.3
2025-12-18 7:28,180.2,,16.3
2025-12-17 7:38,178,,17.3
2025-12-16 7:33,177.2,,17.2
2025-12-15 7:15,177,,17.3
2025-12-14 7:07,177.6,,16.7
2025-12-13 7:53,178.8,,16.4
2025-12-12 7:10,179,,16.7
2025-12-11 7:23,177.4,,16.7
2025-12-10 7:26,178,,16.6
2025-12-09 7:22,177.4,,
2025-12-08 7:27,176.6,,17.4
2025-12-07 7:12,177.4,,16.7
2025-12-06 7:36,179,,16.7
2025-12-05 7:18,177.4,,16.7
2025-12-04 7:17,176.8,,16.9
2025-12-03 7:17,177.4,,16.7
2025-12-02 7:22,176.4,,16.9
2025-12-01 7:16,177.2,,17.2
2025-11-30 7:40,177.2,,17.6
2025-11-29 6:49,177.6,,16.9
2025-11-25 7:33,177.2,,
2025-11-24 7:08,178,,17
2025-11-23 7:03,177.6,,17.4
2025-11-22 7:28:00,178.2,,17.1
2025-11-21 7:30:00,178.4,,17.6
2025-11-20 7:16:00,178.6,,16.7
2025-11-19 7:12:00,179.2,,17
2025-11-18 7:21:00,177.4,,17.1
2025-11-17 7:21:00,177,,17.3
2025-11-16 7:19:00,178,,17.7
2025-11-15 7:19:00,178.6,,18.2
2025-11-14 7:39:00,178.8,,17.4
2025-11-13 7:31:00,179.2,,16.7
2025-11-12 7:26:00,178.6,,17.4
2025-11-11 6:44:00,178.6,,17.1
2025-11-10 7:29:00,179.4,,17.2
2025-11-09 7:04:00,181,,17.1
2025-11-08 6:44:00,180.2,,17.5
2025-11-07 6:39:00,180.4,,18.1
2025-11-06 7:12:00,180.6,,18.3
2025-11-05 7:35:00,180.2,,17.5
2025-11-04 6:41:00,181,,17.1
2025-11-03 6:33:00,179,,17.7
2025-11-02 6:38:00,180.4,,
2025-11-01 7:09:00,180.6,,18
2025-10-31 7:09:00,181,,18.2
2025-10-30 7:15:00,180.4,,17.9
2025-10-29 7:14:00,180.6,,17.8
2025-10-28 7:13:00,179.8,,
2025-10-27 7:29:00,180.2,,
2025-10-26 7:06:00,180.4,,
2025-10-25 7:16:00,180.4,,
2025-10-24 7:12:00,181.8,,
2025-10-23 9:57:00,181,,
2025-10-22 7:15:00,181.8,,
2025-10-21 9:02:00,180.8,,
2025-10-20 7:21:00,181.8,,
2025-10-18 7:20:00,184.6,,
2025-10-17 7:01:00,183.6,,
2025-10-16 7:19:00,182.6,,
2025-10-15 6:55:00,183.2,,
2025-10-14 7:12:00,182.4,,
2025-10-13 7:21:00,183.2,,
2025-10-11 7:18:00,183.4,,
2025-10-10 7:11:00,182.6,,
2025-10-09 7:29:00,182,,
2025-10-08 6:49:00,181.4,,
2025-10-07 7:11:00,181.8,,
2025-10-06 7:07:00,182,,
2025-10-05 7:07:00,182.6,,
2025-09-30 7:18:00,182.8,,
2025-09-29 7:14:00,182.8,,
2025-09-26 6:47:00,182.6,,
2025-09-24 7:28:00,182.6,,
2025-09-23 7:26:00,181.6,,
2025-09-22 7:11:00,182,,
2025-09-20 7:18:00,183,,
2025-09-19 7:28:00,181.8,,
2025-09-18 7:38:00,181,,
2025-09-17 9:33:00,183.2,,
2025-09-15 7:16:00,180.2,,
2025-09-13 7:34:00,179.2,,
2025-09-12 7:23:00,179.2,,
2025-09-11 7:24:00,179.4,,
2025-09-10 7:24:00,179.6,,
2025-09-09 7:02:00,179.6,,
2025-09-07 7:34:00,180.4,,
2025-09-05 7:15:00,183.8,,
2025-09-04 7:08:00,182.6,,
2025-09-03 7:23:00,181.4,,
2025-09-02 7:19:00,183.2,,
2025-08-31 7:34:00,182.8,,
2025-08-30 7:21:00,183.2,,
2025-08-29 7:13:00,183.2,,
2025-08-28 7:33:00,181.6,,
2025-08-27 7:26:00,182.6,,
2025-08-26 7:29:00,181.4,,
2025-08-25 7:21:00,181,,
2025-08-24 7:12:00,180.6,,
2025-08-22 6:59:00,182.6,,
2025-08-21 7:08:00,183.6,,
2025-08-20 9:23:00,182.6,,
2025-08-19 7:30:00,182,,
2025-08-18 10:01:00,184.4,,
2025-08-17 7:31:00,182,,
2025-08-16 7:48:00,182.6,,
2025-08-15 7:20:00,182.8,,
2025-08-14 7:17:00,183.2,,
2025-08-13 8:44:00,184.4,,
2025-08-12 7:23:00,182.8,,
2025-08-11 7:21:00,181.4,,
2025-08-10 7:37:00,182.4,,
2025-08-09 7:36:00,183.4,,
2025-08-06 7:34:00,183,,
2025-08-05 7:29:00,181.2,,
2025-08-04 7:09:00,183,,
2025-08-03 7:23:00,182.4,,
2025-08-02 7:34:00,182,,
2025-08-01 7:28:00,182.6,,
2025-07-31 7:44:00,183.2,,
2025-07-30 7:31:00,182.8,,
2025-07-29 7:22:00,181.4,,
2025-07-28 7:24:00,184.4,,
2025-07-27 7:24:00,181.4,,
2025-07-26 7:28:00,184.4,,
2025-07-22 7:38:00,182.8,,
2025-07-21 7:28:00,183,,18
2025-07-20 7:31:00,182.4,,
2025-07-19 7:21:00,182.4,,
2025-07-18 8:05:00,181,,
2025-07-16 7:23:00,181.6,,
2025-07-15 7:26:00,181.4,,
2025-07-14 7:29:00,182,,
2025-07-13 7:26:00,183,,
2025-07-11 7:16:00,183.2,,
2025-07-09 7:10:00,182.6,,
2025-07-08 7:32:00,182.8,,
2025-07-07 7:29:00,182.6,,
2025-07-06 7:39:00,182.8,,
2025-07-05 7:47:00,184,,
2025-07-04 7:29:00,182.6,,
2025-07-03 7:28:00,182.8,,
2025-07-02 7:07:00,183.4,,
2025-07-01 7:24:00,182.4,,
2025-06-30 7:22:00,183.4,,
2025-06-29 7:21:00,183.2,,
2025-06-28 7:57:00,182.8,,
2025-06-23 7:21:00,185.2,,
2025-06-21 7:16:00,186.8,,
2025-06-20 7:22:00,189,,
2025-06-19 7:18:00,186,,
2025-06-18 7:20:00,185.8,,
2025-06-16 7:15:00,184.8,,
2025-06-15 7:50:00,185.8,,
2025-06-14 7:46:00,185.6,,
2025-06-13 7:01:00,185.6,,
2025-06-12 6:51:00,185.2,,
2025-06-11 7:13:00,184.8,,
2025-06-10 7:07:00,184,,
2025-06-09 7:10:00,185,,
2025-06-08 7:30:00,185,,
2025-06-07 7:29:00,183.6,,
2025-06-06 7:10:00,184.6,,
2025-06-05 7:06:00,184.6,,
2025-06-04 7:26:00,183,,
2025-06-03 7:29:00,183.2,,
2025-06-02 7:15:00,183.2,,
2025-06-01 7:29:00,183.4,,
2025-05-31 7:10:00,183.2,,
2025-05-30 7:25:00,182.6,,
2025-05-29 7:20:00,183.6,,
2025-05-28 7:25:00,182.6,,
2025-05-26 7:35:00,182.6,,
2025-05-25 7:20:00,183.2,,
2025-05-24 7:32:00,181.8,,
2025-05-23 7:10:00,180.6,,
2025-05-22 6:56:00,182.6,,
2025-05-21 7:15:00,181.6,,
2025-05-20 7:28:00,179.8,,
2025-05-19 6:38:00,180.2,,
2025-05-17 7:19:00,180.6,,
2025-05-16 6:57:00,180.2,,
2025-05-15 6:23:00,179.2,,
2025-05-14 7:13:00,181.6,,
2025-05-13 7:20:00,179.6,,
2025-05-12 7:31:00,180.8,,
2025-05-11 6:59:00,180.4,,
2025-05-10 7:11:00,179,,
2025-05-09 7:20:00,178.8,,
2025-05-08 7:37:00,181.2,,
2025-05-07 7:31:00,179.4,,
2025-05-06 7:21:00,177,,
2025-05-05 7:27:00,178,,
2025-05-04 7:43:00,176.6,,
2025-05-03 7:39:00,176.4,,
2025-05-01 7:29:00,176.2,,
2025-04-30 7:33:00,176.4,,
2025-04-29 7:23:00,175.4,,
2025-04-28 7:16:00,174.6,,
2025-04-27 7:10:00,175.8,,
2025-04-26 6:58:00,178.4,,
2025-04-25 7:06:00,175.2,,
2025-04-24 7:06:00,176.6,,
2025-04-23 7:09:00,178.8,,
2025-04-22 7:06:00,174.6,,
2025-04-21 7:35:00,174.6,,
2025-04-20 7:26:00,174.2,,
2025-04-19 7:30:00,175.4,,
2025-04-18 7:25:00,174.8,,
2025-04-17 6:59:00,174.6,,
2025-04-15 7:17:00,174.2,,
2025-04-14 7:16:00,174.4,,
2025-04-12 8:25:00,173,,
2025-04-11 7:18:00,173.2,,
2025-04-10 6:56:00,174,,
2025-04-08 7:13:00,174,,
2025-04-07 6:49:00,174,,
2025-04-06 7:28:00,174.2,,
2025-03-29 7:28:00,176.4,,
2025-03-28 7:02:00,172.6,,
2025-03-27 7:04:00,173.8,,
2025-03-26 7:09:00,174.2,,
2025-03-24 7:10:00,173.2,,
2025-03-23 7:41:00,173.6,,
2025-03-22 7:33:00,173.2,,
2025-03-21 7:29:00,172.4,,
2025-03-19 7:28:00,174.2,,
2025-03-18 7:25:00,173.6,,
2025-03-17 7:10:00,173.8,,
2025-03-16 7:49:00,173.8,,
2025-03-15 7:22:00,175.4,,
2025-03-14 7:11:00,174.2,,
2025-03-13 6:55:00,175,,
2025-03-12 7:22:00,175.8,,
2025-03-11 7:15:00,174.6,,
2025-03-10 7:20:00,174.4,,
2025-03-09 7:48:00,174.6,,
2025-03-08 7:29:00,173.2,,
2025-03-07 7:18:00,172.4,,
2025-03-02 7:25:00,173.8,,
2025-03-01 7:01:00,174.6,,
2025-02-28 7:09:00,174.2,,
2025-02-27 7:06:00,174,,
2025-02-25 7:05:00,172.8,,
2025-02-24 8:43:00,173.2,,
2025-02-23 7:07:00,172.8,,
2025-02-22 7:19:00,171.8,,
2025-02-21 7:09:00,171.8,,
2025-02-20 6:56:00,170.4,,
2025-02-19 7:05:00,170.2,,
2025-02-17 7:29:00,171.8,,
2025-02-15 7:35:00,171.2,,
2025-02-14 7:11:00,169.4,,
2025-02-13 7:07:00,169.6,,
2025-02-12 7:12:00,170.8,,
2025-02-11 7:09:00,170.4,,
2025-02-10 7:15:00,169.6,,
2025-02-09 7:27:00,168.8,,
2025-02-08 7:38:00,169.4,,
2025-02-07 7:36:00,168.8,,
2025-02-06 6:54:00,168.8,,
2025-02-05 7:27:00,168,,
2025-02-04 7:16:00,167.4,,
2025-02-03 7:19:00,165.4,,
2025-01-31 7:32:00,168.2,,
2025-01-30 7:24:00,168.8,,
2025-01-29 7:38:00,170.2,,
2025-01-27 7:38:00,171.6,,
2025-01-25 7:56:00,170.8,,
2025-01-23 7:40:00,169,,
2025-01-21 7:39:00,171.2,,
2025-01-20 10:04:00,169.6,,
2025-01-11 7:44:00,170.8,,
2025-01-10 7:36:00,170.6,,
2025-01-09 7:02:00,168.6,,
2025-01-08 7:21:00,168.6,,
2025-01-07 7:27:00,169.4,,
2025-01-05 7:26:00,169,,
2025-01-03 6:58:00,169.6,,
2025-01-02 7:08:00,170,,
2025-01-01 7:42:00,170.2,,
2024-12-31 7:13:00,169,,
2024-12-30 7:17:00,168.8,,
2024-12-29 7:17:00,170,,
2024-12-28 8:06:00,169,,
2024-12-27 7:37:00,169.4,,
2024-12-26 7:13:00,170.2,,
2024-12-25 7:11:00,169,,
2024-12-24 7:40:00,168,,
2024-12-18 7:23:00,170,,
2024-12-17 7:33:00,170.8,,
2024-12-16 7:24:00,170.2,,
2024-12-15 7:35:00,171.2,,
2024-12-14 7:54:00,170.8,,
2024-12-13 7:27:00,170.6,,
2024-12-12 7:05:00,171.6,,
2024-12-11 7:31:00,170.6,,
2024-12-10 7:35:00,168.4,,
2024-12-08 7:42:00,171,,
2024-12-07 7:05:00,172,,
2024-12-06 7:04:00,171.8,,
2024-12-05 7:06:00,171,,
2024-12-04 7:11:00,170.2,,
2024-12-03 7:12:00,170,,
2024-12-02 7:06:00,171,,
2024-12-01 7:22:00,171,,
2024-11-29 7:09:00,170.8,,
2024-11-27 7:13:00,170.6,,
2024-11-26 7:25:00,168.8,,
2024-11-25 7:13:00,173,,
2024-11-24 7:12:00,173.2,,
2024-11-22 7:14:00,171.8,,
2024-11-21 7:07:00,172.4,,
2024-11-20 6:49:00,172.8,,
2024-11-19 7:12:00,171.8,,
2024-11-18 7:12:00,171.8,,
2024-11-17 7:18:00,171.8,,
2024-11-16 7:41:00,172.8,,
2024-11-15 7:03:00,172.4,,
2024-11-14 7:03:00,169.8,,
2024-11-12 7:16:00,172,,
2024-11-10 7:36:00,171.2,,
2024-11-09 7:27:00,170.8,,
2024-11-08 7:12:00,171,,
2024-11-07 7:06:00,172.6,,
2024-11-06 7:10:00,170.8,,
2024-11-05 6:48:00,169.8,,
2024-11-04 6:48:00,167.8,,
2024-11-03 6:43:00,171,,
2024-11-02 7:40:00,170,,
2024-11-01 7:19:00,170.4,,
2024-10-31 6:46:00,171,,
2024-10-30 7:08:00,172.8,,
2024-10-29 7:06:00,169.8,,
2024-10-28 7:14:00,171.2,,
2024-10-26 7:28:00,170.4,,
2024-10-25 7:29:00,169.6,,
2024-10-24 7:01:00,170.2,,
2024-10-23 7:14:00,168.8,,
2024-10-22 7:05:00,169.8,,
2024-10-21 7:22:00,171,,
2024-10-20 7:37:00,171,,
2024-10-19 7:27:00,170,,
2024-10-18 6:56:00,169.8,,
2024-10-17 7:12:00,170,,
2024-10-16 7:15:00,169.6,,
2024-10-15 7:11:00,170.4,,
2024-10-14 7:34:00,170.8,,
2024-10-13 7:38:00,171,,
2024-10-12 7:56:00,170.2,,
2024-10-11 7:34:00,170.4,,
2024-10-10 7:08:00,171.8,,
2024-10-09 7:43:00,171,,
2024-10-08 7:12:00,171.8,,
2024-10-06 7:35:00,172.4,,
2024-10-05 8:09:00,172.6,,
2024-10-03 6:57:00,170.8,,
2024-10-02 6:31:00,172.8,,
2024-10-01 7:07:00,171.8,,
2024-09-30 7:11:00,172.8,,
2024-09-29 7:43:00,172.4,,
2024-09-28 7:16:00,172.2,,
2024-09-27 7:08:00,172.2,,
2024-09-25 6:57:00,172.6,,
2024-09-24 8:56:00,172.2,,
2024-09-23 7:31:00,173.6,,
2024-09-22 7:38:00,172.6,,
2024-09-20 7:06:00,173.2,,
2024-09-19 6:59:00,173.6,,
2024-09-18 7:13:00,173.2,,
2024-09-17 7:08:00,173,,
2024-09-16 7:17:00,173.2,,
2024-09-15 7:33:00,173.2,,
2024-09-14 7:27:00,174,,
2024-09-13 7:06:00,173,,
2024-09-12 6:55:00,173.2,,
2024-09-11 6:55:00,173.6,,
2024-09-10 7:00:00,173.2,,
2024-09-09 6:48:00,174.6,,
2024-09-08 7:35:00,175.4,,
2024-09-07 6:46:00,174.2,,
2024-09-06 7:28:00,175,,18
2024-09-05 7:14:00,174.8,,
2024-09-04 7:28:00,175.2,,
2024-09-03 7:07:00,175.8,,
2024-09-02 8:00:00,176.2,,
2024-08-31 7:23:00,178,,
2024-08-30 7:05:00,178.6,,
2024-08-29 6:52:00,178.8,,
2024-08-27 7:05:00,177.2,,
2024-08-26 7:26:00,177.2,,
2024-08-25 7:23:00,177.6,,
2024-08-24 7:44:00,178.2,,
2024-08-23 7:12:00,178.4,,
2024-08-20 7:13:00,176.8,,
2024-08-19 6:58:00,179.4,,
2024-08-18 7:08:00,178.4,,
2024-08-17 7:29:00,177.4,,
2024-08-16 7:20:00,177.6,,
2024-08-15 7:21:00,178.6,,
2024-08-14 7:15:00,178.8,,
2024-08-13 7:06:00,178.6,,
2024-08-11 7:33:00,178.6,,
2024-08-09 6:50:00,179.8,,
2024-07-31 7:05:00,181.2,,
2024-07-30 7:21:00,180.6,,
2024-07-29 7:28:00,180.8,,
2024-07-28 8:00:00,181.6,,
2024-07-22 8:07:00,182.4,,
2024-07-21 8:01:00,181.8,,
2024-07-20 8:06:00,181,,
2024-07-19 7:25:00,180.8,,
2024-07-17 7:54:00,181.2,,
2024-07-16 7:24:00,180.2,,
2024-07-15 7:33:00,181.4,,17
2024-07-14 7:57:00,180.8,,
2024-07-13 7:50:00,181.6,,
2024-07-12 7:44:00,181.8,,
2024-07-11 7:31:00,181.6,,
2024-07-10 7:46:00,181.4,,
2024-07-09 7:23:00,182.4,,
2024-07-08 7:47:00,180.8,,
2024-07-07 8:06:00,180.8,,
2024-07-06 8:00:00,182,,
2024-07-05 7:53:00,182.6,,
2024-07-04 7:40:00,181.8,,
2024-07-03 7:26:00,183.4,,
2024-07-02 7:24:00,181.8,,
2024-07-01 7:42:00,183,,
2024-06-30 8:05:00,183,,
2024-06-29 7:58:00,182.8,,
2024-06-28 7:43:00,182.6,,
2024-06-27 0:00:00,,,
2024-06-26 7:22:00,183,,
2024-06-25 0:00:00,,,
2024-06-24 8:00:00,181.6,,
2024-06-23 7:26:00,181.6,,
2024-06-22 7:38:00,180.8,,
2024-06-21 7:47:00,179.6,,
2024-06-20 7:46:00,181.4,,
2024-06-19 8:02:00,181.8,,
2024-06-18 7:26:00,180.2,,
2024-06-17 7:47:00,181.2,,
2024-06-16 8:06:00,180.8,,
2024-06-15 7:44:00,181.2,,
2024-06-14 7:47:00,182,,
2024-06-13 7:45:00,180.8,,
2024-06-12 7:53:00,180.8,,
2024-06-11 7:26:00,180.2,,
2024-06-10 7:46:00,181.2,,
2024-06-09 7:56:00,178.8,,
2024-06-08 8:28:00,180.4,,
2024-06-07 7:59:00,180.4,,
2024-06-06 7:36:00,179.2,,
2024-06-05 8:01:00,179,,
2024-06-04 7:26:00,180.2,,
2024-06-03 8:21:00,178.6,,
2024-05-31 7:45:00,178.6,,
2024-05-29 8:26:00,176,,
2024-05-28 7:36:00,175.2,,
2024-05-27 9:31:00,175,,
2024-05-26 10:24:00,175.8,,
2024-05-22 5:48:00,176.2,,
2024-05-21 7:12:00,176,,
2024-05-20 7:34:00,177.2,,
2024-05-19 7:28:00,176.2,,
2024-05-17 7:47:00,176.2,,
2024-05-16 7:39:00,177,,
2024-05-15 7:35:00,176.2,,
2024-05-14 7:27:00,175.4,,
2024-05-13 8:00:00,175.4,,
2024-05-12 7:48:00,175.8,,
2024-05-11 8:11:00,175.4,,
2024-05-10 8:03:00,176,,
2024-05-09 7:52:00,175.8,,
2024-05-08 7:19:00,175.2,,
2024-05-07 7:47:00,176,,
2024-05-06 7:53:00,176.4,,16
2024-05-05 8:01:00,175.2,,
2024-05-04 7:59:00,177,,
2024-05-03 7:41:00,175.4,,
2024-05-02 7:32:00,175,,
2024-05-01 7:59:00,174.4,,
2024-04-30 7:30:00,174,,
2024-04-26 7:48:00,172.6,,
2024-04-25 7:34:00,172.6,,
2024-04-24 7:51:00,172,,
2024-04-23 9:24:00,172.8,,
2024-04-22 8:33:00,173,,
2024-04-21 8:32:00,173.6,,
2024-04-20 8:32:00,172.4,,
2024-04-19 8:56:00,175.2,,
2024-04-14 7:51:00,175.8,,
2024-04-13 8:26:00,176,,
2024-04-12 7:24:00,176,,
2024-04-11 7:27:00,177.4,,
2024-04-10 7:36:00,175.2,,
2024-04-09 7:28:00,175.4,,
2024-04-08 7:55:00,176.4,,
2024-04-07 8:01:00,177,,
2024-04-06 7:57:00,177,,
2024-04-05 8:01:00,176.2,,
2024-04-04 7:32:00,176.4,,
2024-04-03 7:57:00,176.4,,
2024-04-02 7:52:00,177.2,,
2024-04-01 8:05:00,176.2,,
2024-03-31 8:10:00,176.6,,
2024-03-30 0:00:00,,,
2024-03-29 8:35:00,174.4,,
2024-03-28 7:48:00,175,,
2024-03-27 8:05:00,174.6,,
2024-03-26 7:32:00,174,,
2024-03-25 8:07:00,173.6,,
2024-03-24 0:00:00,,,
2024-03-21 8:05:00,174.8,,
2024-03-20 7:50:00,175,,
2024-03-19 7:30:00,176.6,,
2024-03-18 7:42:00,177,,
2024-03-17 8:06:00,178.8,,
2024-03-16 7:38:00,181.2,,
2024-03-15 7:45:00,180.2,,
2024-03-14 7:30:00,180.6,,
2024-03-13 7:38:00,178.4,,
2024-03-12 0:00:00,,,
2024-03-11 8:10:00,178,,
2024-03-10 8:26:00,179.6,,
2024-03-09 7:49:00,178.6,,
2024-03-08 7:30:00,178.6,,
2024-03-07 7:53:00,177.6,,
2024-03-05 7:32:00,178.4,,
2024-03-04 7:54:00,179,,
2024-03-02 7:19:00,177.6,,
2024-03-01 7:03:00,177.6,,
2024-02-29 7:27:00,181.2,,
2024-02-28 7:46:00,180.4,,
2024-02-27 7:32:00,177.6,,
2024-02-25 7:21:00,179.4,,
2024-02-24 7:25:00,180.6,,17
2024-02-23 7:53:00,178.2,,
2024-02-22 7:14:00,177.4,,
2024-02-21 7:34:00,176.4,,
2024-02-18 7:46:00,177.4,,
2024-02-17 7:37:00,178.4,,
2024-02-16 7:48:00,176.8,,
2024-02-15 7:26:00,178.4,,
2024-02-14 7:24:00,178.4,,
2024-02-13 7:22:00,177.2,,
2024-02-12 7:07:00,177,,
2024-02-11 7:25:00,178,,
2024-02-10 7:21:00,177.4,,
2024-02-09 7:22:00,177.4,,
2024-02-08 7:23:00,176.8,,
2024-02-06 7:27:00,176.8,,
2024-02-05 7:49:00,176.4,,
2024-02-04 8:49:00,175.2,,
2024-02-03 7:54:00,175.8,,
2024-02-02 7:46:00,175.2,,
2024-01-31 7:43:00,175.4,,
2024-01-30 7:22:00,176,,
2024-01-29 7:37:00,175.2,,
2024-01-24 7:18:00,176.8,,
2024-01-23 7:24:00,177.2,,
2024-01-22 7:56:00,177.2,,
2024-01-21 8:10:00,176,,
2024-01-20 8:00:00,176.6,,
2024-01-19 7:36:00,175.8,,
2024-01-18 7:27:00,178,,
2024-01-17 7:41:00,176.2,,
2024-01-15 7:45:00,176.6,,
2024-01-14 7:49:00,176.4,,
2024-01-13 8:08:00,175,,
2024-01-12 7:28:00,176.4,,
2024-01-10 7:51:00,174.4,,
2024-01-09 7:31:00,175.2,,
2024-01-08 7:48:00,176.6,,
2024-01-07 8:14:00,175.4,,
2024-01-05 7:53:00,175.4,,
2024-01-04 7:55:00,175.4,,
2024-01-03 8:10:00,175.4,,
2024-01-02 7:39:00,176.4,,
2024-01-01 7:52:00,175.9,,
2023-12-31 8:02:00,176.4,,
2023-12-29 7:46:00,176.4,,
2023-12-28 7:45:00,175,,
2023-12-27 7:33:00,174,,
2023-12-26 7:25:00,174.6,,
2023-12-25 7:40:00,174.4,,
2023-12-24 7:37:00,173.8,,
2023-12-23 7:38:00,174.4,,
2023-12-22 7:11:00,173.8,,
2023-12-21 6:48:00,174.8,,
2023-12-20 7:05:00,175.2,,
2023-12-19 7:24:00,174.2,,
2023-12-18 7:51:00,173.8,,
2023-12-17 9:01:00,173.8,,
2023-12-16 8:07:00,174.6,,
2023-12-15 7:21:00,176.8,,
2023-12-14 7:28:00,176.2,,
2023-12-13 7:24:00,176.4,,
2023-12-12 7:26:00,175.2,,
2023-12-11 7:34:00,176.4,,
2023-12-10 7:48:00,176.2,,
2023-12-09 8:01:00,176.8,,
2023-12-08 7:40:00,177.4,,
2023-12-07 7:26:00,176.2,,
2023-12-06 7:44:00,175.8,,
2023-12-04 7:01:00,175.4,,
2023-12-03 7:59:00,175,,
2023-12-02 7:43:00,175.4,,
2023-12-01 7:46:00,176,,
2023-11-30 7:43:00,175.4,,
2023-11-29 7:57:00,175.2,,
2023-11-28 7:34:00,174.6,,
2023-11-27 8:06:00,174,,
2023-11-26 8:05:00,168.2,,16
2023-11-25 8:03:00,174.4,,
2023-11-24 8:03:00,174.6,,
2023-11-23 7:45:00,174,,
2023-11-22 7:48:00,174,,
2023-11-20 6:59:00,173.8,,
2023-11-19 8:12:00,174.4,,
2023-11-17 7:54:00,173.6,,
2023-11-16 7:47:00,174,,
2023-11-15 7:59:00,173.6,,
2023-11-14 7:45:00,172.6,,
2023-11-13 6:55:00,171.6,,
2023-11-12 8:09:00,173,,
2023-11-11 7:48:00,174.6,,
2023-11-09 7:28:00,173.6,,
2023-11-06 17:45:00,172.4,,16
2023-11-04 8:04:00,172.8,,
2023-11-02 8:00:00,172,,
2023-11-01 8:32:00,171.2,,
2023-10-31 6:43:00,174.6,,
2023-10-27 7:48:00,174.2,,17
2023-10-26 7:43:00,176.2,,
2023-10-24 7:41:00,172.6,,
2023-10-23 7:54:00,174,,
2023-10-22 8:09:00,174,,
2023-10-21 8:28:00,174.2,,
2023-10-20 8:07:00,174.3,,17
2023-10-19 7:53:00,174.2,,
2023-10-18 8:04:00,175.8,,
2023-10-17 7:56:00,173,,
2023-10-16 7:47:00,172.8,,
2023-10-15 8:16:00,173,,
2023-10-14 7:32:00,173.2,,
2023-10-13 7:41:00,172.4,,
2023-10-12 7:33:00,172.4,,
2023-10-11 7:52:00,173.8,,
2023-10-10 7:45:00,172.6,,
2023-10-09 7:53:00,174,,
2023-10-08 8:00:00,174.2,,
2023-10-07 8:01:00,176.8,,
2023-10-06 7:56:00,175.4,,
2023-10-05 7:42:00,174.2,,17
2023-10-04 7:39:00,173.8,,
2023-10-03 7:31:00,174.6,,
2023-10-02 7:58:00,174.6,,
2023-10-01 8:02:00,174.4,,16
2023-09-30 7:40:00,175,,
2023-09-29 7:56:00,174.8,,17
2023-09-28 7:49:00,174.8,,
2023-09-25 7:49:00,174.8,,
2023-09-24 7:52:00,174.8,,
2023-09-23 7:27:00,174.4,,
2023-09-21 7:40:00,175.4,,
2023-09-20 7:46:00,173.8,,
2023-09-19 7:44:00,175,,
2023-09-18 8:07:00,175.8,,16
2023-09-17 8:06:00,176.4,,
2023-09-16 8:05:00,177,,
2023-09-15 7:45:00,176.6,,
2023-09-14 7:54:00,175.4,,
2023-09-13 8:05:00,174.8,,
2023-09-12 8:01:00,175.2,,
2023-09-11 7:54:00,174.2,,
2023-09-10 8:10:00,175.8,,
2023-09-09 8:22:00,174.8,,
2023-09-08 7:32:00,175.2,,
2023-09-07 0:00:00,,,
2023-09-06 7:26:00,173,,
2023-09-05 7:32:00,172.8,,
2023-09-04 7:59:00,173.8,,
2023-09-03 0:00:00,,,
2023-09-02 8:09:00,172,,
2023-09-01 7:50:00,172,,
2023-08-31 7:54:00,171.6,,
2023-08-30 7:59:00,170.6,,
2023-08-29 0:00:00,,,
2023-08-28 0:00:00,,,
2023-08-27 8:06:00,172,,
2023-08-26 8:15:00,171,,
2023-08-25 0:00:00,,,
2023-08-24 7:36:00,170.2,,
2023-08-23 7:41:00,170.6,,
2023-08-22 7:58:00,170.2,,
2023-08-21 8:26:00,171.6,,
2023-08-20 8:09:00,170.2,,
2023-08-19 8:13:00,170.6,,
2023-08-18 7:56:00,170.2,,
2023-08-17 7:39:00,169.8,,
2023-08-16 7:32:00,171,,
2023-08-15 9:44:00,169.8,,
2023-08-14 7:46:00,172.6,,
2023-08-13 0:00:00,171.8,,
2023-08-12 7:58:00,171.8,,
2023-08-11 7:37:00,171.6,,
2023-08-10 0:00:00,,,
2023-08-09 7:59:00,171.8,,
2023-08-08 7:39:00,171.2,,
2023-08-07 7:35:00,171.6,,
2023-08-06 7:46:00,171,,
2023-08-05 8:17:00,170.4,,
2023-08-04 7:37:00,170.8,,
2023-08-03 7:50:00,170.6,,
2023-08-02 0:00:00,,,
2023-08-01 8:16:00,169.4,,
2023-07-31 7:52:00,169.8,,
2023-07-30 8:39:00,169.6,,16
2023-07-29 8:18:00,167.8,,
2023-07-28 8:02:00,169,,
2023-07-27 7:45:00,170.8,,
2023-07-26 7:58:00,167.6,,
2023-07-25 9:26:00,168.4,,
2023-07-24 7:55:00,168,,
2023-07-23 7:59:00,166.8,,
2023-07-22 0:00:00,,,
2023-07-21 7:52:00,166.8,,
2023-07-20 7:55:00,165.8,,
2023-07-19 8:10:00,165.6,,
2023-07-18 7:47:00,165.2,,
2023-07-17 8:22:00,165.4,,
2023-07-16 8:20:00,166,,
2023-07-15 9:34:00,167.2,,
2023-07-14 8:39:00,165.3,,
2023-07-13 9:39:00,165,,
2023-07-11 9:34:00,164.2,,
2023-07-10 8:38:00,162.2,,
2023-07-09 12:01:00,164.2,,
2023-07-02 7:57:00,166,,
2023-07-01 7:52:00,165.4,,
2023-06-30 7:50:00,165,,
2023-06-29 7:50:00,165,,
2023-06-28 7:55:00,166,,
2023-06-26 8:31:00,165.6,,
2023-06-25 8:29:00,164.6,,
2023-06-24 8:17:00,165.4,,
2023-06-23 7:41:00,165.6,,
2023-06-22 7:47:00,164.8,,
2023-06-21 8:02:00,164,,
2023-06-20 7:49:00,163.4,,
2023-06-19 8:02:00,164.4,,
2023-06-18 0:00:00,,,
2023-06-17 0:00:00,,,
2023-06-16 0:00:00,,,
2023-06-15 0:00:00,,,
2023-06-14 0:00:00,,,
2023-06-13 0:00:00,,,
2023-06-12 0:00:00,,,
2023-06-11 7:55:00,164.2,,
2023-06-10 8:16:00,163.4,,
2023-06-09 7:43:00,163.4,,
2023-06-08 7:25:00,163.5,,
2023-06-07 7:42:00,163.6,,
2023-06-06 7:50:00,163,,
2023-06-05 6:52:00,165,,
2023-06-04 7:52:00,163.6,,13
2023-06-03 7:51:00,162.6,,
2023-06-02 7:33:00,162.4,,14
2023-06-01 7:45:00,163,,
2023-05-31 7:36:00,163.4,,
2023-05-30 7:41:00,164.4,,
2023-05-29 8:24:00,165.6,,14
2023-05-28 0:00:00,,,
2023-05-27 8:40:00,164.6,,
2023-05-26 8:03:00,164.4,,
2023-05-25 8:23:00,164.8,,
2023-05-24 8:19:00,165,,
2023-05-23 8:14:00,164.6,,
2023-05-22 8:03:00,165,,14
2023-05-21 8:02:00,165.2,,
2023-05-20 8:15:00,164,,
2023-05-19 8:11:00,163.6,,
2023-05-18 8:18:00,163.4,,
2023-05-17 8:12:00,163.6,,
2023-05-16 7:56:00,162.6,,
2023-05-15 8:04:00,163.2,,
2023-05-14 8:33:00,163,,
2023-05-13 9:17:00,162,,
2023-05-12 7:55:00,163,,14
2023-05-11 8:15:00,163.2,,
2023-05-10 7:55:00,163.2,,
2023-05-09 9:36:00,161.8,,
2023-05-08 8:27:00,162.6,,
2023-05-07 8:12:00,162.2,,
2023-05-06 8:16:00,162.4,,
2023-05-05 8:13:00,161,,
2023-05-04 8:23:00,161.4,,
2023-05-03 8:30:00,160.8,,14
2023-05-02 8:16:00,160.2,,
2023-05-01 8:30:00,160.4,,
2023-04-30 8:10:00,159,,
2023-04-29 8:34:00,159,,13
2023-04-28 8:14:00,158.8,,
2023-04-27 8:14:00,157.8,,13
2023-04-26 7:33:00,159,,
2023-04-25 7:53:00,157.8,,
2023-04-24 7:27:00,156.8,,14
2023-04-23 8:53:00,157.4,,
2023-04-22 0:00:00,,,
2023-04-21 8:03:00,160.8,,15
2023-04-20 7:31:00,160.2,,13
2023-04-19 7:58:00,159.4,,14
2023-04-18 8:21:00,160.2,,14
2023-04-17 7:54:00,160.8,,
2023-04-16 8:42:00,159.8,,
2023-04-15 8:33:00,160.4,,14
2023-04-14 7:50:00,161.2,,13
2023-04-13 7:56:00,159.8,,14
2023-04-12 8:24:00,161,,13
2023-04-11 7:59:00,161.2,,
2023-04-10 7:48:00,162.4,,14
2023-04-09 0:00:00,,,
2023-04-08 0:00:00,,,
2023-04-07 8:07:00,160.4,,14
2023-04-06 8:34:00,161.2,,14
2023-04-05 8:18:00,161,,14
2023-04-04 8:20:00,161.6,,14
2023-04-03 7:37:00,161.8,,14
2023-04-02 8:17:00,161.3,,
2023-04-01 7:56:00,162,,14
2023-03-31 7:44:00,162.4,,14
2023-03-30 0:00:00,,,
2023-03-29 0:00:00,,,
2023-03-28 0:00:00,,,
2023-03-27 7:42:00,162,,14
2023-03-26 8:33:00,162.4,,14
2023-03-25 8:02:00,160.2,,13
2023-03-24 8:01:00,163.4,,14
2023-03-23 7:50:00,163,,15
2023-03-22 8:03:00,163.4,,15
2023-03-21 8:35:00,163,,14
2023-03-20 8:10:00,163.4,,15
2023-03-19 8:12:00,163.6,,14
2023-03-18 8:01:00,164.2,,15
2023-03-17 8:02:00,164,,14
2023-03-16 8:27:00,164.2,,15
2023-03-15 0:00:00,,,
2023-03-14 8:13:00,164,,
2023-03-13 8:43:00,164,,
2023-03-12 10:44:00,162,,
2023-03-11 8:28:00,164.6,,
2023-03-10 7:56:00,165,,15
2023-03-09 7:42:00,164,,16
2023-03-08 7:43:00,165.8,,
2023-03-07 8:00:00,165.8,,16
2023-03-06 8:12:00,166.6,,
2023-03-05 8:28:00,167.8,,15
2023-03-04 8:04:00,168.2,,16
2023-03-03 7:50:00,167.6,,
2023-03-02 8:09:00,167.8,,15
2023-03-01 7:54:00,166.8,,
2023-02-28 7:56:00,168,,16
2023-02-27 8:06:00,168,,16
2023-02-26 7:39:00,168.4,,
2023-02-25 8:28:00,167.4,,16
2023-02-24 11:59:00,168,,
2023-02-23 7:42:00,168.2,,
2023-02-22 0:00:00,,,
2023-02-21 8:18:00,169,,
2023-02-20 7:55:00,170.8,,
2023-02-19 8:06:00,170.6,,
2023-02-18 8:09:00,172.6,,16
2023-02-17 7:58:00,170.8,,
2023-02-16 8:14:00,170.4,,
2023-02-15 8:14:00,169.2,,16
2023-02-14 8:15:00,170.2,,
2023-02-13 8:32:00,170.4,,
2023-02-12 8:15:00,171.6,,16
2023-02-11 8:16:00,170.8,,
2023-02-06 8:11:00,170.2,,
2023-02-05 8:25:00,170.4,,
2023-02-04 9:01:00,170,,
2023-02-03 8:11:00,168.6,,
2023-02-01 8:18:00,169.6,,16
2023-01-31 8:30:00,,,17
2023-01-30 8:04:00,171,,15
2023-01-29 8:34:00,171,,16
2023-01-28 8:25:00,,,16
2023-01-26 7:44:00,169.4,,
2023-01-25 7:41:00,169,,
2023-01-24 7:53:00,169,,15
2023-01-23 8:20:00,168,,
2023-01-21 9:15:00,166.6,,
2023-01-17 9:42:00,167.8,,
2023-01-16 8:54:00,166.6,,
2023-01-15 8:30:00,168.4,,
2023-01-13 20:10:00,167.7,,
2023-01-12 8:13:00,166.6,,
2023-01-11 8:03:00,166.2,,15
2023-01-07 19:02:00,165.4,,14
2023-01-07 8:27:00,167.6,,
2023-01-06 8:06:00,166,,
2023-01-05 7:45:00,166.4,,
2023-01-04 7:57:00,166.4,,
2023-01-02 8:31:00,166.4,,16
2023-01-01 8:23:00,166.8,,14
2022-12-31 8:37:00,166.8,,
2022-12-30 8:08:00,165.2,,16
2022-12-29 7:49:00,165.2,,16
2022-12-28 8:39:00,165.6,,17
2022-12-26 8:44:00,166,,
2022-12-23 8:42:00,166.6,,
2022-12-21 8:18:00,168.8,,
2022-12-20 8:51:00,168,,15
2022-12-19 8:35:00,166.8,,15
2022-12-18 8:36:00,167.2,,13
2022-12-16 7:41:00,167.8,,15
2022-12-15 8:06:00,167.4,,15
2022-12-14 8:07:00,166.2,,16
2022-12-12 7:58:00,167.6,,
2022-12-11 8:01:00,166.8,,
2022-12-10 8:11:00,166.8,,16
2022-12-09 7:31:00,166.4,,15
2022-12-08 7:31:00,166.6,,
2022-12-05 7:39:00,167.4,,16
2022-12-02 8:12:00,166.4,,
2022-12-01 8:06:00,167.6,,
2022-11-30 7:40:00,166.2,,15
2022-11-28 7:56:00,166.2,,14
2022-11-23 7:42:00,165.6,,
2022-11-22 8:04:00,165.6,,15
2022-11-21 7:29:00,165.6,,
2022-11-20 8:26:00,165.6,,13
2022-11-19 7:42:00,165.2,,
2022-11-17 7:51:00,,,15
2022-11-16 7:36:00,164.6,,16
2022-11-14 7:22:00,165,,15
2022-11-12 7:52:00,166.4,,13
2022-11-10 7:20:00,165,,15
2022-11-09 7:34:00,164.2,,15
2022-11-08 7:24:00,164.4,,15
2022-11-07 7:38:00,164.4,,14
2022-11-06 7:40:00,164.6,,15
2022-11-05 8:10:00,165.2,,
2022-11-04 8:12:00,164.6,,15
2022-11-03 7:50:00,163.8,,15
2022-11-02 7:45:00,164.2,,14
2022-11-01 8:16:00,165.4,,15
2022-10-31 8:03:00,165.6,,14
2022-10-30 8:00:00,167.2,,
2022-10-29 8:21:00,167.6,,14
2022-10-28 7:43:00,165.4,,15
2022-10-27 8:06:00,165.4,,16
2022-10-26 7:29:00,165,,14
2022-10-25 7:49:00,166,,15
2022-10-24 8:10:00,166,,14
2022-10-23 8:04:00,165.6,,14
2022-10-22 8:12:00,164.2,,
2022-10-21 8:32:00,163.8,,14
2022-10-20 7:58:00,163.8,,14
2022-10-19 7:59:00,163.8,,14
2022-10-18 8:18:00,163.2,,
2022-10-17 7:58:00,164.2,,
2022-10-15 9:42:00,163.8,,14
2022-10-14 8:43:00,163,,
2022-10-13 7:43:00,163.4,,
2022-10-12 8:14:00,163.2,,
2022-10-11 8:15:00,162.2,,
2022-10-10 7:56:00,162.2,,
2022-10-07 8:01:00,162.4,,15
2022-10-06 7:45:00,162.2,,14
2022-10-05 7:54:00,161.6,,14
2022-10-04 8:16:00,161.6,,
2022-10-03 10:32:00,162,,
2022-09-28 8:36:00,162,,14
2022-09-27 9:37:00,164,,14
2022-09-26 8:12:00,163.4,,
2022-09-25 8:50:00,163.2,,14
2022-09-24 8:38:00,164.2,,
2022-09-22 8:04:00,163,,
2022-09-21 8:16:00,163,,
2022-09-20 8:09:00,163,,
2022-09-19 8:06:00,163,,14
2022-09-18 9:17:00,163.4,,14
2022-09-14 8:18:00,162.6,,14
2022-09-13 8:24:00,164,,13
2022-09-12 7:43:00,164,,14.5
2022-09-11 7:57:00,163.2,,12
2022-09-10 8:30:00,163.8,,
2022-09-09 8:13:00,163.6,,13
2022-09-08 7:43:00,164.6,,
2022-09-07 8:08:00,164.6,,12
2022-09-06 8:07:00,164.2,,12
2022-09-05 8:44:00,164.2,,12
2022-09-04 8:12:00,165,,12
2022-09-03 8:07:00,162.8,,11
2022-09-02 8:12:00,163,,12
2022-09-01 8:24:00,162.6,,
2022-08-31 7:55:00,163.6,,12
2022-08-30 8:08:00,162,,13
2022-08-29 8:01:00,163,,12
2022-08-26 7:51:00,161.4,,12
2022-08-25 8:01:00,161,,13
2022-08-24 7:57:00,161.2,,
2022-08-23 8:21:00,161.8,,13
2022-08-21 8:03:00,161.8,,12
2022-08-19 8:09:00,161.4,,13
2022-08-18 8:10:00,162,,12
2022-08-17 7:49:00,160.4,,11
2022-08-16 7:46:00,161,,12
2022-08-15 8:00:00,162.4,,
2022-08-14 7:59:00,163.2,,12
2022-08-13 7:46:00,163,,13
2022-08-12 8:01:00,163.2,,
2022-08-10 8:15:00,162,,
2022-08-09 8:16:00,161.8,,
2022-08-08 7:33:00,163.1,,12
2022-08-07 8:23:00,163.6,,12
2022-08-06 7:59:00,162.5,,
2022-08-05 8:56:00,161,,
2022-07-26 8:21:00,162.6,,
2022-07-24 8:47:00,164,,12
2022-07-23 8:48:00,162.4,,13
2022-07-22 9:01:00,162,,13
2022-07-21 8:50:00,162.2,,12
2022-07-18 9:02:00,162.4,,13
2022-07-17 9:26:00,161.4,,12
2022-07-14 8:13:00,161.4,,
2022-07-13 8:48:00,159.8,,
2022-07-11 7:58:00,161.8,,
2022-07-08 8:40:00,163.2,,
2022-06-29 8:01:00,159.6,,
2022-06-28 8:09:00,159.6,,
2022-06-27 8:43:00,161.4,,
2022-06-26 9:14:00,159.4,,
2022-06-22 7:53:00,160.8,,
2022-06-19 8:21:00,160.2,,
2022-06-14 8:00:00,160,,
2022-06-13 9:12:00,161.2,,
2022-06-11 8:33:00,159.4,,
2022-06-07 8:34:00,160,,
2022-06-02 8:06:00,160,,
2022-05-31 10:34:00,159.8,,
2022-05-30 8:19:00,161.4,,
2022-05-28 8:56:00,161,,
2022-05-27 8:32:00,159.6,,
2022-05-25 8:11:00,159,,
2022-05-21 7:55:00,160.4,,
2022-05-18 8:23:00,159,,
2022-05-17 8:54:00,158.2,,
2022-05-13 8:05:00,161.6,,
2022-05-12 8:48:00,158.2,,
2022-05-10 7:59:00,158,,
2022-05-09 8:14:00,157.2,,
2022-05-07 10:27:00,159.4,,
2022-05-06 8:50:00,158.8,,
2022-05-05 7:53:00,159.8,,
2022-05-04 10:11:00,158.8,,
2022-05-03 7:28:00,157.4,,
2022-04-29 8:05:00,158.6,,
2022-04-21 8:27:00,158.2,,
2022-04-19 8:48:00,158.8,,
2022-04-18 8:37:00,157.6,,
2022-04-14 8:09:00,159.4,,
2022-04-08 8:57:00,157.8,,
2022-04-05 8:37:00,157.4,,
2022-04-04 8:10:00,158.8,,
2022-03-31 8:35:00,158.2,,
2022-03-26 9:08:00,158.8,,
2022-03-18 8:51:00,157.2,,
2022-03-17 8:49:00,157.6,,
2022-03-13 9:41:00,157,,
2022-03-10 7:30:00,159.6,,
2022-03-08 7:51:00,158.2,,
2022-03-01 7:54:00,157.6,,
2022-02-25 7:56:00,157.4,,
2022-02-22 8:23:00,157.2,,
2022-02-20 9:30:00,157.8,,
2022-02-16 8:55:00,158,,
2022-02-15 8:46:00,158.8,,
2022-02-13 8:06:00,158.8,,
2022-02-10 8:39:00,157.2,,
2022-02-08 7:49:00,157.4,,
2022-02-02 8:35:00,157,,
2022-02-01 11:10:00,157.2,,
2022-01-11 8:27:00,155,,
2022-01-09 8:36:00,156,,
2022-01-04 8:03:00,156.6,,
2022-01-03 8:19:00,157.6,,
2022-01-02 8:20:00,157.4,,
2021-12-28 8:47:00,155.8,,
2021-12-27 9:02:00,157,,
2021-12-24 9:00:00,153.2,,
2021-12-13 8:26:00,156.4,,
2021-12-10 8:03:00,154.6,,
2021-12-06 7:50:00,153.6,,
2021-12-03 8:17:34,155,,
2021-11-22 8:34:00,157.6,,
2021-11-21 8:39:00,156.8,,
2021-11-08 7:57:00,157.4,,
2021-11-05 8:14:00,156,,
2021-11-02 8:33:00,156,,
2021-11-01 9:18:00,157.8,,
2021-10-26 8:41:00,157.6,,
2021-10-21 8:37:00,156.8,,
2021-10-18 9:28:00,156.8,,
2021-10-11 8:11:00,160.4,,
2021-10-05 8:08:00,160.4,,
2021-10-04 8:10:00,160.8,,
2021-09-28 9:37:00,159.2,,
2021-09-24 8:02:00,159.8,,
2021-09-17 8:51:00,159.6,,
2021-09-10 7:26:00,160.4,,
2021-09-09 7:40:00,161.2,,
2021-09-08 7:59:00,160.8,,
2021-09-06 8:07:00,160.4,,
2021-09-03 7:52:00,161.2,,
2021-09-02 7:40:00,160.8,,
2021-09-01 7:58:00,160.8,,
2021-08-30 8:09:00,161.6,,
2021-08-27 7:48:00,162.4,,
2021-08-23 7:40:00,161.8,,
2021-08-22 7:40:00,162.4,,
2021-08-18 7:10:00,160.9,,
2021-08-16 7:30:00,163,,
2021-08-11 8:12:00,163.6,,
2021-08-09 8:02:00,163.4,,
2021-08-03 9:56:41,163.4,,
2021-08-01 8:22:14,163.6,,
2021-07-31 7:44:47,162.4,,
2021-07-30 7:46:33,162.6,,
2021-07-23 8:28:00,163.4,,
2021-07-22 7:58:17,163.6,,
2021-07-20 7:48:41,163.8,,
2021-07-19 8:08:44,165.2,,
2021-07-18 8:22:21,164.6,,
2021-07-15 8:21:15,163,,
2021-07-13 8:18:04,163,,
2021-07-11 7:47:16,163.2,,
2021-07-05 8:25:12,164.2,,
2021-07-04 10:07:26,162.6,,
2021-06-28 7:30:55,164.6,,
2021-06-26 7:58:55,164.4,,
2021-06-25 8:00:00,164.4,,
2021-06-23 8:39:24,164.2,,
2021-06-18 7:59:08,163,,
2021-06-09 8:17:26,164.4,,
2021-06-07 8:17:10,164,,
2021-06-04 7:52:07,163.4,,
2021-05-31 9:03:54,165.4,,
2021-05-28 8:19:31,163.8,,
2021-05-18 8:54:50,163.2,,
2021-05-17 8:54:57,163.8,,
2021-04-26 8:30:42,164.4,,
2021-04-23 9:21:24,163.8,,
2021-04-20 8:08:10,163.6,,
2021-04-16 15:05:30,163.8,,
2021-04-15 8:19:27,164.4,,
2021-04-14 7:35:08,164.2,,
2021-04-12 7:34:59,164.6,,
2021-03-03 8:12:35,161.6,,
2021-02-15 8:26:24,160.2,,
2020-11-19 7:58:19,161.6,,
2020-10-28 8:43:18,159.8,,
2020-10-19 8:06:36,161.4,,
2020-09-23 7:51:45,160.4,,
2020-09-04 8:41:39,160.4,,
2020-08-24 8:33:46,159.8,,
2020-08-20 8:14:23,159.4,,
2020-08-04 8:07:30,160.4,,
2020-07-29 8:20:38,161.2,,
2020-07-28 8:46:11,161.6,,
2020-07-27 8:46:46,161.6,,
2020-07-13 7:51:08,162.4,,
2020-07-06 8:21:32,162.2,,
2020-05-20 8:22:26,164.2,,
2020-04-13 8:05:57,163.2,,
2019-12-30 7:39:44,163.4,,
2019-10-08 0:00:00,167.6,,
2019-09-30 0:00:00,166.8,,
2019-09-16 0:00:00,168.2,,
2019-09-06 0:00:00,167.6,,
2019-09-03 0:00:00,167.2,,
2019-08-30 0:00:00,167.2,,
2019-08-29 0:00:00,168.2,,
2019-08-25 0:00:00,167.6,,
2019-08-13 0:00:00,167.8,,
2019-08-06 0:00:00,170,,
2019-08-02 0:00:00,170.8,,
2019-08-01 0:00:00,171,,
2019-07-29 0:00:00,171.8,,
2019-07-26 0:00:00,172,,
2019-07-25 0:00:00,171,,
2019-07-23 0:00:00,171.8,,
2019-07-18 0:00:00,,,
2019-07-17 0:00:00,,,
2019-07-16 0:00:00,171.2,,
2019-07-15 0:00:00,,,
2019-07-14 0:00:00,173,,
2019-07-13 0:00:00,,,
2019-07-12 0:00:00,,,
2019-07-11 0:00:00,,,
2019-07-10 0:00:00,,,
2019-07-09 0:00:00,169,,
2019-07-08 0:00:00,170.6,,
2019-06-29 0:00:00,174.6,,
2019-06-22 0:00:00,174.4,,
2019-06-14 0:00:00,175.6,,
2019-06-12 0:00:00,175,,
2019-06-11 0:00:00,174.8,,
2019-06-10 0:00:00,176.4,,
2019-06-09 0:00:00,,,
2019-06-08 0:00:00,176.6,,
2019-06-07 0:00:00,175.4,,
2019-06-06 0:00:00,176,,
2019-06-05 0:00:00,176.2,,
2019-06-04 0:00:00,,,
2019-06-03 0:00:00,176.2,,
2019-06-02 0:00:00,175.4,,
2019-06-01 0:00:00,,,
2019-05-31 0:00:00,176.2,,
2019-05-30 0:00:00,,,
2019-05-29 0:00:00,,,
2019-05-28 0:00:00,177.4,,
2019-05-27 0:00:00,,,
2019-05-26 0:00:00,,,
2019-05-25 0:00:00,,,
2019-05-24 0:00:00,,,
2019-05-23 0:00:00,,,
2019-05-22 0:00:00,,,
2019-05-21 0:00:00,,,
2019-05-20 0:00:00,178.6,,
2019-05-19 0:00:00,,,
2019-05-18 0:00:00,180.4,,
2019-05-17 0:00:00,,,
2019-05-16 0:00:00,,,
2019-05-15 0:00:00,,,
2019-05-14 0:00:00,177.6,,
2019-05-13 0:00:00,,,
2019-05-12 0:00:00,,,
2019-05-11 0:00:00,,,
2019-05-10 0:00:00,178.2,,
2019-05-09 0:00:00,,,
2019-05-08 0:00:00,,,
2019-05-07 0:00:00,,,
2019-05-06 0:00:00,177.4,,
2019-05-05 0:00:00,,,
2019-05-04 0:00:00,,,
2019-05-03 0:00:00,177,,
2019-05-02 0:00:00,,,
2019-05-01 0:00:00,177.8,,
2019-04-30 0:00:00,,,
2019-04-29 0:00:00,177.4,,
2019-04-28 0:00:00,,,
2019-04-27 0:00:00,,,
2019-04-26 0:00:00,,,
2019-04-25 0:00:00,178,,
2019-04-24 0:00:00,,,
2019-04-23 0:00:00,,,
2019-04-22 0:00:00,177,,
2019-04-21 0:00:00,,,
2019-04-20 0:00:00,,,
2019-04-19 0:00:00,,,
2019-04-16 0:00:00,178,,
2019-04-14 0:00:00,178,,
2019-03-27 0:00:00,176,,
2019-03-25 0:00:00,178,,
2019-03-23 0:00:00,,,
2019-03-22 0:00:00,,,
2019-03-21 0:00:00,,,
2019-03-20 0:00:00,,,
2019-03-19 0:00:00,,,
2019-03-18 0:00:00,177,,
2019-03-17 0:00:00,,,
2019-03-16 0:00:00,,,
2019-03-10 0:00:00,176.2,,
2019-03-05 0:00:00,176.8,,
2019-02-25 0:00:00,177.2,,
2019-02-23 0:00:00,176.8,,
2019-02-22 0:00:00,177.2,,
2019-02-19 0:00:00,174.8,,
2019-02-15 0:00:00,178.6,,
2019-02-10 0:00:00,176.8,,
2019-02-07 0:00:00,176.2,,
2019-02-04 0:00:00,174.4,,
2019-02-03 0:00:00,176.4,,
2019-02-02 0:00:00,177.4,,
2019-01-29 0:00:00,175.4,,
2019-01-22 0:00:00,177.2,,
2019-01-20 0:00:00,177.4,,
2019-01-14 0:00:00,175.8,,
2019-01-11 0:00:00,178.4,,
2019-01-04 0:00:00,176.8,,
2019-01-02 0:00:00,177,,
2018-12-29 0:00:00,175.8,,
2018-12-24 0:00:00,177.6,,
2018-12-23 0:00:00,178,,
2018-12-20 0:00:00,177.6,,
2018-12-19 0:00:00,179,,
2018-12-18 0:00:00,176.6,,
2018-12-15 0:00:00,177.6,,
2018-12-14 0:00:00,175.8,,
2018-12-11 0:00:00,177.2,,
2018-12-04 0:00:00,172.6,,
2018-11-28 0:00:00,173.6,,
2018-11-15 0:00:00,173.2,,
2018-11-08 0:00:00,175.8,,
2018-11-07 0:00:00,173.6,,
2018-11-04 12:25:59,172,,
2018-11-03 0:00:00,172,,15.6
2018-10-31 0:00:00,173.6,,
2018-10-25 0:00:00,173.4,,
2018-10-23 0:00:00,173.8,,15
2018-10-18 0:00:00,174.6,,15.6
2018-10-16 0:00:00,175.4,,17.8
2018-10-13 14:19:07,175.6,,
2018-09-27 0:00:00,177.4,,
2018-09-16 0:00:00,,,
2018-09-15 0:00:00,,,
2018-09-14 0:00:00,,,
2018-09-13 0:00:00,174.6,,
2018-09-12 0:00:00,175,,
2018-09-11 0:00:00,,,
2018-09-10 0:00:00,175.6,,
2018-09-09 0:00:00,,,
2018-09-08 0:00:00,,,
2018-09-07 0:00:00,,,
2018-09-06 0:00:00,175.6,,
2018-09-05 0:00:00,175.4,,
2018-09-04 0:00:00,177.2,,
2018-09-03 0:00:00,,,
2018-09-02 0:00:00,,,
2018-09-01 0:00:00,,,
2018-08-31 0:00:00,,,
2018-08-30 0:00:00,176.6,,
2018-08-29 0:00:00,,,
2018-08-28 0:00:00,176.2,,15.2
2018-08-27 0:00:00,,,
2018-08-26 0:00:00,,,
2018-08-25 0:00:00,,,
2018-08-24 0:00:00,,,
2018-08-23 0:00:00,,,
2018-08-22 0:00:00,,,
2018-08-21 0:00:00,179.6,,
2018-08-20 0:00:00,176,,
2018-08-19 0:00:00,,,
2018-08-18 0:00:00,,,
2018-08-17 0:00:00,178.2,,15.5
2018-08-16 0:00:00,178.4,,14.3
2018-08-15 0:00:00,177.4,,
2018-08-14 0:00:00,,,
2018-08-13 0:00:00,,,14.9
2018-08-12 0:00:00,,,
2018-08-11 0:00:00,,,
2018-08-10 0:00:00,,,
2018-08-09 0:00:00,,,
2018-08-08 0:00:00,174.8,,
2018-08-07 0:00:00,175.6,,17.3
2018-08-06 0:00:00,,,
2018-08-05 0:00:00,178,,14.3
2018-08-04 0:00:00,,,
2018-08-03 0:00:00,177.4,,16
2018-08-02 0:00:00,,,
2018-08-01 0:00:00,176.6,,13.1
2018-07-31 0:00:00,177,,16
2018-07-30 0:00:00,178,,15
2018-07-29 0:00:00,,,
2018-07-28 0:00:00,,,
2018-07-27 0:00:00,179,,16.1
2018-07-26 0:00:00,177,,13.5
2018-07-25 0:00:00,,,14.8
2018-07-24 0:00:00,,,
2018-07-23 0:00:00,177,,15.1
2018-07-22 0:00:00,,,
2018-07-21 0:00:00,177,,14.9
2018-07-20 0:00:00,178,,15.6
2018-07-19 0:00:00,,,
2018-07-18 0:00:00,177,,
2018-07-17 0:00:00,,,
2018-07-16 0:00:00,179.4,,
2018-07-15 0:00:00,,,
2018-07-14 0:00:00,174.8,,
2018-07-13 0:00:00,176.8,,
2018-07-12 0:00:00,177.4,,
2018-07-11 0:00:00,,,
2018-07-10 0:00:00,,,
2018-07-09 0:00:00,175.8,,
2018-07-08 0:00:00,,,
2018-07-07 0:00:00,176.4,,
2018-07-06 0:00:00,177.4,,
2018-07-05 0:00:00,,,
2018-07-04 0:00:00,,,
2018-07-03 0:00:00,,,
2018-07-02 0:00:00,,,
2018-07-01 0:00:00,,,
2018-06-30 0:00:00,,,
2018-06-29 0:00:00,177,,
2018-06-28 0:00:00,,,
2018-06-27 0:00:00,176.6,,
2018-06-26 0:00:00,,,
2018-06-25 0:00:00,177.4,,
2018-06-24 0:00:00,,,
2018-06-23 0:00:00,,,
2018-06-22 0:00:00,,,
2018-06-21 0:00:00,178.2,,
2018-06-20 0:00:00,,,
2018-06-19 0:00:00,177.4,,
2018-06-18 0:00:00,,,
2018-06-17 0:00:00,177.2,,
2018-06-15 0:00:00,179,,
2018-06-12 0:00:00,176.4,,
2018-06-11 0:00:00,174.4,,
2018-06-09 0:00:00,176.4,,
2018-06-08 0:00:00,176.6,,
2018-06-06 0:00:00,175.4,,
2018-06-05 0:00:00,176,,14.7
2018-06-04 0:00:00,177.4,,
2018-05-29 0:00:00,175.2,,
2018-05-28 0:00:00,176.8,,
2018-05-19 0:00:00,172.8,,
2018-05-04 0:00:00,174.8,,15.8
2018-04-30 0:00:00,,,16.4
2018-04-23 0:00:00,175.4,,
2018-04-22 0:00:00,,,
2018-04-21 0:00:00,,,
2018-04-20 0:00:00,,,
2018-04-19 0:00:00,,,
2018-04-18 0:00:00,172.4,,
2018-04-17 0:00:00,,,
2018-04-16 0:00:00,174.8,,
2018-04-15 0:00:00,,,
2018-04-14 0:00:00,,,
2018-04-13 0:00:00,,,
2018-04-12 0:00:00,,,
2018-04-11 0:00:00,,,
2018-04-10 0:00:00,175.8,,
2018-04-09 0:00:00,,,
2018-04-08 0:00:00,,,
2018-04-07 0:00:00,,,
2018-04-06 0:00:00,176.2,,
2018-04-05 0:00:00,,,
2018-04-04 0:00:00,,,
2018-04-03 0:00:00,,,
2018-04-02 0:00:00,,,
2018-04-01 0:00:00,,,
2018-03-31 0:00:00,,,
2018-03-30 0:00:00,,,
2018-03-29 0:00:00,,,
2018-03-28 0:00:00,180.8,,
2018-03-27 0:00:00,,,
2018-03-26 0:00:00,180.8,,
2018-03-25 0:00:00,,,
2018-03-24 0:00:00,,,
2018-03-23 0:00:00,181.4,,
2018-03-22 0:00:00,181.6,,
2018-03-21 0:00:00,180,,
2018-03-20 0:00:00,180.2,,
2018-03-19 0:00:00,182.8,,
2018-03-18 0:00:00,180.8,,
2018-03-17 0:00:00,184.6,,
2018-03-16 0:00:00,,,
2018-03-15 0:00:00,184.8,,
2018-03-14 0:00:00,184.2,,
2018-03-13 0:00:00,,,
2018-03-12 0:00:00,,,
2018-03-11 0:00:00,,,
2018-03-10 0:00:00,,,
2018-03-09 0:00:00,,,18
2018-03-08 0:00:00,181.6,,
2018-03-07 0:00:00,,,
2018-03-06 0:00:00,,,
2018-03-05 0:00:00,,,
2018-03-04 0:00:00,,,
2018-03-03 0:00:00,,,
2018-03-02 0:00:00,,,
2018-03-01 0:00:00,,,
2018-02-28 0:00:00,,,
2018-02-27 0:00:00,,,
2018-02-26 0:00:00,,,
2018-02-25 0:00:00,,,
2018-02-24 0:00:00,,,
2018-02-23 0:00:00,,,
2018-02-22 0:00:00,,,
2018-02-21 0:00:00,183.6,,
2018-02-20 0:00:00,187,,
2018-02-19 0:00:00,,,
2018-02-18 0:00:00,,,
2018-02-17 0:00:00,,,
2018-02-16 0:00:00,187.6,,
2018-02-15 0:00:00,186.8,,
2018-02-14 0:00:00,,,
2018-02-13 0:00:00,,,
2018-02-12 0:00:00,,,
2018-02-11 0:00:00,,,
2018-02-10 0:00:00,,,
2018-02-09 0:00:00,,,
2018-02-08 0:00:00,,,
2018-02-07 0:00:00,,,
2018-02-06 0:00:00,185.6,,
2018-02-05 0:00:00,,,
2018-02-04 0:00:00,,,
2018-02-03 0:00:00,,,
2018-02-02 0:00:00,,,
2018-02-01 0:00:00,,,
2018-01-31 0:00:00,,,
2018-01-30 0:00:00,,,
2018-01-29 0:00:00,,,
2018-01-28 0:00:00,,,
2018-01-27 0:00:00,,,
2018-01-26 0:00:00,183.8,,
2018-01-25 0:00:00,,,
2018-01-24 0:00:00,182,,
2018-01-23 0:00:00,181.2,,
2018-01-22 0:00:00,181.8,,
2018-01-21 0:00:00,,,
2018-01-20 0:00:00,181.8,,
2018-01-19 0:00:00,182.6,,
2018-01-18 0:00:00,181.2,,
2018-01-17 0:00:00,,,
2018-01-16 0:00:00,183.2,,
2018-01-15 0:00:00,184.6,,
2018-01-14 0:00:00,,,
2018-01-13 0:00:00,185.6,,
2018-01-12 0:00:00,,,
2018-01-11 0:00:00,183.2,,
2018-01-10 0:00:00,182.6,,
2018-01-09 0:00:00,183.4,,
2018-01-08 0:00:00,,,
2018-01-07 0:00:00,,,
2018-01-06 0:00:00,,,
2018-01-05 0:00:00,,,
2018-01-04 0:00:00,,,
2018-01-03 0:00:00,,,
2018-01-02 0:00:00,181.4,,
2018-01-01 0:00:00,,,
2017-12-31 0:00:00,,,
2017-12-30 0:00:00,183.4,,
2017-12-29 0:00:00,,,
2017-12-28 0:00:00,183.8,,
2017-12-27 0:00:00,,,
2017-12-26 0:00:00,,,
2017-12-25 0:00:00,,,
2017-12-24 0:00:00,,,
2017-12-23 0:00:00,,,
2017-12-22 0:00:00,,,
2017-12-21 0:00:00,181.6,,
2017-12-20 0:00:00,181.2,,
2017-12-19 0:00:00,,,
2017-12-18 0:00:00,,,
2017-12-17 0:00:00,,,
2017-12-16 0:00:00,,,
2017-12-15 0:00:00,178.4,,
2017-12-14 0:00:00,,,
2017-12-13 0:00:00,,,
2017-12-12 0:00:00,178.6,,
2017-12-11 0:00:00,,,
2017-12-10 0:00:00,179,,
2017-12-09 0:00:00,180,,
2017-12-08 0:00:00,,,
2017-12-07 0:00:00,,,
2017-12-06 0:00:00,,,
2017-12-05 0:00:00,,,
2017-12-04 0:00:00,179.8,,
2017-12-03 0:00:00,,,
2017-12-02 0:00:00,182,,
2017-12-01 0:00:00,,,
2017-11-30 0:00:00,,,
2017-11-29 0:00:00,179.8,,
2017-11-28 0:00:00,179.8,,
2017-11-27 0:00:00,,,
2017-11-26 0:00:00,,,
2017-11-25 0:00:00,179.8,,
2017-11-24 0:00:00,,,
2017-11-23 0:00:00,180.8,,
2017-11-22 0:00:00,,,
2017-11-21 0:00:00,181.4,,
2017-11-20 0:00:00,,,
2017-11-19 0:00:00,,,
2017-11-18 0:00:00,,,
2017-11-17 0:00:00,,,
2017-11-16 0:00:00,179.2,,
2017-11-15 0:00:00,,,
2017-11-14 0:00:00,,,
2017-11-13 0:00:00,,,
2017-11-12 0:00:00,,,
2017-11-11 0:00:00,175.6,,
2017-11-10 0:00:00,,,
2017-11-09 0:00:00,,,
2017-11-08 0:00:00,,,
2017-11-07 0:00:00,177.2,,
2017-11-06 0:00:00,,,
2017-11-05 0:00:00,175.4,,
2017-11-04 0:00:00,173.8,,20
2017-11-02 0:00:00,174.8,,
2017-11-01 0:00:00,174,,
2017-10-30 0:00:00,177.2,,
2017-10-27 0:00:00,175.8,,
2017-10-26 0:00:00,176.8,,
2017-10-23 0:00:00,176.6,,
2017-10-22 0:00:00,177.8,,
2017-10-21 0:00:00,175.6,,
2017-10-19 0:00:00,174.4,,
2017-10-18 0:00:00,173.4,,
2017-10-16 0:00:00,173.8,,
2017-10-13 0:00:00,174.2,,
2017-10-10 0:00:00,173.8,,
2017-10-09 0:00:00,172.8,,
2017-10-08 0:00:00,174,,
2017-10-07 0:00:00,172.4,,
2017-10-04 0:00:00,171.4,,
2017-10-03 0:00:00,171.8,,
2017-09-28 0:00:00,170.8,,
2017-09-26 0:00:00,170.4,,
2017-09-19 0:00:00,170.8,,
2017-09-18 0:00:00,171,,
2017-09-17 0:00:00,170.8,,
2017-09-15 0:00:00,167.6,,
2017-09-13 0:00:00,168.6,,
2017-09-08 0:00:00,169.6,,
2017-09-06 0:00:00,170.8,,
2017-09-05 0:00:00,172,,
2017-09-04 0:00:00,172.6,,
2017-08-31 0:00:00,170,,
2017-08-30 0:00:00,170,,
2017-08-28 0:00:00,170.6,,
2017-08-26 0:00:00,171,,
2017-08-25 0:00:00,172.4,,
2017-08-22 0:00:00,174.2,,
2017-08-17 0:00:00,171.4,,
2017-08-14 0:00:00,172.6,,
2017-08-11 0:00:00,171.2,,
2017-08-10 0:00:00,170.6,,
2017-08-09 0:00:00,171.2,,
2017-08-07 0:00:00,171.8,,
2017-08-04 0:00:00,171,,9.9
2017-08-03 0:00:00,171,,9.6
2017-08-02 0:00:00,169.8,,
2017-08-01 0:00:00,171.2,,12
2017-07-31 0:00:00,172.6,,
2017-07-30 0:00:00,170.2,,
2017-07-29 0:00:00,170.2,,9.8
2017-07-28 0:00:00,168.2,,
2017-07-27 0:00:00,170.4,,10.8
2017-07-26 0:00:00,171,,
2017-07-25 0:00:00,170.4,,
2017-07-24 0:00:00,170.2,,
2017-07-21 0:00:00,169.4,,
2017-07-19 0:00:00,170.2,,
2017-07-18 0:00:00,169.8,,11.3
2017-07-14 0:00:00,169.2,,
2017-07-13 0:00:00,168.2,,12
2017-07-08 0:00:00,171.4,,
2017-07-07 0:00:00,169.8,,
2017-07-06 0:00:00,170.8,,8.9
2017-07-05 0:00:00,170,,11.2
2017-07-04 0:00:00,169.4,,10.2
2017-07-03 0:00:00,169.2,,
2017-07-02 0:00:00,167.4,,11.4
2017-06-30 0:00:00,169.4,,
2017-06-29 0:00:00,167.6,,
2017-06-28 0:00:00,165.4,,11.8
2017-06-27 0:00:00,166.2,,
2017-06-26 0:00:00,168.4,,
2017-06-25 0:00:00,168,,10.8
2017-06-24 0:00:00,166.2,,
2017-06-23 0:00:00,167.6,,
2017-06-22 0:00:00,166,,11.1
2017-06-20 0:00:00,166.2,,
2017-06-19 0:00:00,167.6,,
2017-06-16 0:00:00,166,,
2017-06-15 0:00:00,166,,
2017-06-14 0:00:00,166,,
2017-06-13 0:00:00,164.4,,
2017-06-11 0:00:00,165.6,,
2017-06-09 0:00:00,164.4,,
2017-06-08 0:00:00,164,,
2017-06-07 0:00:00,164.6,,
2017-06-04 0:00:00,168.4,,
2017-06-03 0:00:00,167,,
2017-06-01 0:00:00,166,,
2017-05-31 0:00:00,166.6,,
2017-05-30 0:00:00,167,,
2017-05-29 0:00:00,167.6,,
2017-05-25 0:00:00,165.8,,
2017-05-23 0:00:00,167,,
2017-05-22 0:00:00,168.6,,
2017-05-21 0:00:00,168.4,,
2017-05-19 0:00:00,168.6,,
2017-05-18 0:00:00,167.6,,
2017-05-17 0:00:00,167.8,,
2017-05-16 0:00:00,169.2,,
2017-05-15 0:00:00,170.8,,
2017-05-14 0:00:00,169.8,,
2017-05-13 0:00:00,168.8,,
2017-05-12 0:00:00,169.4,,
2017-05-11 0:00:00,168.8,,
2017-05-10 0:00:00,169.4,,
2017-05-09 0:00:00,170,,
2017-05-08 0:00:00,170.4,,
2017-05-06 0:00:00,169.2,,
2017-05-05 0:00:00,168.4,,
2017-05-04 0:00:00,170.6,,
2017-05-03 0:00:00,171.4,,
2017-05-02 0:00:00,170,,
2017-05-01 0:00:00,170.4,,
2017-04-30 0:00:00,171.4,,
2017-04-28 0:00:00,171,,
2017-04-27 0:00:00,172.6,,
2017-04-26 0:00:00,171.8,,
2017-04-25 0:00:00,171.6,,
2017-04-24 0:00:00,172.2,,
2017-04-23 0:00:00,171.8,,
2017-04-21 0:00:00,171,,
2017-04-20 0:00:00,171.4,,
2017-04-19 0:00:00,172.6,,
2017-04-17 0:00:00,173.4,,
2017-04-14 0:00:00,173.6,,
2017-04-13 0:00:00,174.6,,
2017-04-12 0:00:00,176.2,,
2017-04-11 0:00:00,175.4,,
2017-04-10 0:00:00,175.6,,
2017-04-07 0:00:00,174.8,,
2017-04-06 0:00:00,175.8,,
2017-04-04 0:00:00,179.2,,
2017-04-02 0:00:00,178.4,,
2017-04-01 0:00:00,176.6,,
2017-03-31 0:00:00,176.2,,
2017-03-30 0:00:00,175.6,,
2017-03-29 0:00:00,177.4,,
2017-03-28 0:00:00,178.2,,
2017-03-16 0:00:00,177.6,,
2017-03-15 0:00:00,178.8,,
2017-03-14 0:00:00,179.4,,
2017-03-13 0:00:00,179,,
2017-03-09 0:00:00,182.6,,
2017-03-08 0:00:00,181.8,,
2017-03-02 0:00:00,181,,
2017-03-01 0:00:00,181.8,,
2017-02-27 0:00:00,182.8,,
2017-02-24 0:00:00,182.8,,
2017-02-23 0:00:00,182.4,,
2017-02-22 0:00:00,184,,
2017-02-21 0:00:00,182,,
2017-02-20 0:00:00,181.2,,
2017-02-17 0:00:00,182.8,,
2017-02-16 0:00:00,182.4,,
2017-02-15 0:00:00,183.2,,
2017-02-14 0:00:00,182.6,,
2017-02-11 0:00:00,188,,
2017-02-10 0:00:00,182.8,,
2017-02-09 0:00:00,182.4,,
2017-02-08 0:00:00,184.2,,
2017-02-06 0:00:00,183,,
2017-02-02 0:00:00,180.6,,
2017-02-01 0:00:00,181,,
2017-01-31 0:00:00,181,,
2017-01-30 0:00:00,181.2,,
2017-01-27 0:00:00,182.2,,
2017-01-25 0:00:00,178.6,,
2017-01-23 0:00:00,182.4,,
2017-01-22 0:00:00,180.6,,
2017-01-20 0:00:00,179.4,,
2017-01-19 0:00:00,179.2,,
2017-01-16 0:00:00,178.6,,
2017-01-14 0:00:00,179.4,,
2017-01-13 0:00:00,177.8,,
2017-01-11 0:00:00,177.8,,
2017-01-10 0:00:00,177.4,,
2017-01-09 0:00:00,179.6,,
2017-01-06 0:00:00,176.8,,
2017-01-05 0:00:00,175.6,,
2017-01-03 0:00:00,175.4,,
2016-12-30 0:00:00,175.4,,
2016-12-23 0:00:00,177.4,,
2016-12-22 0:00:00,175.4,,
2016-12-21 0:00:00,174.8,,
2016-12-20 0:00:00,174,,
2016-12-09 0:00:00,176,,
2016-12-04 0:00:00,175.2,,
2016-11-28 0:00:00,177,,
2016-11-24 0:00:00,174.4,,
2016-11-23 0:00:00,176.8,,
2016-11-22 0:00:00,174.6,,
2016-11-18 0:00:00,175.6,,
2016-11-14 0:00:00,174.6,,
2016-11-13 0:00:00,176.6,,
2016-11-12 0:00:00,173.6,,
2016-11-01 0:00:00,173.6,,
2016-10-31 0:00:00,173,,
2016-10-24 0:00:00,171.8,,
2016-10-18 0:00:00,169,,
2016-10-17 0:00:00,170.4,,
2016-10-15 0:00:00,170.8,,
2016-10-14 0:00:00,168.4,,
2016-10-12 0:00:00,168.4,,
2016-10-09 0:00:00,173,,
2016-10-06 0:00:00,169,,
2016-10-03 0:00:00,170.4,,
2016-10-02 0:00:00,169.2,,
2016-10-01 0:00:00,168.6,,
2016-09-30 0:00:00,169.2,,
2016-09-24 0:00:00,167.8,,
2016-09-21 0:00:00,167.6,,
2016-09-20 0:00:00,169.4,,
2016-09-16 0:00:00,168.6,,
2016-09-15 0:00:00,171.6,,
2016-09-14 0:00:00,169.8,,
2016-09-13 0:00:00,168.6,,
2016-09-12 0:00:00,169.8,,
2016-09-09 0:00:00,168.2,,
2016-09-08 0:00:00,167.4,,
2016-09-06 0:00:00,167.2,,
2016-09-05 0:00:00,168.4,,
2016-09-04 0:00:00,168.2,,
2016-09-03 0:00:00,168.2,,
2016-09-02 0:00:00,164.8,,
2016-08-31 0:00:00,166.8,,
2016-08-30 0:00:00,167.6,,
2016-08-29 0:00:00,166.8,,
2016-08-25 0:00:00,166.4,,
2016-08-24 0:00:00,165.2,,
2016-08-22 0:00:00,167.6,,
2016-08-20 0:00:00,165,,
2016-08-19 0:00:00,166.2,,
2016-08-18 0:00:00,164.8,,
2016-08-17 0:00:00,166.4,,
2016-08-16 0:00:00,166.2,,
2016-08-15 0:00:00,167.2,,
2016-08-13 0:00:00,164,,
2016-08-12 0:00:00,165.5,,
2016-08-11 0:00:00,163.8,,
2016-08-09 0:00:00,164,,
2016-08-06 0:00:00,165.6,14.2,
2016-08-05 0:00:00,169,14.7,
2016-08-03 0:00:00,166.4,,
2016-08-02 0:00:00,167.6,,
2016-07-30 0:00:00,166.8,,
2016-07-29 0:00:00,166.8,,
2016-07-28 0:00:00,166,,
2016-07-26 0:00:00,166.4,,
2016-07-25 0:00:00,166.6,,
2016-07-24 0:00:00,166.8,,
2016-07-23 11:57:11,168,,
2016-07-21 0:00:00,167.4,,
2016-07-20 0:00:00,,12.2,
2016-07-19 0:00:00,,13.1,
2016-07-18 0:00:00,166.6,,
2016-07-14 0:00:00,165.4,,
2016-07-13 0:00:00,167.6,,
2016-07-11 0:00:00,165.8,,
2016-07-09 0:00:00,169.8,,
2016-07-08 0:00:00,167.8,,
2016-07-07 0:00:00,168.2,,
2016-07-06 6:00:18,168,13.1,
2016-07-04 0:00:00,167.6,,
2016-07-03 0:00:00,167.8,,
2016-07-02 0:00:00,167.2,,
2016-06-28 0:00:00,167.6,,
2016-06-27 0:00:00,167.8,14,
2016-06-26 0:00:00,168.8,,
2016-06-25 0:00:00,167.8,11.4,
2016-06-24 0:00:00,165.4,13.3,
2016-06-23 0:00:00,165.6,,
2016-06-22 0:00:00,,13.2,
2016-06-21 0:00:00,165.8,13.4,
2016-06-20 0:00:00,167.8,12.4,
2016-06-19 0:00:00,166.4,13.7,
2016-06-17 0:00:00,166.2,13.5,
2016-06-16 0:00:00,164.8,,
2016-06-15 0:00:00,167,,
2016-06-13 0:00:00,166.2,,
2016-06-12 0:00:00,164.6,,
2016-06-02 0:00:00,167.6,,
2016-06-01 0:00:00,167,,
2016-05-31 0:00:00,167.6,,
2016-05-30 0:00:00,168.8,,
2016-05-29 0:00:00,169.2,,
2016-05-28 0:00:00,169,,
2016-05-26 0:00:00,170.4,,
2016-05-24 0:00:00,168.8,,
2016-05-23 0:00:00,174.8,,
2016-05-22 0:00:00,172.8,,
2016-05-20 0:00:00,170.8,,
2016-05-18 0:00:00,172.4,,
2016-05-17 0:00:00,171.6,,
2016-05-16 0:00:00,174.4,,
2016-05-15 0:00:00,171,,
2016-05-14 0:00:00,170.8,,
2016-05-13 0:00:00,173.6,,
2016-05-12 0:00:00,174.8,,
2016-05-11 0:00:00,171.2,,
2016-05-10 0:00:00,172.8,,
2016-05-09 0:00:00,176.8,,
2016-05-07 0:00:00,174,,
2016-05-06 0:00:00,176.8,,
2016-05-05 0:00:00,174.2,,
2016-05-02 0:00:00,176.4,,
2016-05-01 0:00:00,175,,
2016-04-30 0:00:00,174,,
2016-04-27 0:00:00,175.6,,
2016-04-26 0:00:00,173.8,,
2016-04-25 0:00:00,175.2,,
2016-04-24 0:00:00,175.2,,
2016-04-23 0:00:00,174.4,,
2016-04-21 0:00:00,172.2,,
2016-04-20 0:00:00,173.2,,
2016-04-19 0:00:00,175.6,,
2016-04-18 0:00:00,172.6,,
2016-04-15 0:00:00,173.8,,
2016-04-14 0:00:00,173.2,,
2016-04-13 0:00:00,172.4,,
2016-04-12 0:00:00,173.2,,
2016-04-11 0:00:00,172.6,,
2016-04-07 0:00:00,177,,
2016-04-04 0:00:00,176.4,,
2016-03-22 0:00:00,175.4,,
2016-03-14 0:00:00,172.8,,
2016-03-10 0:00:00,173,,
2016-03-08 0:00:00,173.4,,
2016-03-07 0:00:00,174,,
2016-03-02 0:00:00,173.2,,
2016-03-01 0:00:00,172.6,,
2016-02-26 0:00:00,172,,
2016-02-23 0:00:00,174.6,,
2016-02-22 0:00:00,174,,
2016-02-17 0:00:00,175,,
2016-02-14 0:00:00,172.4,,
2016-02-13 0:00:00,172.6,,
2016-02-11 0:00:00,173.6,,
2016-02-09 0:00:00,172,,
2016-02-07 0:00:00,174,,
2016-02-04 0:00:00,171.8,,
2016-02-01 0:00:00,173.2,,
2016-01-31 0:00:00,170.8,,
2016-01-29 0:00:00,173.2,,
2016-01-28 0:00:00,174,,
2016-01-26 0:00:00,172.8,,
2016-01-25 0:00:00,176,,
2016-01-13 0:00:00,175.4,,
2016-01-06 0:00:00,174.6,,
2016-01-04 0:00:00,175,,
2015-11-11 0:00:00,170.2,,
2015-11-03 0:00:00,169,,
2015-09-28 0:00:00,169,,
2015-09-10 0:00:00,166.6,,
2015-09-08 0:00:00,169,,
2015-09-03 0:00:00,167.8,,
2015-08-25 0:00:00,166.8,,
2015-08-24 0:00:00,167.4,,
2015-08-06 21:27:43,164.4,,
2015-08-06 5:00:00,164.4,,
2015-08-02 0:00:00,165,,
2015-07-30 0:00:00,166.4,,
2015-07-29 0:00:00,164,,
2015-07-22 0:00:00,167,,
2015-07-19 0:00:00,166.8,,
2015-07-18 0:00:00,163.8,,
2015-07-06 0:00:00,166.6,,
2015-07-03 0:00:00,165.4,13.8,
2015-07-02 0:00:00,167.2,,
2015-06-29 0:00:00,167.4,,
2015-06-28 0:00:00,167.6,,
2015-06-25 0:00:00,165.6,,
2015-06-24 0:00:00,163.8,,
2015-06-23 0:00:00,164.4,,
2015-06-22 0:00:00,166,,
2015-06-19 0:00:00,165.6,,
2015-06-18 0:00:00,165,,
2015-06-17 0:00:00,164.6,,
2015-06-16 0:00:00,164.8,,
2015-06-15 0:00:00,165.6,,
2015-06-14 0:00:00,166.2,,
2015-06-10 0:00:00,163.8,,
2015-06-09 0:00:00,164.4,,
2015-06-08 0:00:00,165.6,,
2015-06-06 0:00:00,165.8,,
2015-06-05 0:00:00,165.6,,
2015-06-03 0:00:00,166.4,,
2015-06-02 0:00:00,166.8,,
2015-06-01 0:00:00,168.4,,
2015-05-31 0:00:00,168.2,,
2015-05-29 0:00:00,165.8,,
2015-05-28 0:00:00,167,,
2015-05-27 0:00:00,165.6,,
2015-05-25 0:00:00,169.4,,
2015-05-23 0:00:00,169.4,,
2015-05-19 0:00:00,169.2,,
2015-05-18 0:00:00,170.2,,
2015-05-14 0:00:00,170.2,,
2015-05-13 0:00:00,169,,
2015-05-10 0:00:00,170.2,,
2015-05-09 0:00:00,167.2,,
2015-05-08 0:00:00,168,,
2015-05-07 0:00:00,170,,
2015-05-06 0:00:00,168.4,,
2015-05-05 0:00:00,168.2,,
2015-05-02 0:00:00,167.8,,
2015-04-29 0:00:00,165,,
2015-04-28 0:00:00,166,,
2015-04-26 0:00:00,165.4,,
2015-04-25 0:00:00,165.6,,
2015-04-24 0:00:00,163.6,,
2015-04-23 0:00:00,163.8,,
2015-04-22 0:00:00,164.6,,
2015-04-21 0:00:00,164.8,,
2015-04-20 0:00:00,165.6,,
2015-04-19 0:00:00,166.8,,
2015-04-18 0:00:00,166.6,,
2015-04-15 0:00:00,165.2,,
2015-04-14 0:00:00,166.6,,
2015-04-13 0:00:00,167.6,,
2015-04-12 0:00:00,167.8,,
2015-04-10 0:00:00,167,,
2015-04-09 0:00:00,167,,
2015-04-08 0:00:00,168,16,
2015-04-07 0:00:00,168.4,,
2015-04-06 0:00:00,172,,
2015-03-09 0:00:00,168.2,,
2015-03-03 0:00:00,166.8,,
2015-03-02 0:00:00,167,,
2015-02-27 0:00:00,166.2,,
2015-02-26 0:00:00,167.6,,
2015-02-25 0:00:00,167,,
2015-02-20 0:00:00,169,,
2015-02-19 0:00:00,169.8,,
2015-02-18 0:00:00,171.4,,
2015-01-16 0:00:00,171.4,,
2015-01-15 0:00:00,169.8,,
2014-11-18 0:00:00,167,,
2014-11-06 0:00:00,168.6,,
2014-11-03 0:00:00,165.2,,
2014-10-30 0:00:00,164.6,,
2014-10-29 0:00:00,163.6,,
2014-10-23 0:00:00,165.6,,
2014-10-20 0:00:00,165,,
2014-10-19 0:00:00,167.6,,
2014-10-17 0:00:00,166,,
2014-10-13 0:00:00,164.4,,
2014-10-10 0:00:00,161.6,,
2014-10-08 0:00:00,162.4,,
2014-10-07 0:00:00,162.6,,
2014-10-06 0:00:00,164.6,,
2014-10-05 0:00:00,165,,
2014-10-02 0:00:00,167,,
2014-09-29 0:00:00,167,,
2014-09-16 0:00:00,165.8,,
2014-08-26 0:00:00,159.8,,
2014-07-15 0:00:00,164.4,,
2014-07-12 0:00:00,165.6,,
2014-07-11 0:00:00,166.2,,
2014-07-10 0:00:00,166.6,,
2014-07-07 0:00:00,164.8,,
2014-06-17 0:00:00,166.6,,
2014-06-16 0:00:00,168.6,,
2014-06-13 0:00:00,167.6,,
2014-06-12 0:00:00,168,,
2014-06-11 0:00:00,168.6,,
2014-06-07 0:00:00,169,,
2014-06-06 0:00:00,170.4,,
2014-06-05 0:00:00,169.2,,
2014-06-03 0:00:00,170.4,,
2014-06-02 0:00:00,171,,
2014-05-31 0:00:00,171.2,,
2014-05-29 0:00:00,172.6,,
2014-05-28 0:00:00,172,,
2014-05-27 0:00:00,174.6,,
2014-05-25 0:00:00,176.2,,
2014-05-24 0:00:00,174.2,,
2014-05-22 0:00:00,176,,
2014-05-21 0:00:00,174.2,,
2014-05-20 0:00:00,173.3,20,
2014-05-16 0:00:00,170.4,18.6,
2014-05-15 0:00:00,170.6,20,
2014-05-14 0:00:00,171.6,20,
2014-05-13 0:00:00,171.6,20,
2014-05-12 0:00:00,172.8,,
2014-05-11 0:00:00,171.4,20,
2014-05-09 0:00:00,171,,
2014-05-08 0:00:00,170.8,20,
2014-05-07 0:00:00,172,18.6,
2014-05-06 0:00:00,172,20,
2014-05-05 0:00:00,170.6,20,
2014-05-04 0:00:00,169.4,20,
2014-05-03 0:00:00,167.4,18.6,
2014-05-02 0:00:00,167.8,20,
2014-05-01 0:00:00,169,20,
2014-04-30 0:00:00,167.4,17,
2014-04-29 0:00:00,167,17,
2014-04-28 0:00:00,168.6,20,
2014-04-27 0:00:00,168.2,17.8,
2014-04-26 0:00:00,166.2,17.8,
2014-04-25 0:00:00,166,20,
2014-04-24 0:00:00,164.2,20,
2014-04-23 0:00:00,164.2,,
2014-04-22 0:00:00,,20,
2014-04-21 0:00:00,,16,
2013-05-04 0:00:00,164,,
2013-05-03 0:00:00,161,,
2012-09-12 0:00:00,161,,
2012-08-28 0:00:00,166,,
2012-08-07 0:00:00,158,,
2012-08-06 0:00:00,170,,
2012-07-31 0:00:00,173.9,,