Date,Calories (kcal),Fat (g),Carbs (g),Protein (g)
2/21/2026,1867,65,162,180
2/20/2026,2668,107,264,177
2/19/2026,2200,65,251,168
2/18/2026,2130,73,196,193
2/17/2026,2556,111,201,197
2/16/2026,2398,81,258,173
2/15/2026,2710,130,235,162
2/14/2026,1987,76,169,165
2/13/2026,2884,96,337,174
2/12/2026,2277,155,207,161
2/11/2026,2176,85,173,183
2/10/2026,1896,45,220,162
2/9/2026,1958,96,137,152
2/8/2026,1375,45,91,163
2/7/2026,1943,92,114,175
2/6/2026,1577,66,135,126
2/5/2026,1262,34,106,136
2/4/2026,1524,49,137,167
2/3/2026,1415,44,119,147
2/2/2026,2310,95,218,180
2/1/2026,2328,93,222,181
1/31/2026,1878,77,129,180
1/30/2026,1853,85,105,183
1/29/2026,2269,96,179,187
1/28/2026,2061,47,269,178
1/27/2026,2090,73,180,188
1/26/2026,2552,119,214,167
1/25/2026,2091,59,216,202
1/24/2026,2555,123,170,205
1/23/2026,2011,67,157,199
1/22/2026,2229,99,187,155
1/21/2026,2616,98,251,206
1/20/2026,1488,52,113,159
1/19/2026,2254,61,221,201
1/18/2026,1623,65,104,170
1/17/2026,1674,73,97,174
1/16/2026,2043,83,173,176
1/15/2026,2192,77,171,204
1/14/2026,2094,70,207,176
1/13/2026,2155,76,176,200
1/12/2026,1903,61,160,192
1/11/2026,2078,75,193,171
1/10/2026,1792,73,129,166
1/9/2026,1588,73,74,175
1/8/2026,2396,110,185,169
1/7/2026,2209,90,195,195
1/6/2026,2224,95,180,222
1/5/2026,1766,61,154,180
1/4/2026,1836,82,112,172
1/3/2026,2517,122,196,172
1/2/2026,2721,120,258,160
1/1/2026,1967,71,190,149
12/31/2025,2029,68,188,197
12/30/2025,2081,50,260,174
12/29/2025,1803,72,108,184
12/28/2025,2010,82,154,168
12/27/2025,2145,80,168,204
12/26/2025,2175,74,213,172
12/25/2025,2764,87,299,158
12/24/2025,1854,57,138,177
12/23/2025,2539,95,225,201
12/22/2025,1787,38,198,171
12/21/2025,2321,112,177,158
12/20/2025,1884,66,152,183
12/19/2025,1648,33,170,174
12/18/2025,2080,68,188,182
12/17/2025,2275,95,203,172
12/16/2025,2309,72,167,176
12/15/2025,2308,122,159,156
12/14/2025,2138,74,160,215
12/13/2025,1733,65,79,220
12/12/2025,2516,53,299,170
12/11/2025,2388,101,201,195
12/10/2025,1834,68,131,177
12/9/2025,1941,78,113,209
12/8/2025,1862,63,136,193
12/7/2025,2279,84,182,208
12/6/2025,1940,70,140,203
12/5/2025,2703,109,220,198
12/4/2025,2178,74,170,183
12/3/2025,1974,73,143,197
12/2/2025,2463,89,212,221
12/1/2025,2088,61,229,177
11/30/2025,1818,75,111,181
11/29/2025,1960,76,148,189
11/28/2025,2532,110,190,185
11/27/2025,2420,96,187,201
11/26/2025,2506,116,202,154
11/25/2025,2328,68,255,176
11/24/2025,1943,75,148,185
11/23/2025,2106,84,160,185
11/22/2025,1876,77,153,160
11/21/2025,2178,86,180,182
11/20/2025,1957,78,134,191
11/19/2025,2258,95,146,214
11/18/2025,2390,81,203,212
11/17/2025,2405,110,197,197
11/16/2025,2079,80,163,196
11/15/2025,2113,102,135,183
11/14/2025,2166,77,204,178
11/13/2025,1801,61,161,161
11/12/2025,2110,65,183,209
11/11/2025,2211,93,151,194
11/10/2025,1746,63,110,200
11/9/2025,2280,84,212,185
11/8/2025,2139,74,167,213
11/7/2025,1912,65,161,179
11/6/2025,2113,79,152,206
11/5/2025,1820,53,177,177
11/4/2025,1725,59,159,176
11/3/2025,2587,107,227,182
11/2/2025,2259,73,206,204
11/1/2025,1770,68,136,168
10/31/2025,2111,91,167,184
10/30/2025,2316,98,208,185
10/29/2025,2446,60,188,185
10/28/2025,2260,68,255,167
10/27/2025,2078,82,184,195
10/26/2025,1821,62,146,180
10/25/2025,1875,59,162,187
10/24/2025,1848,61,147,186
10/23/2025,2111,69,220,186
10/22/2025,2115,70,148,233
10/21/2025,2010,63,167,189
10/20/2025,1770,69,112,180
10/19/2025,1950,53,213,178
10/18/2025,1742,60,145,173
10/17/2025,3000,111,328,179
10/16/2025,2284,84,222,183
10/15/2025,2740,72,211,205
10/14/2025,1827,50,205,161
10/13/2025,2263,89,179,204
10/12/2025,1862,44,247,123
10/11/2025,2790,106,281,180
10/10/2025,2857,97,296,167
10/9/2025,2233,64,227,206
10/8/2025,1817,71,135,173
10/6/2025,1894,67,155,169
10/5/2025,1807,70,142,162
10/4/2025,2609,113,214,173
10/3/2025,2384,118,179,164
10/2/2025,2408,93,185,206
10/1/2025,2813,121,229,198
9/30/2025,2122,85,174,170
9/27/2025,1831,65,143,175
9/25/2025,2218,58,266,169
9/24/2025,2997,131,284,184
9/23/2025,1168,30,149,85
9/22/2025,1562,64,83,171
9/21/2025,2170,76,247,128
9/20/2025,2058,107,93,194
9/19/2025,2772,90,311,189
9/18/2025,1816,65,143,177
9/16/2025,347,4,33,52
9/15/2025,2221,81,230,189
9/14/2025,1842,63,173,177
9/13/2025,1876,87,89,201
9/12/2025,1409,40,107,187
9/10/2025,1551,51,112,176
9/9/2025,1038,30,73,141
9/8/2025,1731,50,163,186
9/7/2025,1608,45,128,186
9/6/2025,1546,54,93,180
9/5/2025,2521,71,306,170
9/4/2025,2749,77,336,192
9/3/2025,2155,50,217,172
9/2/2025,2005,102,103,192
9/1/2025,2330,88,198,168
8/31/2025,1858,53,219,139
8/30/2025,1854,59,140,203
8/29/2025,1966,49,213,180
8/28/2025,2388,71,276,196
8/27/2025,2537,113,230,188
8/26/2025,2289,97,184,184
8/25/2025,1935,59,199,181
8/24/2025,2274,68,230,219
8/23/2025,1477,33,116,189
8/22/2025,2665,117,245,189
8/21/2025,2156,72,225,213
8/20/2025,2457,82,232,229
8/19/2025,2186,69,232,171
8/18/2025,1826,72,135,195
8/17/2025,2332,71,227,207
8/16/2025,1280,51,119,88
8/15/2025,2202,53,247,205
8/14/2025,2372,108,186,183
8/13/2025,2191,78,195,185
8/12/2025,2861,95,342,184
8/11/2025,2233,73,229,177
8/10/2025,2365,92,218,185
8/9/2025,2701,110,210,277
8/8/2025,2430,69,291,204
8/7/2025,1893,75,161,165
8/6/2025,2649,106,159,156
8/5/2025,2569,114,174,212
8/4/2025,1878,79,114,212
8/3/2025,2445,75,266,188
8/2/2025,2674,95,273,206
8/1/2025,2330,89,243,174
7/31/2025,2314,67,286,177
7/30/2025,1920,47,198,184
7/29/2025,2273,56,205,167
7/28/2025,2077,89,116,223
7/27/2025,2359,102,182,197
7/26/2025,1373,49,78,166
7/25/2025,3023,85,371,160
7/24/2025,2280,74,214,195
7/23/2025,2796,78,218,186
7/22/2025,2338,94,209,177
7/21/2025,2301,63,246,197
7/20/2025,2555,130,178,196
7/19/2025,2303,92,179,198
7/18/2025,2190,54,205,232
7/17/2025,1870,52,217,153
7/16/2025,2632,87,231,243
7/15/2025,2705,102,202,257
7/14/2025,1349,55,71,155
7/13/2025,2217,70,204,211
7/12/2025,2009,71,165,213
7/11/2025,2303,68,243,194
7/10/2025,1967,45,233,170
7/9/2025,2397,108,164,206
7/8/2025,2239,72,214,208
7/7/2025,2586,113,182,224
7/6/2025,2862,83,319,222
7/5/2025,2506,113,209,196
7/4/2025,1831,41,225,143
7/3/2025,2248,68,189,228
7/2/2025,1882,82,121,190
7/1/2025,2848,123,125,324
6/30/2025,1993,79,138,215
6/29/2025,2086,91,124,193
6/28/2025,1940,69,190,177
6/27/2025,2333,116,154,171
6/26/2025,2935,103,357,155
6/25/2025,2417,84,253,170
6/24/2025,2511,98,246,164
6/23/2025,2836,133,220,174
6/22/2025,2294,80,219,207
6/21/2025,2214,66,249,178
6/20/2025,2695,105,269,192
6/19/2025,3372,105,394,232
6/18/2025,991,58,68,155
6/17/2025,3415,103,404,249
6/16/2025,2828,115,250,236
6/15/2025,2375,45,383,140
6/14/2025,802,20,62,103
6/13/2025,2863,116,228,248
6/12/2025,2663,75,319,212
6/11/2025,2637,111,198,233
6/10/2025,1920,66,158,188
6/9/2025,2883,111,253,243
6/8/2025,2710,123,246,185
6/7/2025,3316,106,342,250
6/6/2025,3000,117,287,229
6/5/2025,3156,109,333,237
6/4/2025,3141,150,277,190
6/3/2025,2935,87,327,249
6/2/2025,2552,88,223,245
6/1/2025,2249,60,249,184
5/31/2025,3263,129,290,261
5/30/2025,2852,103,285,250
5/29/2025,3113,158,214,243
5/28/2025,3400,131,336,238
5/27/2025,2705,81,318,208
5/26/2025,2057,58,260,177
5/25/2025,2789,117,279,195
5/24/2025,3352,166,254,227
5/23/2025,2807,129,281,153
5/22/2025,2757,119,233,220
5/21/2025,2364,115,218,127
5/20/2025,2702,98,281,179
5/19/2025,2809,132,221,220
5/18/2025,2587,94,249,214
5/17/2025,2242,105,134,198
5/16/2025,2884,149,217,198
5/15/2025,3114,158,196,265
5/14/2025,2429,85,275,183
5/13/2025,2798,114,276,208
5/12/2025,3030,126,260,247
5/11/2025,3114,129,333,180
5/10/2025,2926,125,286,170
5/9/2025,2671,114,290,162
5/8/2025,2903,103,211,205
5/7/2025,2855,97,281,223
5/6/2025,3401,134,323,251
5/5/2025,2730,103,234,225
4/20/2025,2107,75,185,182
9/7/2024,668.2,18.6,61,73
9/6/2024,1601.3,95.9,103.2,157.7
9/1/2024,1507.6,61.4,78.2,161.1
8/31/2024,1760.5,71.2,125.9,165.3
8/30/2024,1960.4,73.7,169,174.9
8/29/2024,2158.2,65.6,182.1,171.1
8/28/2024,2195.5,97.5,172.1,186.3
8/27/2024,2311.6,77.8,230.8,169
8/26/2024,2535.6,104.9,204,222.4
8/25/2024,2368,124.5,130.7,189.9
8/24/2024,1915,89.1,135,176
8/23/2024,2063.2,96,173.7,165.7
8/22/2024,2144.7,105.4,112,195.8
8/21/2024,1217.2,51.1,102.3,109.5
8/20/2024,1889.1,75,165.6,164.9
8/19/2024,1967.2,60.4,185.6,203.6
8/18/2024,2680.5,107.6,219,217.4
8/17/2024,2030.3,86.2,174,172.5
8/16/2024,2588.8,119.4,192.5,185
8/15/2024,2154.4,78.3,163.4,207.9
8/14/2024,2652.5,119.8,180.2,229.2
8/12/2024,1816.2,59.8,128.4,208.2
8/11/2024,2128.5,55.8,247.2,172.9
8/10/2024,2188.9,91.5,155.2,176
8/9/2024,1783.9,60.3,168.3,170.5
8/8/2024,1838.4,51.4,162.2,182.1
8/6/2024,2729.9,88.9,328.8,118.4
8/5/2024,2341.3,58.1,297.8,153.8
8/4/2024,2312.4,72.5,268.2,153.5
8/3/2024,2176.2,76.1,228,144.9
8/2/2024,2318.8,86.1,219.3,192
8/1/2024,2513.3,62.6,358.4,159
7/31/2024,2880.1,114.5,234,202.3
7/30/2024,2420.4,116.6,187.2,165.1
7/28/2024,2272.3,106.6,176.4,174.8
7/27/2024,2555,108.5,218.4,171.1
7/26/2024,2124.2,52.8,256.8,150
7/25/2024,2468.4,98.5,215.1,181.4
7/24/2024,1855.9,76.3,121.8,176.3
7/23/2024,1948.6,85.4,151.7,169.4
7/22/2024,2667.7,122.3,196.5,212.1
7/21/2024,2642.4,131.4,193.2,178.9
7/20/2024,2360.9,97.9,242.8,165.4
7/19/2024,2425.9,77.1,262.7,212.6
7/18/2024,1978,80.1,190.4,170.6
7/17/2024,1757.2,89.2,91.9,159.4
7/16/2024,2697.9,108.2,294.7,174.9
7/15/2024,2020.3,61.5,207.4,177.8
7/14/2024,2535.3,121.5,221.5,181.1
7/13/2024,2077.9,85.5,206,183.4
7/12/2024,2682.3,125.3,218.4,218.7
7/11/2024,2679.1,118.1,233.3,192.6
7/10/2024,2338.6,84,234.5,183.7
7/9/2024,2688,124.8,183,231
7/8/2024,3208,160.9,265.2,191.4
7/7/2024,2729.9,81,341.1,170.4
7/6/2024,2068.9,86.6,194.7,170.7
7/5/2024,2211.6,118.9,175.6,137.4
7/4/2024,3024.3,140.1,276.3,159.5
7/3/2024,2658.1,104.2,251.2,196.4
7/2/2024,2656.6,75.4,287.6,212.6
7/1/2024,3157.2,138.9,304.2,254
6/30/2024,2691,116.1,263.5,175.5
6/29/2024,2710.4,120.5,236.8,194
6/28/2024,2719.2,109.7,208.1,204.5
6/27/2024,2980.2,126.2,294.6,206.7
6/26/2024,2941,105.6,287.9,200.7
6/25/2024,3098.9,161.3,276.6,221.3
6/24/2024,3026.5,316.1,281.1,209.9
6/23/2024,2978.3,113.5,338.6,173.1
6/22/2024,3545,160.5,345.7,190.3
6/21/2024,3328,170.7,309.8,190.2
6/20/2024,2335.5,138.8,202.3,184.1
6/19/2024,2585.3,124.8,193.3,176.2
6/18/2024,3416,126.7,340.6,239.7
6/17/2024,2483.7,99.5,236.1,179.3
6/16/2024,3056.9,96.8,360.3,176.8
6/15/2024,2485.7,113.9,234.5,173.7
6/14/2024,2906.8,110.7,307.4,224.8
6/13/2024,3266.4,189.3,258.2,189.7
6/12/2024,3121.4,162.7,299.1,186.8
6/11/2024,3172.7,154.2,278.7,208.1
6/10/2024,2740.9,168.9,216.7,174.2
6/9/2024,3099.1,131.4,310.2,178.6
6/8/2024,2998.4,164.6,247.1,187.6
6/7/2024,3009.5,128.3,323.8,201.5
6/6/2024,3623.2,129,368.8,267.3
6/5/2024,2694,112.2,217.9,226.6
6/4/2024,2638.1,124.7,188.7,191.4
6/3/2024,3700.3,182.1,266.3,262
6/2/2024,2800.4,95.6,334.6,179.5
6/1/2024,2653.9,126.2,276,122.1
5/31/2024,2794.6,119,333.7,208.8
5/30/2024,3521,149.6,343.3,212
5/29/2024,2801.2,134,211.7,174.7
5/28/2024,2670.6,106.7,280.7,198.7
5/27/2024,3013.8,120.6,302.3,191.7
5/26/2024,2295.4,110.5,174.3,177.3
5/25/2024,2177.7,85.3,216.3,143.3
5/24/2024,2701.2,82.8,338.2,134.8
5/23/2024,2878.5,101.5,241.8,172
5/22/2024,2993.6,114.3,267.8,188.4
5/21/2024,2591.4,113.8,291.1,193.9
5/20/2024,2158.6,83.2,199.6,185.9
5/19/2024,2759.5,123,267.3,179
5/18/2024,2422.8,86.8,237.7,184.5
5/17/2024,3572.8,140.1,414.2,168.9
5/16/2024,2896.4,108.5,278.4,232.5
5/15/2024,3521.2,131.6,450.8,181.1
5/14/2024,3255.1,156.7,360,209.4
5/13/2024,2895.7,128.4,258,205.3
5/12/2024,2751.4,98.7,273.3,193.1
5/11/2024,2436.7,87.4,269.9,169.4
5/10/2024,2936.1,122.3,285,177.7
5/9/2024,2393.9,84.5,265,197.4
5/8/2024,2764.1,138.4,237.6,209.6
5/7/2024,2260.4,90,206.4,196.9
5/6/2024,2747.3,113.4,259,205.2
5/5/2024,2961.2,109.3,333.3,195.6
5/4/2024,2054.5,100.2,141.9,173.8
5/3/2024,3274.3,176.5,238.5,197.9
5/2/2024,2379.2,90.2,235.7,188.3
5/1/2024,2936.2,141.6,280.8,196.1
4/30/2024,2808,159.7,249.7,192.2
4/29/2024,2682.5,112.6,254.1,173.2
4/28/2024,2857,87,372.9,171.9
4/27/2024,1961.9,81.1,186.1,147.6
4/26/2024,1975.7,75.8,176.4,176.1
4/25/2024,2034.4,92.9,216.8,190.3
4/24/2024,1769.8,67.8,148.7,167.8
4/23/2024,2041.5,99.8,190.4,183.5
4/22/2024,2329.4,77.6,234,208.6
4/21/2024,2631.6,112.6,215.7,186.2
4/20/2024,1795.3,67.1,151.4,168.6
4/19/2024,1703.5,56.8,166.5,170.3
4/18/2024,2256.4,42.3,311.3,171.6
4/17/2024,2186.3,64.7,311.9,115.8
4/16/2024,2602.3,57.9,392.1,116
4/15/2024,1164.6,49.5,119.3,115.9
4/14/2024,2314,89.9,223.3,193.5
4/13/2024,2362.2,107.2,201.6,185.8
4/12/2024,2637.8,116.4,259.6,177.8
4/11/2024,2042.8,82.9,181.6,178.6
4/10/2024,3009.9,105.2,335,198.1
4/9/2024,2022.8,82.1,189.1,173.4
4/8/2024,2115.5,100.6,152.2,180.7
4/7/2024,2449.1,102.6,243.7,178.8
4/6/2024,2442.6,125.8,186.1,178.1
4/5/2024,2886.5,127.4,261.7,205.7
4/4/2024,2243.1,84.4,195.5,185.9
4/3/2024,2636.6,100.9,240.9,194.3
4/2/2024,2221.2,88.1,200.4,193.9
4/1/2024,2553.8,110.3,277.8,170.1
3/31/2024,2220.3,80.6,226.2,183.9
3/30/2024,2701.8,130,261.7,169.2
3/29/2024,2299.8,88,241.5,183.3
3/28/2024,2040.6,84.4,175.3,175.1
3/27/2024,1786.4,74.6,146.2,156.1
3/26/2024,1982.8,75.5,182.1,171.9
3/25/2024,2076.9,87.4,201.4,175
3/24/2024,2091.6,80.1,186.4,186
3/23/2024,2328.3,134.8,123.1,160
3/22/2024,2209.9,86.2,180.9,160.5
3/21/2024,1753.2,74.8,139.1,161.5
3/20/2024,1800.8,67.3,157.2,166.8
3/19/2024,1370.7,35.5,124.8,144.3
3/18/2024,1654.6,51.4,172.2,146
3/17/2024,1993.6,76.9,173.5,173
3/16/2024,2094.7,83.3,194.3,175.2
3/15/2024,2944.8,136,288.2,176.3
3/14/2024,3015,152,186.9,224.6
3/13/2024,2518.1,101.3,237,171.7
3/12/2024,2362,100.7,227.3,172.7
3/11/2024,1961.6,67,201.1,179.6
3/10/2024,2503.4,102.1,239.1,170
3/9/2024,2376.5,109.6,237.7,161.4
3/8/2024,2870.5,153.1,188.2,183.5
3/7/2024,3035.1,162.9,135.9,232.8
3/6/2024,2490.4,126.5,190.1,168.5
3/5/2024,3056.2,142.8,274.9,170.1
3/4/2024,2461,119.4,196.5,174.8
3/3/2024,2785.1,119.8,299.5,167.3
3/2/2024,2347.5,115.9,198.9,170.1
3/1/2024,2095.2,87.3,182.8,171.5
2/29/2024,2365.9,101.7,162.6,198.2
2/28/2024,2817.7,101.6,227.4,191.5
2/27/2024,2801.6,120,236.8,190.6
2/26/2024,1851.2,77.5,151.9,165.1
2/25/2024,2450,110.5,211,173.9
2/24/2024,2313.2,110.1,159.6,169.8
2/23/2024,1945.2,68.4,222.2,149.8
2/22/2024,2697.3,111.8,259,164.6
2/21/2024,1942.4,80.1,118,158.5
2/20/2024,2495.2,109.1,120.1,177.7
2/19/2024,2963.9,136.2,247.9,180.7
2/18/2024,1856.5,68.8,152.7,178.9
2/17/2024,1905.3,63,158.4,183.2
2/16/2024,2341.6,105.4,184.3,151.9
2/15/2024,2141.8,82.3,198,195.3
2/14/2024,2619.9,108.7,245.9,191.2
2/13/2024,1654.2,49.7,138.5,171.7
2/12/2024,3000,83.4,259.3,168.4
2/11/2024,2863,153.7,250.9,170.8
2/10/2024,2694.3,112.3,232.9,212.7
2/9/2024,2547.8,83.1,205,213
2/8/2024,2253.8,105.7,193.3,157.1
2/7/2024,2443.9,93.4,186.8,188.9
2/6/2024,2858.4,84.5,323.7,196.2
2/5/2024,1659.2,72.3,102.3,169.4
2/4/2024,2497.5,111.2,242.5,166.4
2/3/2024,2553.5,109.8,242.1,183.9
2/2/2024,2042.9,82.1,181.6,174.5
2/1/2024,2005,79.3,172.8,172.3
1/31/2024,2147.5,88.4,187.9,176.4
1/30/2024,2244,67.5,266.9,176.5
1/29/2024,2202.9,90.1,200.3,167.6
1/28/2024,2370.7,88.7,210.9,163.1
1/27/2024,3002.9,130.5,230.4,239.3
1/26/2024,2238.4,70.7,213.2,173
1/25/2024,2598.6,115.7,200.2,152
1/24/2024,1920.7,94.8,130.6,147.8
1/23/2024,2146.3,79.3,222.3,171.3
1/22/2024,2551,99.4,249.1,176.6
1/21/2024,2746.5,128.4,220.2,195.6
1/20/2024,2301.6,93.5,238.7,156.1
1/19/2024,2273.6,96.5,216.9,175.6
1/18/2024,1865.7,60.1,193.6,161.5
1/17/2024,2608.6,86.7,301.7,163.8
1/16/2024,2239.8,115.1,162.1,173.7
1/15/2024,2618.8,107.1,263.6,172.7
1/14/2024,2425.3,108.9,222.4,182.2
1/13/2024,2044.8,97.2,140.3,173.6
1/12/2024,1900.7,79.5,158.1,172.7
1/11/2024,2132.8,123.5,96,168.2
1/10/2024,2630.5,105.5,219.2,204.4
1/9/2024,1983.6,70.8,159.8,187.8
1/8/2024,2016.6,73.9,198.2,192.7
1/7/2024,2852.7,98.1,309.5,180.4
1/6/2024,2059.7,73.9,210.3,178.6
1/5/2024,2579.7,119,211.2,216.3
1/4/2024,2026.1,87.8,169.7,206.1
1/3/2024,1469.2,35.3,154.4,153.5
1/2/2024,2079.8,100.8,112,179.5
1/1/2024,2395.9,83.8,264.6,189.5
12/31/2023,2940.9,155.7,117.9,224.9
12/30/2023,2360.3,117.2,212.6,169.1
12/29/2023,2609.8,95.9,283.7,166.5
12/28/2023,2464,125.5,201.4,166.8
12/27/2023,3123,164.2,250.1,183.4
12/26/2023,2114.8,98.9,154.1,176.5
12/25/2023,2411.3,99.5,219.9,182.3
12/24/2023,2104.4,77.4,202.7,180.3
12/23/2023,1884.8,91.9,118.9,186.6
12/22/2023,2042.1,58,128.1,176.2
12/21/2023,1804.4,68.2,109.4,202.7
12/20/2023,2410.3,110.4,197.6,177.6
12/19/2023,2387.2,103.9,213.1,166.3
12/18/2023,1970.1,80.1,178.1,172.5
12/17/2023,1992.1,88,165.1,154.2
12/16/2023,2116.3,107.6,163.5,161.6
12/15/2023,2149.1,92.9,200.4,164.6
12/14/2023,2388.7,116.7,158.2,179.3
12/13/2023,1755.3,72.4,157.7,175.7
12/12/2023,2814.4,143.2,208.5,206.8
12/11/2023,2142,103.5,164.4,172
12/10/2023,2459.1,101.4,225.3,169.8
12/9/2023,2484.4,85.4,279.1,166
12/8/2023,2378.5,94.9,240.2,165.1
12/7/2023,3151.1,117.6,368.2,172.7
12/6/2023,3027.3,118.6,345.6,179.7
12/5/2023,2302.3,108.4,164.1,188.7
12/4/2023,2521,115.6,233.9,193.5
12/3/2023,3378.1,127.4,417.5,161
12/2/2023,1940.8,89,147.8,157.4
12/1/2023,2539.3,104.6,303.2,183.9
11/30/2023,2526.6,125.7,269,172.4
11/29/2023,2450.4,100.8,210.6,191.2
11/28/2023,2851.5,124.5,272.7,201.8
11/27/2023,2176.7,97.8,176.5,195.1
11/26/2023,2266.5,88.1,222.9,150.1
11/25/2023,1862.5,80.3,137.3,172.2
11/24/2023,2728.6,115.1,283.2,180.7
11/23/2023,2770.4,103.5,336,178.5
11/22/2023,2089.1,96.5,176.3,171
11/21/2023,2147.8,98.7,183.6,171.7
11/20/2023,1953.6,108.2,113.6,172.9
11/19/2023,1773.9,61.2,136.3,192.6
11/18/2023,1840.8,86.9,138.1,159.1
11/17/2023,2667.8,110,253.1,176
11/16/2023,1950.2,99.3,151.3,163.2
11/15/2023,1807.3,62.1,167.4,172.5
11/14/2023,2778.8,149,187.6,197.1
11/13/2023,2554.5,121.8,285.3,193
11/12/2023,1966.7,77.8,183.3,161.2
11/11/2023,1893.3,93.4,158.6,174.3
11/10/2023,2273,79.9,253.7,145.5
11/9/2023,3009.2,140.2,277.8,167.3
11/8/2023,2856.7,118.1,240,212.6
11/7/2023,2205.5,118.1,155.3,176.6
11/6/2023,2166.6,88.8,210.5,179.6
11/5/2023,3293.3,200.2,306.7,176.8
11/4/2023,2565.9,117.6,212.7,189.5
11/3/2023,2312,94.6,224.1,172.4
11/2/2023,1785.9,91,113.8,174
11/1/2023,1952.6,92.1,134.7,177.7
10/31/2023,1428.1,53.2,88.5,147.7
10/30/2023,2372.3,76.5,235.8,155.2
10/29/2023,1882.8,55.7,198.2,174.9
10/28/2023,2373.6,108.8,227.4,150.7
10/27/2023,2358.7,123.9,166,171.1
10/26/2023,1765.6,88.4,114.6,172.8
10/25/2023,2836.8,112.5,220.8,187.9
10/24/2023,2038,95.6,159.9,160.4
10/23/2023,1850.8,81.7,145.8,183.8
10/22/2023,2475.3,103.2,223.6,167.7
10/21/2023,2435.6,110.5,190.5,158.6
10/20/2023,2327.7,77.5,245.5,174.9
10/19/2023,1884.4,75.8,173.4,164.7
10/18/2023,2305.7,98.1,228.7,143.5
10/17/2023,3454.9,122.1,412.3,172.5
10/16/2023,1848.1,93,128.8,157.2
10/15/2023,2515.4,142.2,245.5,165.7
10/14/2023,2899.4,130.1,267.3,172
10/13/2023,2481.9,109,196.5,174.3
10/12/2023,2193.6,94.1,204.4,171.5
10/11/2023,2251.3,108.3,171,180.6
10/10/2023,2511.9,128.8,179.3,159.9
10/9/2023,2253.2,111.7,155,184.8
10/8/2023,2589.4,114.1,224.8,177.1
10/7/2023,1762.1,75.3,123.2,158.9
10/6/2023,3080.8,122.6,296.7,202.1
10/5/2023,2364,113,205.7,168
10/4/2023,2397.3,113,187,164.7
10/3/2023,1997.4,81.9,186.4,158.5
10/2/2023,2282.4,114.6,198.1,146.9
10/1/2023,2286.2,95.2,220.4,168.9
9/30/2023,2046.8,105.1,134.8,164.7
9/29/2023,2156.8,118,131.1,185.9
9/28/2023,2288.5,111.1,162.8,192
9/27/2023,2465.6,119.6,179.9,215.1
9/26/2023,2271.3,114,209.2,157.6
9/25/2023,1857.9,91.5,132.3,163
9/24/2023,2260.7,125.6,143.1,173
9/23/2023,2247.6,126.6,128.7,166.3
9/22/2023,2533.7,93.9,232.9,172.3
9/21/2023,2337.2,106.5,225.5,178.9
9/20/2023,2598,143.9,147.4,173.3
9/19/2023,1989.4,90.4,148.3,170.4
9/18/2023,2292.7,89,223.2,179.8
9/17/2023,2087.6,93.7,174,161.2
9/16/2023,2286.3,92.2,209.8,172.7
9/15/2023,2986.8,133.9,347.7,194
9/14/2023,3227.2,155.8,272.7,203.2
9/13/2023,3419.7,165.1,310.7,212.5
9/12/2023,2249.4,92.7,206.7,185.3
9/11/2023,3120.3,159.5,259.1,197.5
9/10/2023,1920.3,95,166,127.9
9/8/2023,2758.5,128.9,250.5,160.3
9/7/2023,501.2,24.5,37.9,38.1
9/6/2023,2750.2,65.1,421.2,145.7
9/5/2023,2608.5,96.1,211.9,191.3
9/3/2023,3166.7,110.3,407.4,153.6
9/2/2023,3068.3,137,275.1,193.3
9/1/2023,3223.5,195.3,210.5,183.5
8/31/2023,2589.3,123.6,196.7,175.8
8/30/2023,2719.8,110.2,249.7,173.7
8/29/2023,2594.6,116.1,221,194.5
8/28/2023,3045,144,279.4,177.6
8/27/2023,2573,89.9,286.6,189.9
8/26/2023,2853,135.1,253,201.7
8/25/2023,2911.4,140.9,266.5,169.5
8/24/2023,2648.6,141.9,301.1,202.6
8/23/2023,2266.8,103.1,224,140.8
8/22/2023,2555,139.5,206,180.3
8/21/2023,2561.1,136.4,181.8,191.6
8/20/2023,2870.7,152.8,226.9,180.4
8/19/2023,2344.2,125.5,159.3,190.1
8/18/2023,3410.6,185.3,231.5,233.8
8/17/2023,2933.6,150.7,203.9,211.6
8/16/2023,2151,107.9,138.3,164.3
8/15/2023,2311.6,109.4,174.4,183.1
8/14/2023,2308.7,124.4,178.9,148.9
8/13/2023,2606.4,130.7,226.2,132.5
8/12/2023,2275.7,124,154.4,174
8/11/2023,2723.8,149,158.8,200.1
8/10/2023,2465.5,119.5,143.2,193.2
8/9/2023,2591.7,130.8,237.1,147.9
8/8/2023,2227.9,108.1,189.6,147.8
8/7/2023,3188.9,128.4,342,199.3
8/6/2023,2841.1,113.1,225.2,193.8
8/5/2023,2160.8,83.5,197.2,178.2
8/4/2023,2329,106,191.1,178.7
8/3/2023,2937.6,121.4,278.6,214.7
8/2/2023,2141.1,93.2,176.3,179
8/1/2023,2575.6,135.2,181.2,185.8
7/31/2023,3070.5,146.3,251.1,230.9
7/30/2023,2611.8,99,268.1,175.1
7/29/2023,2531.6,107.4,201.3,205.6
7/28/2023,2725.4,143.8,228.2,200.7
7/27/2023,2402,107.8,179.4,193.3
7/26/2023,2852.2,123.9,289.8,139.8
6/10/2023,2667.9,122.4,242.7,188.1
6/9/2023,311.2,16.5,23.9,22.1
6/8/2023,2272.4,106.1,192.3,178.2
6/7/2023,2592,138,218.6,190.8
6/6/2023,2369.4,109.9,182,190
6/5/2023,2080.9,106.6,120.6,185.6
6/4/2023,2894.8,111.5,299,182.9
6/3/2023,2599.8,124.9,249.1,171.5
6/2/2023,1879.3,68.6,200.7,154.4
6/1/2023,1239.7,65.5,63.2,117.9
5/31/2023,865.7,30.5,78.2,80.6
5/30/2023,1391.1,64.5,93.3,142.1
5/29/2023,2264.2,106.9,219.1,143.5
5/28/2023,2972.9,152.6,262.5,182.4
5/27/2023,2539,133.7,219.1,153.8
5/26/2023,2648.5,140.1,187.1,180.2
5/25/2023,2638.7,132.1,213.2,186.3
5/24/2023,2413.2,107,227.8,162
5/23/2023,1708.8,84,118.6,141.6
5/22/2023,2376.6,104.2,179.8,208.6
5/21/2023,3042.3,145.9,319.2,171.4
5/20/2023,2828.1,141.9,203.1,209.1
5/19/2023,2280.7,115.1,164.7,175.2
5/18/2023,2813.5,134.3,247.7,188.5
5/17/2023,2670.7,125.6,222.4,183.5
5/16/2023,2824.4,110.4,305.1,215.6
5/15/2023,3040.6,150.6,224.9,204.2
5/14/2023,2814.6,126.1,263.7,171.5
5/13/2023,2889.5,127,269.1,155.5
5/12/2023,2490.4,77.8,281.6,167.8
5/11/2023,2671.6,124.2,240.7,199.2
5/10/2023,2570.9,94.5,284.4,143.7
5/9/2023,2436.5,113.9,226.4,171.9
5/8/2023,2497,97.9,253.5,182.4
5/7/2023,2877.4,69.8,379.6,178.1
5/6/2023,2802.9,125.8,246.3,163.5
5/5/2023,3301,148.3,369.6,175.8
5/4/2023,2628.7,106.3,249.3,193.8
5/3/2023,2734.1,123.3,242.7,185.2
5/2/2023,2756.1,136.4,249.9,177.4
5/1/2023,2385,111.7,207.5,180.9
4/30/2023,3148,124.1,374.1,198.2
4/29/2023,2533,135.5,224.7,159.6
4/28/2023,2483,98.9,237.7,191.2
4/27/2023,2965.8,122.7,260.3,211.8
4/26/2023,2526.1,148,148.7,171
4/25/2023,1992.4,106.8,123.6,155.3
4/24/2023,2182.2,69.1,225.8,196.9
4/23/2023,1726,64.2,168,155
4/22/2023,353,5.5,30,41
4/21/2023,1130.1,35.8,118.2,90.7
4/20/2023,2196.9,68.7,153.3,150
4/19/2023,2215.3,83.9,189.7,149.7
4/18/2023,1890.5,94.4,112.9,163
4/17/2023,1803.3,78.9,133.8,158.7
4/16/2023,1860.8,82.9,148.4,148.3
4/15/2023,2283.6,110.9,180.6,167.5
4/14/2023,1916.2,91.9,115.7,171.4
4/13/2023,2253.9,94.5,232.5,166.4
4/12/2023,1812.7,90.2,132.5,153.1
4/11/2023,1759.5,77.3,130.9,161.3
4/10/2023,1691.3,75.7,80.2,184.1
4/9/2023,2025.7,104.8,127.2,134.5
4/8/2023,3053.3,122.2,320.3,146.5
4/7/2023,3351.4,125.1,294,140.8
4/6/2023,2103.5,114,133.2,163.5
4/5/2023,1865.9,91.5,124.4,151.4
4/4/2023,1672.5,65.3,105.6,170.9
4/3/2023,2063.7,96.1,184.7,156.3
4/2/2023,1730.6,51.6,162.6,171.4
4/1/2023,1973.3,100.7,132.7,151
3/31/2023,1701.8,49.2,176.1,139.9
3/30/2023,2229.6,104.1,161.2,161.9
3/29/2023,2021.1,80.3,144.7,154.8
3/28/2023,2872.6,130.6,161.6,169
3/27/2023,1556.2,79.4,106.1,124.2
3/26/2023,2115.1,107.7,122.1,173.5
3/25/2023,2137.2,101.9,149.1,173
3/24/2023,1855.4,84.5,140.5,162.3
3/23/2023,2089.7,81.9,179.5,179.6
3/22/2023,1920,81.2,152,177.3
3/21/2023,1920.2,87.9,137.6,164.6
3/20/2023,1947.4,77.3,177,172.5
3/19/2023,1740.5,55.6,186.1,157.5
3/18/2023,2077.5,86.1,201.1,166.4
3/17/2023,1977.8,83.3,199.4,153.5
3/16/2023,1860.9,86.5,151,161
3/15/2023,1775.2,68.2,137.5,166.3
3/14/2023,1757,78.3,148.1,162.1
3/13/2023,2004.3,78.8,154.6,185.6
3/12/2023,1732,52.7,158.8,168.7
3/11/2023,1721.1,65.2,184.7,155.2
3/10/2023,1483,69.4,49.4,154.5
3/9/2023,1697.2,85.4,89.8,162.6
3/8/2023,1833.2,91.6,91.4,176.8
3/7/2023,1603.8,65.5,90.5,165.5
3/6/2023,1882.7,77.6,116.2,173.4
3/5/2023,1902.3,98.5,112.7,168.6
3/4/2023,1903.8,94.3,84.9,171.7
3/3/2023,1835.6,48.7,156.6,189.3
3/2/2023,2041.8,77.8,183.6,169.6
3/1/2023,2082.1,88.9,133.8,188.1
2/28/2023,1944.1,82,135.7,177.7
2/27/2023,1867.5,77.3,138,172.3
2/26/2023,2264.9,129.4,116.3,165.2
2/25/2023,2230.9,93.6,136.6,163.5
2/24/2023,1844.9,82.5,98,193.5
2/23/2023,1941.5,74.8,128.3,187.1
2/22/2023,1809.3,80.1,137.6,148.2
2/21/2023,1954.3,93.8,104.1,203.5
2/20/2023,1920.7,92.1,122.7,185.1
2/19/2023,1887.7,84,125,175.7
9/26/2019,948.7,25.5,96,87.6
9/25/2019,1710.9,68.9,155.4,137.8
9/24/2019,1735.4,86.2,169.8,118.5
9/23/2019,1491.5,34.8,149,149.4
9/22/2019,1241,38,117.2,103.9
9/21/2019,1316.5,37.5,147.5,110.2
9/20/2019,2258.6,105,163.3,149.9
9/19/2019,1290.6,27.1,124.2,136.9
9/18/2019,1766.1,58.2,206.5,112.5
9/17/2019,2281.1,105.9,170.4,186.8
9/16/2019,2023.8,74.7,187.9,153.5
9/15/2019,487.3,14.9,28.2,38.7
9/14/2019,1502.5,36.4,132.9,138.4
9/13/2019,1760.6,39.9,177.9,178.2
9/12/2019,2027,86.1,195.1,130.4
9/11/2019,1882.9,78.8,180.7,120.5
9/10/2019,1511.8,67.6,92.9,137.4
9/9/2019,1578.6,56,144.3,133.2
9/8/2019,1396.9,69.9,63.4,130.3
9/7/2019,991.7,47.8,29.7,111.9
9/6/2019,1678.5,50.3,152.3,149.4
9/5/2019,1204.7,36.7,71.3,140.9
9/4/2019,994.8,46.3,36.9,106.2
9/3/2019,2307.9,90.1,213.2,173.1
9/2/2019,1515.9,38.8,173.5,129.1
9/1/2019,1207.3,30,80.6,115.6
8/31/2019,1488.4,65.6,146,79.8
8/30/2019,1704.3,60,172.3,119.5
8/29/2019,1455,55.9,125.8,119.7
8/28/2019,1577.8,86.4,81.7,127
8/27/2019,2094.1,99.8,181.8,121.5
8/26/2019,1559.9,64.7,124.5,129.6
8/25/2019,1113.2,46.1,69.9,110.3
8/24/2019,1798.2,70.6,157.1,137.1
8/23/2019,1569.2,43.6,195.8,115.9
8/22/2019,784.4,17.7,15.2,142.4
8/21/2019,2119,85,178.1,130.6
8/20/2019,1067.5,43.7,51,115.6
8/19/2019,1107.9,40.2,64.3,135.3
8/18/2019,1521.9,63,72,169.4
8/17/2019,1929.5,66.9,204.3,156.3
8/16/2019,1981,72.4,218.3,118.7
8/15/2019,1867.5,50.8,218.2,147
8/14/2019,2008.6,76.3,184.6,149.3
8/13/2019,1935.8,71.6,169.6,154.5
8/12/2019,1003.6,47.1,33.3,100.4
8/11/2019,1365.3,75.3,75.1,89.7
8/10/2019,1464.7,40,141.1,130.5
8/9/2019,1286.8,49.1,129,87.6
8/8/2019,1199.5,44.5,115.8,89.1
8/7/2019,2101.3,74.6,177.4,156.7
8/6/2019,1254.5,59.1,74,112.8
8/5/2019,1047.9,50.2,93.8,57
8/4/2019,566.5,18.4,93.3,47.9
8/3/2019,2012,67.3,182.4,173.7
8/2/2019,1717.5,68.3,90.3,164.7
8/1/2019,1447.6,44.2,118.5,158
7/31/2019,972.2,43,32.3,114.8
7/30/2019,2363.2,124.7,171.5,145
7/29/2019,1819.6,74.9,140.8,155.1
7/28/2019,2200.5,100.9,182.8,145.5
7/27/2019,1304.9,43.5,142.7,90.5
7/26/2019,2512.4,111.1,212.1,150.7
7/25/2019,1823.7,78.4,144.1,153.8
7/24/2019,1197,28.1,115.1,122.3
7/23/2019,2127.4,77.3,179.1,174
7/22/2019,1687.4,47.9,206.5,164.3
7/21/2019,2760.7,117.6,327.8,133.3
7/20/2019,2238.1,89.8,157.6,178.5
7/19/2019,2349.9,99,207.1,149.5
7/18/2019,1109.7,44.3,24,150.7
7/17/2019,2145.3,67.5,255.6,130.6
7/16/2019,1497.9,46.5,113.8,159.4
7/15/2019,1648.3,70.2,111,136.8
7/14/2019,1634,63.6,158.8,101.2
7/13/2019,2431.1,94.7,254.1,142.8
7/12/2019,1933.4,53.6,257.5,157.2
7/11/2019,1078.3,27.1,75,134.8
7/10/2019,1469.8,61.9,88.5,149.4
7/9/2019,1438.4,50,95.2,160.2
7/8/2019,1400.6,42.2,71.6,140.8
7/7/2019,1507.5,74.6,76.2,118.4
7/6/2019,825,11.8,45.5,139
7/5/2019,1534.9,36.3,139.7,118.3
7/4/2019,933.5,19.7,104.3,79.6
7/3/2019,796.7,7.6,85.7,72.4
7/2/2019,1080.4,22.9,92.5,98.8
7/1/2019,874.9,34.3,8.2,116.1
6/29/2019,2005,60.9,229.5,144.3
6/28/2019,1849.2,81.6,152.8,131.9
6/27/2019,1629.8,59.7,89.8,121.2
6/26/2019,1399.8,52.1,31,109
6/25/2019,1734.3,55.6,164.6,144.6
6/24/2019,1726.9,35.2,55.4,139.5
6/23/2019,850,13.5,10,84.5
6/22/2019,1481,92.3,31,108.1
6/21/2019,1051.8,43.2,72.4,97.7
6/20/2019,909,11.6,140.4,62.8
6/19/2019,1985.6,90.5,142.2,150.6
6/18/2019,1539.2,60,154.3,93.7
6/17/2019,1179,43.9,33,94.1
6/16/2019,1488.8,81.3,99.5,91.9
6/15/2019,838.2,33.8,59,74
6/14/2019,1711.6,97.6,89.2,124.6
6/13/2019,1970.5,86.8,93.4,156
6/12/2019,1732.1,68.1,85.1,171.4
6/11/2019,1198.7,34.6,95.4,130.4
6/10/2019,1570.6,35.5,89.6,169.6
6/9/2019,1765.5,70.3,168.6,121
6/8/2019,2320.7,88.2,134.5,175.4
6/7/2019,2670.2,152.7,222.9,161.4
6/6/2019,1443.9,43.2,101,160.2
6/5/2019,1885.1,70.5,130.6,157.5
6/4/2019,2041.1,78.2,162.5,176.4
6/3/2019,1790.7,69.2,147.1,150.2
6/2/2019,2315.3,96.5,206.9,153.9
6/1/2019,2276.7,66.9,193.6,139
5/31/2019,1767.6,56.1,162.3,184.7
5/30/2019,1959.4,77.1,158.3,161.6
5/29/2019,1906.2,73.7,169.1,143.6
5/28/2019,1330,29.8,93.9,165.4
5/27/2019,2289.5,65.5,190.3,151
5/26/2019,2593.5,87.9,295,149.2
5/25/2019,2384.8,126.5,165,135.5
5/24/2019,1878.4,69.3,156.4,161.6
5/23/2019,1591.5,44.1,76.3,149.9
5/22/2019,1482.7,59.3,96.7,143.4
5/21/2019,2229.4,84.4,219.8,154.3
5/20/2019,1947.8,78.2,158.8,161.6
5/19/2019,2205.2,81,280.7,114.6
5/18/2019,2132.8,69.9,154,184.1
5/17/2019,2297.2,91.6,188.3,172.6
5/16/2019,2507.3,119.5,230.7,168.6
5/15/2019,2312.5,113.5,205.8,118.2
5/14/2019,1602.5,62.8,101.5,164.5
5/13/2019,1895.6,113,150,184.5
5/12/2019,2030.3,19.8,17.5,216.1
5/11/2019,1885.5,71.9,160.4,128.6
5/10/2019,2608.8,101.2,244.2,176.2
5/9/2019,3114.5,116.3,352.3,162.8
5/8/2019,846.4,19.5,41.2,122.6
5/7/2019,2266.7,73.5,228.6,181.1
5/6/2019,2068.6,64.7,190.1,184
5/5/2019,1549.4,59.2,138.4,136.3
5/4/2019,2485,104.7,228.6,153.8
5/3/2019,2849.8,96.3,268,162.7
5/2/2019,1912.7,85.5,129.1,157.7
5/1/2019,1355.8,50,111.5,121.2
4/30/2019,2177.7,88.3,182.9,172.2
4/29/2019,1978.6,79.2,160.8,175.5
4/28/2019,1985.9,65,216.3,151.2
4/27/2019,1885.7,73.2,165.4,140
4/26/2019,2367.6,95.3,216.2,169.6
4/25/2019,881.6,16.6,60.3,132.9
4/24/2019,2174.6,62.2,243.7,162
4/23/2019,1987,57.6,199.8,155.8
4/22/2019,1740.9,63.8,132.2,159.2
4/21/2019,2322.8,82.7,262.2,124.1
4/20/2019,2479.1,141.5,160.5,143.6
4/19/2019,1635.2,59.5,134.4,146.9
4/18/2019,2195.6,66.2,238.6,156.9
4/17/2019,1976.4,70.7,182.6,151.5
4/16/2019,2193.2,129.3,191.1,148
4/15/2019,1796.7,70.4,172.6,145.6
4/14/2019,2558,127,202.1,146.8
4/13/2019,3075.8,102.6,358.1,173.2
4/12/2019,2523,105.8,246.8,126.8
4/11/2019,2009.6,55.6,236.1,149.3
4/10/2019,1710.4,53.4,189.2,111.8
4/9/2019,2251.3,73.1,276.5,147.8
4/8/2019,1304.6,37.6,99.5,150.7
4/7/2019,2125.7,103.3,126.5,157.1
4/6/2019,2717.3,150.4,204.6,143.8
4/5/2019,2540.2,103.2,261.6,147.4
4/4/2019,1562.2,31.5,182.4,131
4/3/2019,2486.2,122.1,187.5,151.3
4/2/2019,2068.4,80.2,193.2,143.9
4/1/2019,1758,53.3,176.9,145.9
3/31/2019,2264.3,89.9,233.4,123
3/30/2019,2596,116.4,247.1,100.2
3/29/2019,2234.6,108.8,163.3,145.8
3/28/2019,1954,52.6,240.3,166.6
3/27/2019,1877.6,88.6,134.4,133.6
3/26/2019,2046.9,66,227.2,163.3
3/25/2019,1838,86,120,141.9
3/23/2019,2498.4,78.2,250.5,138.9
3/22/2019,1660.4,63.9,148.2,124
3/21/2019,2033.3,54.7,194.9,162.9
3/20/2019,1645.8,64.1,158.7,111.7
3/19/2019,1661.7,64,115.8,147.2
3/18/2019,2745.8,99.5,302.6,149.3
3/17/2019,1658.4,78,62.2,176.5
3/16/2019,2148.2,100,196.3,127.5
3/15/2019,1585.8,44.2,170.9,122.6
3/14/2019,1934.8,55.9,192.9,152.9
3/13/2019,1272.6,51.8,75.9,122
3/12/2019,1916.8,50.4,195.8,167.3
3/11/2019,2125.8,93.2,127.5,194.4
3/10/2019,1298.7,55.8,131.5,78.7
3/9/2019,2518.4,135.5,193.9,134.1
3/8/2019,2194.3,75.3,187.9,165.4
3/7/2019,1509.6,34.4,143.9,159.6
3/6/2019,2187.9,112.1,145.8,146.8
3/5/2019,1767.6,77.7,120.7,148.9
3/4/2019,1652.8,71.2,77.9,170.7
3/3/2019,2332,74.3,295.7,121.4
3/2/2019,1401,31.5,154.7,122.4
3/1/2019,1450.9,42.1,141,135.4
2/28/2019,1171.6,25,94.3,138.3
2/27/2019,1925.7,65.7,204.2,151
2/26/2019,2203.8,101.9,176.9,149.1
2/25/2019,1806.7,74.5,138,148.1
2/24/2019,2387.3,97.9,183.4,149.3
2/23/2019,2244,72.6,263.9,123.1
2/22/2019,2037.1,71.7,181.1,159
2/21/2019,1401.6,39.1,126,138
2/20/2019,1580.9,58.5,129.3,157.3
2/19/2019,2303.6,98.6,163,205.8
2/18/2019,1797.6,77.5,153.2,147.6
2/17/2019,2465.4,100.2,250.4,151.2
2/16/2019,2158.2,94.2,195.3,144.2
2/15/2019,2606.5,93.2,263.7,143.5
2/14/2019,2756.1,125.7,257.3,156.4
2/13/2019,2703.5,156.7,182.6,164.7
2/12/2019,2582.8,92.4,225.4,181.9
2/11/2019,1190.6,62.5,26.5,131.4
2/10/2019,1615.6,45.2,131.4,142.7
2/9/2019,2591.9,109.4,218.9,135.2
2/8/2019,1757.8,59.7,133.4,149.5
2/7/2019,1861.2,74.3,105.8,174.4
2/6/2019,2084.2,79.3,134.3,181.9
2/5/2019,1607.7,85.9,64.9,162
2/4/2019,1825.3,88,114.3,152.8
2/3/2019,2491.5,69.1,127.2,128.4
2/2/2019,2113,96.2,153.3,164.6
2/1/2019,3162.3,158.8,296.5,149.2
1/31/2019,2345.6,100.8,203.5,166
1/30/2019,1953.6,50.3,249.5,153.3
1/29/2019,2329.6,76.5,269.6,158.4
1/28/2019,1958.6,84,172.9,133
1/27/2019,1727.8,65.1,173,133
1/26/2019,2211,96.1,184.4,129.7
1/25/2019,2741.2,107.7,282.6,150.5
1/24/2019,2367.1,71.7,274.7,160.9
1/23/2019,2460.8,86.8,230.8,166
1/22/2019,2342,110,192.8,156.3
1/21/2019,2050.9,60.4,226.7,141.7
1/20/2019,2426.4,115.4,216.5,136.1
1/19/2019,2223.5,75.7,204.3,143.6
1/18/2019,1887.5,129.3,212.9,143.6
1/17/2019,2612.9,98.4,310.3,109.7
1/16/2019,1778.7,68,160.8,141.5
1/15/2019,2570.2,121.9,391,120.6
1/14/2019,2603.3,87.5,282,150.1
1/13/2019,1857.2,69.3,174.3,143.9
1/12/2019,3109,98.1,326.8,195.2
1/11/2019,1911.7,67.1,194.2,136.6
1/10/2019,2586.2,101.4,298.2,150.2
1/9/2019,2677,148.9,247.8,152.9
1/8/2019,2496.7,136.9,160.7,165.5
1/7/2019,1888.3,90.6,138.6,139.3
1/6/2019,3042.4,161,283.8,138.8
1/5/2019,2575.5,104.1,232.7,178.6
1/4/2019,2331.9,112.9,194.5,147
1/3/2019,1796.1,66.6,117.3,142.2
1/2/2019,2038.9,89.1,161.5,162.1
1/1/2019,3290.7,130.4,388.4,154.2
12/31/2018,2312.3,96.2,223.2,156.1
12/30/2018,1815.9,69.6,130.2,172.5
12/29/2018,2467.3,86.6,260.6,130.1
12/28/2018,2442.8,100.9,244.3,145.1
12/27/2018,1848.1,71.9,174.4,101.5
12/26/2018,2456.2,75.6,341,121
12/25/2018,2384.5,58.8,295.4,169.7
12/24/2018,2127.7,20.1,328.1,171.5
12/23/2018,1931.2,83.1,137.8,161.9
12/22/2018,2040.9,77.5,167.7,176.7
12/21/2018,2082.3,60.9,227,166.2
12/20/2018,1856.3,71.9,148,161.5
12/19/2018,1773.6,97.5,103,162
12/18/2018,2622,79.5,308,160.8
12/17/2018,2185.8,78,234.2,153.7
12/16/2018,2365.5,113.2,248.6,134.2
12/15/2018,1693.5,60.8,152.1,148
12/14/2018,2728.1,114.6,245.4,143.1
12/13/2018,3187.1,140.5,273,171.6
12/12/2018,2064.8,84.4,233.8,142.9
12/11/2018,1154.9,30.1,87.7,138
12/10/2018,1836,47,201.7,162.1
12/9/2018,1802.5,71.8,166.9,137.6
12/8/2018,3409.1,134.6,357.2,155.8
12/7/2018,2300.4,87.2,213.2,159.7
12/6/2018,2389.7,96,233.2,151.7
12/5/2018,2127.8,77.2,204.3,152.5
12/4/2018,1966.3,85.9,190,134.3
12/3/2018,2216.6,74.9,240.5,162
12/2/2018,2143.4,55.3,233.9,175.2
12/1/2018,2564.2,80.8,215.3,151.9
11/30/2018,1396,46.6,170,76.7
11/29/2018,1785.5,60.1,182.5,126.6
11/28/2018,2074.6,90.4,189.8,138.8
11/27/2018,2072.8,85.4,167.7,170.4
11/26/2018,2299.1,72.8,440,146.1
11/25/2018,2025.5,57.4,215.3,152.5
11/24/2018,2657.3,113.1,269.3,149.6
11/23/2018,2129,105.8,144.2,126.4
11/22/2018,1248.8,44.6,72.2,134.3
11/21/2018,1515.4,38.6,153.2,140.3
11/20/2018,2306.1,93.3,182.6,181
11/19/2018,1977.4,68.3,186.9,166.2
11/18/2018,2120,68.8,213.8,170.4
11/17/2018,2211.6,84.4,199.9,163.6
11/16/2018,2439.6,85.3,276.9,143.1
11/15/2018,1823.8,70.7,220.9,154
11/14/2018,998.7,22,77.6,111.3
11/13/2018,1430.2,37,115.1,152
11/12/2018,1294.8,33.3,96.5,148.1
11/11/2018,1426.7,43,140.4,128
11/10/2018,1967.7,54.3,178.4,171.3
11/9/2018,2100.4,68.1,213.1,159
11/8/2018,2218.1,80.3,152.7,179.6
11/7/2018,2787.6,121.6,231.3,158.5
11/6/2018,2145,73.6,189.3,182.8
11/5/2018,1930.3,81.4,205.4,92.2
11/4/2018,2274.5,71.2,341.4,128.8
11/3/2018,2619.9,78.4,232.8,159.9
11/2/2018,1655.2,50.2,139,158.9
11/1/2018,1920,85.9,129.8,158.8
10/31/2018,1635.2,58.1,155.2,148.6
10/30/2018,2242.7,80.7,258.7,126.4
10/29/2018,1089.9,19,140.3,87
10/28/2018,1761.5,74.9,114.3,159.5
10/27/2018,1775.7,70.3,155.4,131.4
10/26/2018,2017.7,87.9,118.4,153
10/25/2018,2093.9,68.1,222.4,148
10/24/2018,1634.1,57.5,128,160
10/23/2018,2107.7,84.9,202.4,152.2
10/22/2018,2046.2,91,148.4,164.3
10/21/2018,2094.5,76.7,182.5,166.2
10/20/2018,2325.2,93,221.3,147.1
10/19/2018,1868,56.3,187.8,160.9
10/18/2018,2253.9,92.1,225,147
10/17/2018,2015.3,84.7,149.5,151.7
10/16/2018,1573.2,64.8,112.5,133.5
10/15/2018,1691.7,68,149.5,126
10/14/2018,1510.6,54.9,141.5,108.4
10/13/2018,1657.1,74.9,126.6,126.3
10/12/2018,2244.3,86.6,227.7,140.6
10/11/2018,2236.9,83,224.3,160.1
10/10/2018,2064.4,75.2,177.7,158.2
10/9/2018,1765.3,78.4,142.8,131.3
10/8/2018,1857.3,65.6,147.1,176.7
10/7/2018,2016.3,111.6,135.6,140.1
10/6/2018,1808,111.2,145,81.4
10/5/2018,1541.1,63.2,136.5,112.6
10/4/2018,1619.3,55.4,150.5,132.7
10/3/2018,2392.3,120,175,137.8
10/2/2018,1672.4,65.5,134.7,139
10/1/2018,2524,139.9,175.6,127.4
9/30/2018,2112.5,73.4,172.4,147.4
9/29/2018,1982.2,90.9,135.8,158.8
9/28/2018,2010.5,78.4,190.1,143.9
9/27/2018,2109.7,70.8,197.9,152.8
9/26/2018,2060.4,104.1,137.6,150.6
9/25/2018,1596.4,50.7,151.7,133.7
9/24/2018,2069.1,57.7,196.9,139.6
9/23/2018,1508.7,62.6,93.6,125.8
9/22/2018,1308.7,28.6,135.3,125.7
9/21/2018,2497.5,68.4,282.5,168.5
9/20/2018,2200.9,68.8,261,146
9/19/2018,1787.3,55.9,231.8,103.3
9/18/2018,1992,71.5,196.6,147.1
9/17/2018,2474.8,109,215.7,158.9
9/16/2018,2494.4,106.2,214.2,169.5
9/15/2018,1246.5,49.9,81.5,94
9/14/2018,2520.3,113.9,144.8,160.2
9/13/2018,2268.5,68.2,261.6,161.3
9/12/2018,2571.8,79.7,295.3,175.6
9/11/2018,1521.7,70.9,91.3,123.7
9/10/2018,1979.3,63.3,196.8,159.6
9/9/2018,1826.4,56.2,165.4,170.3
9/8/2018,1697.1,71.6,169.2,118.6
9/7/2018,2300.4,75.4,186.5,153.8
9/6/2018,1576.6,23.9,191.9,153.9
9/5/2018,2042.8,41.9,221.5,148.1
9/4/2018,1798,51.4,163.1,179.5
9/3/2018,2435,81.8,155.5,167.1
9/2/2018,2670.8,110.4,262.1,178.3
9/1/2018,2601,120.7,276.8,171
8/31/2018,2418.6,61.3,290.5,171.5
8/30/2018,2008.3,33.7,158.1,158.7
8/29/2018,1927.5,66.9,195.5,146.9
8/28/2018,2799.6,98.3,342.7,143
8/27/2018,1675.6,42.3,167.6,165
8/26/2018,1891.7,52,190.7,170
8/25/2018,2142.1,86.4,210.9,141
8/24/2018,2435.8,100.7,343.1,150.1
8/23/2018,2252.3,96.5,214.7,145
8/22/2018,2098.7,90.5,119.1,157.1
8/21/2018,2103.9,71.5,239.6,135
8/20/2018,1871.2,61.8,177.2,174.8
8/19/2018,1696.3,84.2,105.5,151.3
8/18/2018,2330.8,71.6,309.6,126.9
8/17/2018,2141,51.8,298.9,104.3
8/16/2018,1746.4,71.7,145.8,140.2
8/15/2018,2232.1,92.6,206.7,154.1
8/14/2018,2237.3,101,201.7,155.5
8/13/2018,2776.7,123,214.5,179.5
8/12/2018,1579.2,71.2,91.5,104.5
8/11/2018,1104,58.9,64.6,82.6
8/10/2018,2438.8,88.9,213.1,184
8/9/2018,1371.9,63.9,60.5,118.6
8/8/2018,2194.6,78.5,162.8,167.8
8/7/2018,2006.9,94.1,135.4,165.7
8/6/2018,2051.7,94.5,154.3,163.4
8/5/2018,1786.8,80,132.9,143.7
8/4/2018,2192.4,81.6,190.7,181.8
8/3/2018,2146.3,93.3,184.2,144.8
8/2/2018,1849.7,63.8,170.8,160.1
8/1/2018,2300.6,96.8,226.1,145.3
7/31/2018,2318.7,76.2,219.4,187.5
7/30/2018,2237.5,97.9,140.4,158.5
7/29/2018,2122.6,62.4,234.9,157.3
7/28/2018,2199.6,88.9,179.8,162.1
7/27/2018,2786.9,128.1,279.2,159.5
7/26/2018,2403.1,82.5,255.1,168.3
7/25/2018,2479.1,86.2,282.4,165.7
7/24/2018,2649.2,92.3,277.2,162.1
7/23/2018,1844.1,47,173.8,188.1
7/22/2018,1314.6,36.6,77.1,172
7/21/2018,2488.1,111.7,216.4,156.6
7/20/2018,2568.3,98.5,208.9,181.7
7/19/2018,1937.3,67.3,188.3,154.7
7/18/2018,1731.4,70.5,150.7,141.9
7/17/2018,2340,82.8,243.1,167.4
7/16/2018,1782.1,60.3,173.2,145.5
7/15/2018,2601.1,70.2,348.5,145.9
7/14/2018,2519.7,79.7,233.2,183
7/13/2018,2117,79.8,181.7,170.6
7/12/2018,1845.4,79.8,123,162.3
7/11/2018,1896.7,69.6,150.9,176.8
7/10/2018,1925.6,71.9,160.4,149.8
7/9/2018,1900.3,89.7,106.9,176.8
7/8/2018,1960.4,60.7,203.3,154.1
7/7/2018,1610.2,71.7,83.1,161.3
7/6/2018,2135.4,48.8,274.5,168.1
7/5/2018,2065.1,62.3,212,169
7/4/2018,2469.1,106.7,212.8,167.1
7/3/2018,1602.4,52.5,131.8,158.9
7/2/2018,2235.3,87.6,193.4,173.3
7/1/2018,1905.9,65.6,196.6,152.3
6/30/2018,2702.1,95.9,183.1,169.4
6/29/2018,2312.6,85,207.7,189.4
6/28/2018,2132.9,77,232.6,129.9
6/27/2018,1768.3,75.2,103.7,176.9
6/26/2018,2117.5,62.4,234.9,160.7
6/25/2018,1620.1,52.7,127.6,166.5
6/24/2018,1875.2,71,140.7,142.8
6/23/2018,2178,61.5,219.6,166.5
6/22/2018,2656.4,107.6,251.2,125.6
6/21/2018,2488.8,105.9,238.9,154
6/20/2018,1973.3,78.8,154.1,154.3
6/19/2018,2132.8,81.2,188.1,166.8
6/18/2018,1851.3,40.7,217.1,161.5
6/17/2018,1765.4,68.4,121.6,176.2
6/16/2018,1676.5,52.2,179,123.5
6/15/2018,2198.2,66.4,263.5,143.7
6/14/2018,3171.1,130.8,356.4,155.2
6/13/2018,2601.5,114.6,318.1,155.5
6/12/2018,2392.2,101.8,201.1,170.9
6/11/2018,2053.1,76.9,175.1,173.5
6/10/2018,1806.9,52.7,121.7,197.3
6/9/2018,1696.6,40.3,166.1,144.5
6/8/2018,2159.6,55.6,246.3,164.9
6/7/2018,2785.9,104,346.9,143.9
6/6/2018,1445.9,62.1,95.2,137.8
6/5/2018,1728.4,74.8,155.5,161.6
6/4/2018,2383.1,105.1,215.6,148.1
6/3/2018,1637.3,66,116.7,140.1
6/2/2018,1202.5,33.1,67.6,160.9
6/1/2018,1073.6,52.2,57.6,91.3
5/31/2018,1983.2,82.8,197.1,111.3
5/30/2018,2131,82.3,214.4,144.1
5/29/2018,1585.4,57.8,86.1,191
5/28/2018,2368.9,129.5,140.5,174.4
5/27/2018,2712,84.5,335.8,156.8
5/26/2018,1932.9,71.6,168.2,160.2
5/25/2018,1663.2,55.4,157.2,144.6
5/24/2018,2045,79.6,137,160.2
5/23/2018,1743.1,61.3,182.4,114.1
5/22/2018,1666.3,71.6,142.4,111.8
5/21/2018,2430.5,95.1,201.1,158.9
5/20/2018,784.4,27,41.9,112.1
5/19/2018,1416.1,46.6,78.1,129.2
5/18/2018,1414.9,41.1,135.8,132.8
5/17/2018,1534.6,77,63,143
5/16/2018,1433,57.7,97.1,137
5/15/2018,1988,86.1,152.6,144.6
5/14/2018,2680.3,116.1,227.8,185.6
5/13/2018,1275,58,51.5,142.5
5/12/2018,1587.7,84.5,57.1,139.4
5/11/2018,912.9,35,72.5,81.5
5/10/2018,2214.2,75.3,235.1,152
5/9/2018,2092.4,82.8,182.5,161.5
5/8/2018,2010.9,70.9,190.9,163.7
5/7/2018,2266.2,83.2,217.8,171.2
5/6/2018,1950.8,68.1,167.8,171.7
5/5/2018,2357.9,91.7,234.4,163.3
5/4/2018,2705,105.2,273.1,174.8
5/3/2018,1830.6,50.3,155.9,175.5
5/2/2018,2187.9,68.5,231.3,174.3
5/1/2018,1726.2,54.1,125.2,174.7
4/30/2018,2122.2,100.9,158.3,164.4
4/29/2018,1770.4,80.3,89.9,154.2
4/28/2018,2029,81.1,151.9,153
4/27/2018,2167.2,81,206.4,164.8
4/26/2018,1480.7,68.1,42.2,176.7
4/25/2018,2499.6,60.5,263.9,200.2
4/24/2018,1700.5,69.5,119.2,166.5
4/23/2018,1559.6,48.7,108.3,168.6
4/22/2018,2003,59.3,141.1,163
4/21/2018,1976,68.2,184.6,171
4/20/2018,1977.3,74,145.6,194.2
4/19/2018,2087.7,102,115,181
4/18/2018,2147.8,87.5,192,165.4
4/17/2018,1908.3,78.5,147.5,162.2
4/16/2018,2052,82.7,124.5,181.5
4/15/2018,2095,97.9,128.3,168.7
4/14/2018,2197,103.2,158.5,182.3
4/13/2018,3082.3,127,308.6,188.4
4/12/2018,1663.7,50.1,156.3,167.2
4/11/2018,1702.5,73.9,91.3,178.9
4/10/2018,2093.2,74.5,176.5,181
4/9/2018,1750.1,82.6,94.4,164.6
4/8/2018,1883.8,90.3,106.7,173.5
4/7/2018,2019.9,77.7,167.2,164.9
4/6/2018,1866.1,78.7,139.1,166.1
4/5/2018,1568.3,51,98.7,179.5
4/4/2018,1418.8,37,105.6,169.2
4/3/2018,1338.2,40.8,76.6,170.4
4/2/2018,1194.6,40.2,52.6,154.8
4/1/2018,1006.9,33.8,43.8,129.4
3/31/2018,1249.1,40.4,47,170.7
3/30/2018,1882.7,46.6,157.3,208.7
3/29/2018,1962,59,186.5,184.4
3/28/2018,2160.4,53.4,197.2,214.3
3/27/2018,2256.6,95.9,181.4,184.3
3/26/2018,2344.2,98.8,186.1,177
3/25/2018,2197.2,84.4,172.7,163.1
3/24/2018,2624.3,94.5,255.1,161.1
3/23/2018,1950.4,80.9,147.2,165.8
3/22/2018,2135.5,104.6,270.3,175.7
3/21/2018,2493.1,93.3,219.6,173.9
3/20/2018,2243,81.4,191.5,175.8
3/19/2018,2415.7,71.8,272.8,171.2
3/18/2018,1741.2,47.3,165.1,174.3
3/17/2018,2439.9,77.4,271.6,184.1
3/16/2018,3168.2,128.6,384.8,174.5
3/15/2018,2845,101.3,374.3,171
3/14/2018,2855.3,118.6,294.3,164.2
3/13/2018,3163,142.1,306.7,181.9
3/12/2018,1868,56.1,168.1,173.5
3/11/2018,2066.3,68.4,203.3,162.7
3/10/2018,2333.8,80.4,227.2,168.9
3/9/2018,3121.5,111,385.9,160.6
3/8/2018,3172.3,133.6,316.6,180.9
3/7/2018,2799.9,93.5,316,189.9
3/6/2018,2777.3,131.5,240.7,172
3/5/2018,2767.2,129.7,239.1,169
3/4/2018,2405.6,98.7,216,159.8
3/3/2018,2326,86,206.6,175
3/2/2018,2101.5,101.1,159.7,141.6
3/1/2018,3030.9,88.5,361.4,172.5
2/28/2018,1829.3,53.7,179.6,160.1
2/27/2018,2323.4,85.5,236.8,142.4
2/26/2018,2895,124.6,277.2,170.1
2/25/2018,3231.4,125.6,356.6,168.7
2/24/2018,1432.1,33.9,127.2,158.6
2/23/2018,2423.9,67.3,204.5,184.8
2/22/2018,2881,102.3,330.4,166.5
2/21/2018,2898.1,138.2,253.5,167.2
2/20/2018,2051.1,90.7,131,169.3
2/19/2018,2602.7,107.6,264.2,166.4
2/18/2018,1892.3,86.7,121.8,155.1
2/17/2018,2836.7,89.3,329.8,158
2/16/2018,2712,153.9,168.8,164.5
2/15/2018,3349.2,138.6,358.5,170.3
2/14/2018,3013.1,138.5,301.6,170.7
2/13/2018,3245.9,151.2,326.5,159.1
2/12/2018,2435.8,107.8,225.9,160.1
2/11/2018,3171.9,113.3,318.3,165
2/10/2018,2371.4,110.8,197.9,153.9
2/9/2018,3172.7,131.8,251.9,165.4
2/8/2018,2981.4,114.9,304.5,176.4
2/7/2018,3276.2,117.2,378.3,161.4
2/6/2018,3539.5,135.7,385.4,181.9
2/5/2018,2561.9,86.2,296.5,160.4
2/4/2018,2739.5,128,223.8,156.9
2/3/2018,3340.3,139.3,330.2,166.7
2/2/2018,3253.3,133.5,299.2,208
2/1/2018,2604.5,94.6,334.5,124.1
1/31/2018,2903.4,147.5,264.9,162.8
1/30/2018,2897.3,112.9,314.3,166.5
1/29/2018,2613.7,95.5,300.1,159
1/28/2018,2368,83.3,242.3,149.1
1/27/2018,3069.8,60.3,364.8,122.1
1/26/2018,3125.3,93.2,368.5,193.1
1/25/2018,3269.1,121.7,403.3,159
1/24/2018,2825.1,119.9,294.8,161.9
1/23/2018,2905.7,108.3,348.6,162.9
1/22/2018,2927.5,92.5,333.4,204.2
1/21/2018,2582.3,67.8,356.3,134
1/20/2018,2934.1,102.6,337.9,165.5
1/19/2018,2637.7,103.7,224.3,187.4
1/18/2018,2114.2,94.6,160.5,159.7
1/17/2018,2189,68,245.3,154.9
1/16/2018,2381.6,75.1,270.9,161.5
1/15/2018,2455.9,92.8,255.9,157.2
1/14/2018,2651.5,140.2,203.7,146.4
1/13/2018,2772.5,98.1,317.6,147.2
1/12/2018,2730.3,104.5,269.6,160.5
1/11/2018,2649.1,97.2,250.8,164.4
1/10/2018,2940,123.5,310.6,166.1
1/9/2018,2805.8,109.2,269,159.8
1/8/2018,3007,135.2,283.7,163.6
1/7/2018,2507.4,99,246.6,159
1/6/2018,1867.4,66.5,138.4,178.2
1/5/2018,2982.8,111.1,351,156.6
1/4/2018,2163.3,95.9,191.3,149.6
1/3/2018,2725,114.6,280,157.6
1/2/2018,2613.6,129.7,224.1,165.7
1/1/2018,2592.8,85.9,308.1,155
12/31/2017,2289.4,98.4,227.1,139.1
12/30/2017,1715.7,55.6,154,157.1
12/29/2017,2182.4,99,184,169.5
12/28/2017,2255.1,91.4,197.7,169.4
12/27/2017,2402,93.5,100,155.5
12/26/2017,1977.2,85.2,161.7,169
12/25/2017,1556.8,42.7,146,149.1
12/24/2017,1951.9,82.2,136.7,157.4
12/23/2017,1750.5,49.7,160.7,171.5
12/22/2017,3027,124,235.7,171.7
12/21/2017,1884,67.7,150,170.7
12/20/2017,2049.7,54.6,222.4,165
12/19/2017,2188,74.5,241.9,140.5
12/18/2017,3104,125.2,354.7,154.8
12/17/2017,1921.4,66.2,184.4,152.1
12/16/2017,2632.1,114.8,260.6,154.3
12/15/2017,3492.4,170.5,340.3,151.2
12/14/2017,2494.9,89.3,256.9,172.2
12/13/2017,2505.6,98.2,290.1,136.9
12/12/2017,2991.5,123.5,298.5,170.1
12/11/2017,2679.2,93.7,283.2,183.9
12/10/2017,2038.2,55.1,231.4,160.5
12/9/2017,2427.1,100.9,224,161.4
12/8/2017,2983.7,112,324.8,158.5
12/7/2017,2536.4,74.2,320.9,155.4
12/6/2017,2032.9,75.4,191.7,151.3
12/5/2017,2004.8,64.2,204.9,157.9
12/4/2017,2713.6,118.9,251.2,170.1
12/3/2017,2834.3,158.6,182.6,167
12/2/2017,3158.3,104.4,306.5,165.8
12/1/2017,2972.7,108.5,332.1,166.2
11/30/2017,2637.3,103.3,356.7,139
11/29/2017,2540.1,128.3,223.9,150.1
11/28/2017,2883.8,102.3,310.1,189.9
11/27/2017,2419.2,109.9,209.7,157.2
11/26/2017,2658,90.1,275.8,150.2
11/25/2017,1826.6,65,132,151.9
11/24/2017,2454.1,94.8,246.3,153.3
11/23/2017,2248.8,77.9,202,143
11/22/2017,2494.6,82.6,364.7,162.7
11/21/2017,2308.6,97,271.9,150.1
11/20/2017,3057.2,103.5,295.2,154
11/19/2017,2377,85.1,240.8,164.8
11/18/2017,2397.9,82.3,221,161.4
11/17/2017,2736.6,62.1,387.8,157.5
11/16/2017,3392,151.6,326.2,161.1
11/15/2017,2464.4,81.6,284,154.4
11/14/2017,2730.8,119.7,282.3,149.2
11/13/2017,3495,157.8,328.3,176.3
11/12/2017,2662.8,134.3,198.2,157.3
11/11/2017,3032.2,120.1,346.3,152.2
11/10/2017,2947.2,129.9,312.4,160.4
11/9/2017,3145.5,139.2,297,161.5
11/8/2017,2072.5,64.2,211.7,162
11/7/2017,2494.9,99.2,231.7,172.2
11/6/2017,2515.8,112.2,238.6,158.9
11/5/2017,2415,78,273.8,169
11/4/2017,2569.1,89.1,274.1,178.3
11/3/2017,2109.8,91.5,191.8,155
11/2/2017,2325.3,66.7,272.1,165.3
11/1/2017,2284.6,85.8,205.6,196
10/31/2017,2444.9,103.3,218.7,178.9
10/30/2017,2740.3,81.8,333.2,190.7
10/29/2017,1624.9,41.6,167.5,142.8
10/28/2017,2725.1,104.3,282.8,140.2