id,name,contact_email,contact_phone,country,rating
1,"Bowman, Cunningham and Mack",josephdavidson@armstrong-stone.biz,4959908393,Canada,4.9
2,"Watkins, Cantu and Jones",kfigueroa@gomez-young.com,830-539-2857x21,Canada,4.5
3,"Black, Peterson and Allen",dannysmith@howard.info,620.617.4055x94,Costa Rica,3.9
4,"Graves, Diaz and Webb",vhall@vargas.biz,841-982-8858x07,Colombia,3.4
5,Snyder Inc,lgarcia@galvan.com,(616)215-5728x1,Costa Rica,3.7
6,Boyd-Stevens,amberpearson@hill.com,818.951.3217,Mexico,3.9
7,Phillips Inc,uhampton@hunt-anderson.info,889.740.8062,USA,3.9
8,Ochoa and Sons,webbveronica@williams.net,001-788-290-411,Costa Rica,3.7
9,Kramer Group,william03@bridges-smith.com,817.970.5202,Canada,3.7
10,Brooks PLC,jordan28@thompson-brown.com,664.324.9853x41,Mexico,4.1
11,"Rowe, Peters and Hardy",alexanderkimberly@bishop.net,337.952.6470,USA,3.6
12,Cortez-Crawford,fisherchristina@poole-davis.com,436-613-2310,USA,3.4
13,Pace Ltd,christinejimenez@marsh.biz,(601)603-2017x3,Costa Rica,3.8
14,Riggs-Weaver,tracyrodriguez@diaz-davis.com,466.494.9696x14,USA,3.7
15,"Taylor, Winters and Bowman",charlesfriedman@mccullough.org,564.637.6610x34,Colombia,3.5
16,Jordan-Hall,gonzalezvernon@bauer-robinson.org,001-917-803-861,Canada,4.6
17,"Jenkins, Vance and Mclaughlin",egarcia@green.org,412.495.8129,Brazil,4.5
18,"Sutton, Jones and Williams",ronaldcox@lawson-thomas.info,001-367-482-347,Canada,4.2
19,Perez LLC,ysmith@bates.com,(735)874-8976x5,Canada,3.9
20,Williams Group,georgemarshall@calhoun.com,(702)555-2661x1,USA,4.7
21,Patterson Group,lynnsarah@medina-barrett.biz,(806)346-3035x5,USA,3.7
22,Jackson-Martinez,bonniepadilla@johnson.info,261.509.0190,Colombia,3.2
23,Lucas Group,kelly56@roberts.net,001-551-651-049,Mexico,4.7
24,Robinson-Richardson,jonathanblair@roberts-robertson.com,001-424-536-430,Canada,4.3
25,Jones-Henderson,mark74@allen.com,6374195289,Brazil,3.1
26,Brown LLC,kanekelsey@bridges-graham.com,273.948.7541x33,Canada,3.9
27,Armstrong PLC,amywilliams@williams.org,001-890-242-271,Peru,4.5
28,Owen LLC,mcfarlandheather@martin.biz,+1-762-521-8846,Brazil,4.3
29,"Gill, Schroeder and May",qkelley@carroll.com,001-818-934-182,Mexico,4.0
30,Moody-Lara,bonnie10@mays.com,001-314-230-796,Mexico,4.6
31,Nelson PLC,richdarryl@blevins.org,299.242.5652x98,Costa Rica,3.4
32,Scott-Meza,josborne@mitchell.com,(452)635-8390,Colombia,4.8
33,"Sparks, Weiss and Barrera",lowematthew@meyers.com,+1-590-790-2338,Brazil,3.1
34,Lane and Sons,james93@cooper.com,511-471-5626,Canada,4.2
35,Klein Ltd,monicabolton@clark.net,619.815.9872,Brazil,4.7
36,Mercado LLC,joshuafoster@harris.net,(627)626-3141,Canada,3.9
37,"Donovan, Sanchez and Stuart",cnguyen@roberts-gardner.info,(401)625-4216,USA,4.4
38,Moreno-Haney,larsonjacob@mcdonald.com,457-594-4940x16,USA,3.3
39,"White, Key and Smith",mmartinez@spears-hernandez.com,001-389-375-738,Costa Rica,3.7
40,Foster-Harris,mitchell08@oliver-collins.com,(388)485-0753,Canada,4.1
41,Hopkins and Sons,paultorres@johnson.com,+1-359-321-9062,Peru,3.7
42,Leonard-Alvarez,cameronwelch@mercado.com,001-883-218-861,Costa Rica,4.3
43,Kaiser-Curtis,freemanbrittany@martin.org,001-948-301-124,USA,4.9
44,Casey-Cook,tammymeyer@warner.com,001-616-367-316,Peru,3.4
45,"Escobar, Dixon and Cohen",robynfranklin@smith-carter.org,001-472-311-072,Peru,4.5
46,Mitchell and Sons,mdelacruz@edwards.info,(554)453-0707x4,Costa Rica,4.9
47,Martinez-Garcia,miranda26@gill-lee.com,949-850-0931,Canada,5.0
48,"Hill, Bryant and Hayes",oroberts@johnson-hutchinson.com,+1-725-633-6887,USA,4.7
49,Pierce-Brewer,ryanalvarado@gaines.net,(853)410-4190,Colombia,3.8
50,"Moody, Velasquez and Bailey",christine87@little.com,(589)331-8459,Colombia,4.4
51,"Campbell, Bennett and Blake",norrisrichard@carter.net,418.379.4106x74,Mexico,4.2
52,Bean Inc,royowens@cooper-tucker.net,555-379-5778,USA,3.0
53,"Owen, Gray and Parsons",carl75@thompson-mcdonald.com,490-289-6790x04,Mexico,4.7
54,Stephenson LLC,kevinwest@gray-garcia.org,6838517486,Canada,3.8
55,Simmons and Sons,keithfields@morgan.biz,367-202-1130,Canada,3.8
56,Jones-Lynn,maddenmelinda@harris-lopez.com,649-823-9367,Mexico,3.5
57,"Davis, Valencia and Cameron",grahamtracie@rivera.com,+1-722-255-8445,Peru,3.3
58,Hunter LLC,morganbarnett@hall-mason.com,791-272-9740x70,Peru,4.1
59,"Smith, Davis and Olson",sflores@austin.com,(354)652-6078x2,Peru,3.8
60,Bradley LLC,fwilliams@miller.com,+1-334-206-2132,USA,3.5
61,Stokes-Miller,josephmitchell@hernandez.info,677-546-4066x23,Canada,4.4
62,May-Perkins,nathanwolfe@rivera.info,001-368-846-354,Colombia,3.0
63,"Harris, Sanders and Hanna",benjaminlambert@brewer.info,(607)820-3570,USA,3.9
64,Scott Ltd,harrisjay@martinez-hester.com,(345)765-4934x4,Canada,3.3
65,"Fisher, Davis and Taylor",karenpeterson@taylor.com,986-904-2492x24,Costa Rica,3.8
66,"Miller, Ramos and Mcguire",bryce74@farmer.com,649.488.6179,Brazil,3.5
67,"Mahoney, Espinoza and Graham",michelle57@franklin.info,405-340-0456,Canada,3.9
68,Cole-Fernandez,wyoung@reed-massey.com,(455)813-1332,USA,4.7
69,Phillips Ltd,kevinballard@hanson.biz,835.497.0971,Brazil,4.8
70,Johnson-Gonzalez,scottmiller@mendoza.org,001-444-456-816,Costa Rica,4.8
71,"Fowler, Proctor and Wilson",markramirez@lynch.info,001-786-838-479,Mexico,4.3
72,"Nelson, Jones and Cooper",cainrebekah@reeves.org,761.430.7065x59,USA,3.1
73,"Waller, Day and Owens",brooke43@knapp.biz,564-217-2720,Canada,3.4
74,"Alvarez, Gonzalez and Greene",dianejohnson@matthews.org,+1-630-642-0993,Peru,3.7
75,Herring-Peterson,ebrown@glenn.com,456-747-0663,USA,3.0
76,Long Group,jrobbins@thomas.com,+1-569-452-3685,Brazil,3.1
77,"Wilson, Mccullough and Hernandez",andersondustin@hart.com,4463285101,USA,4.3
78,Giles-Anthony,garrettclark@barrett.com,001-858-582-571,Canada,4.3
79,Carter LLC,higginscarrie@stone-powell.com,(549)559-0986,Canada,3.7
80,Murray Ltd,moodyrichard@phillips.info,(509)725-8156,Colombia,4.7
81,"Lopez, Hill and Peterson",floydjoseph@erickson.com,263-462-1881,Colombia,4.9
82,Simpson Group,rjohnson@long.net,4522772805,Costa Rica,4.8
83,"Collins, Cobb and Gordon",tracisanchez@boyd.org,6665928895,Mexico,3.8
84,Rogers LLC,kyleanthony@diaz-horn.org,+1-668-423-1801,Brazil,3.8
85,Rowe Inc,thomasnancy@williams-price.com,7176289422,Costa Rica,3.3
86,Martinez-Russo,michaelsmith@myers.net,(682)437-1206,Colombia,3.6
87,Reyes-Howard,swright@white.com,(630)838-6491,Costa Rica,4.3
88,"Reed, Cervantes and Young",eric03@parker.com,(389)203-5618x8,Canada,3.6
89,"Jackson, Ball and Foster",davidfischer@campos.com,5569356218,Peru,3.8
90,"Small, Wallace and Johnson",lamblisa@baker.biz,(920)406-5819,Canada,3.4
91,Carpenter-Walters,lthomas@perry.com,001-496-569-521,Colombia,3.6
92,"Kirby, Stevens and Davidson",jennifer79@harris-huffman.com,(886)239-5635x1,Costa Rica,3.7
93,Mullins Ltd,rwatson@rodgers.org,(294)708-1578,Peru,4.9
94,Scott Inc,kgreen@rice.com,311.918.4159x24,Colombia,3.8
95,Knight Inc,zimmermanmelissa@serrano-mills.com,001-533-650-740,Peru,4.1
96,"Mcdowell, Johnston and Escobar",boonekatherine@alexander-rush.net,(589)803-2628x6,Peru,4.5
97,Peterson Inc,richarddawson@prince-chambers.com,(785)601-7811x0,Mexico,3.6
98,"Jones, Chapman and Costa",iwest@martin.com,449-668-1991x65,Costa Rica,4.5
99,"Anderson, Smith and Smith",melissa52@aguirre.com,924-954-3829,Mexico,3.2
100,"Clements, Sutton and Bond",morganrobert@cobb-hernandez.com,925.262.0986,Mexico,4.0
101,Hansen Group,sandrasmith@nash.net,(372)573-2341,Mexico,4.9
102,Bauer and Sons,maryjimenez@anderson.com,258-871-8724x33,Peru,3.1
103,Rogers PLC,hunttracy@lutz.com,(819)413-5305x7,Brazil,3.7
104,Garcia Inc,wardmelanie@cook.com,445.767.4416x39,Peru,4.5
105,Smith LLC,lmartinez@martin.info,(999)549-0680x6,Costa Rica,3.8
106,Saunders-Lewis,sullivansarah@nguyen-thompson.com,(375)738-0692,Colombia,3.8
107,Byrd LLC,sclark@cox.biz,(904)219-4729x1,Colombia,4.6
108,Luna-Gutierrez,tammyhensley@hardin-rodriguez.com,(404)476-3963x1,Mexico,4.8
109,Estes-Shah,qclark@jackson.biz,+1-272-255-1921,Costa Rica,3.7
110,"Campbell, Hall and Frey",dyerrobert@powers.org,3849555317,Costa Rica,3.0
111,Peterson-Pace,ericnorman@mccarthy.com,295.604.6319x31,Peru,4.9
112,"Walker, Roy and Howard",jstewart@collier-rose.net,938-266-5028x64,Peru,4.8
113,"Harris, Reyes and Sullivan",davidshea@guerrero.com,799-979-9350,Canada,4.4
114,Dillon Group,markhogan@brown.com,(806)708-2250x2,Costa Rica,4.5
115,"Fernandez, Stevens and Rojas",sharonpayne@hicks.com,+1-447-234-1838,Canada,3.4
116,Love PLC,rossjason@williams-clark.com,428.465.1524,Peru,3.8
117,Carrillo Inc,wendygarcia@mitchell.com,244-666-2734,Mexico,4.0
118,Sheppard and Sons,janicepacheco@gonzalez-barnett.com,(830)394-4511x4,Colombia,3.3
119,"Matthews, Velasquez and Anderson",bstephens@torres.biz,219.989.3651x29,USA,4.1
120,Woods and Sons,lmorris@johnson.com,203.948.2831,Canada,4.9
121,Rollins-Garcia,michael76@anderson.com,749.703.9422x97,Canada,3.7
122,Day-Wright,mgreen@gould-russell.com,(773)796-2636x7,Colombia,3.5
123,"Mercer, Obrien and Mendoza",qortiz@medina.info,(955)384-9845x4,Mexico,4.0
124,Atkinson and Sons,ukennedy@cooper.net,881-554-2794,Brazil,4.3
125,Gordon Group,shawnmcbride@hart.info,312.202.2839x16,Peru,4.4
126,Lewis Ltd,kimberly05@gomez.info,245-391-5115,Costa Rica,4.3
127,"Tran, Johnson and Wallace",nrussell@small-ingram.net,(991)323-7092x1,Canada,4.0
128,Hartman Inc,roblespamela@stewart-townsend.biz,001-328-233-367,Costa Rica,3.1
129,Oneal LLC,fmarks@wallace.com,813-267-3883,USA,3.6
130,Duran Group,owenssarah@briggs-kidd.com,001-251-811-659,Costa Rica,3.6
131,Davis Ltd,richard04@hampton.com,001-999-479-723,USA,3.4
132,Garcia Inc,lawrence14@meyer.com,+1-276-804-4654,Peru,3.9
133,Meyer Group,phillipburns@watson-todd.com,001-796-581-130,Brazil,3.2
134,"Baker, Martin and Edwards",robert30@robles.com,(608)266-5925,Peru,4.0
135,"Ford, Wallace and Moore",edwin15@green-hall.com,(480)832-8773x1,Canada,4.2
136,"Jenkins, Lamb and Tucker",michaeljohnson@reynolds-johnson.org,(666)799-1343x4,Canada,3.2
137,"Crane, Gonzales and Jones",bmiller@day.info,001-978-698-889,Brazil,4.6
138,Hale-Harris,millernicholas@walker.biz,881.500.8478x79,Mexico,4.3
139,Green Inc,etucker@waters-reed.com,4196304903,Canada,3.6
140,Cobb-Castro,whiteheadsarah@white.biz,001-645-719-556,Colombia,3.4
141,Murphy-Cowan,sean50@aguilar-young.com,001-699-696-374,Canada,3.3
142,"Suarez, Taylor and Rosales",alexanderreynolds@butler.net,(281)540-1313,Colombia,3.7
143,Rogers Ltd,dustinpage@jackson.com,472.486.6634x37,USA,4.4
144,"Cardenas, Guzman and Cabrera",priscillacurry@garcia.org,001-899-821-043,Colombia,4.3
145,Johnston PLC,mirandachristopher@norris-blair.com,758-644-2185x38,Mexico,4.1
146,"Bradley, Ellison and Ward",anthony66@roman-walters.com,(256)201-7986,Canada,4.1
147,"Rivas, Sosa and Welch",benjamin92@lopez.net,+1-855-624-1100,USA,3.9
148,Moore Ltd,lrogers@warren-kennedy.com,856-725-0242x09,Costa Rica,4.4
149,Jones LLC,adamslauren@walker-smith.biz,+1-963-211-2953,Colombia,4.2
150,"Aguirre, Hanson and Rosales",jamesmoore@burke-thomas.com,+1-812-204-2753,Mexico,3.4
151,"Jackson, Wilson and Stevens",rsmith@henderson.com,9606644126,USA,4.8
152,Brown Inc,eugenelee@salazar-smith.com,338-686-4578x01,Costa Rica,4.1
153,"Gates, Gates and Park",anne69@brown.com,+1-678-662-0666,Canada,4.3
154,Rich Group,leemike@roberts-baker.com,(468)748-1618,Colombia,3.6
155,Hoover Inc,thomasgloria@summers.com,416-624-9795,Costa Rica,3.8
156,"Clark, Huang and Brown",patricia03@brown.com,001-912-316-353,Colombia,4.2
157,Jones Ltd,lmartinez@johnson-perez.com,811-243-6073x30,USA,4.9
158,Ross-Thompson,houstonsherri@munoz.org,(620)288-2793,Costa Rica,4.0
159,Marshall Ltd,walkercynthia@tanner.org,(570)818-3166x4,Mexico,3.6
160,"Brown, Salazar and Anderson",fdominguez@bender.net,(364)594-9943x4,Costa Rica,5.0
161,"Wise, Oneill and Phillips",aguirrestephanie@friedman.com,(934)609-6328x3,Costa Rica,4.2
162,Mitchell-Pollard,brittanyking@gibson.com,+1-593-475-5343,Colombia,4.1
163,"Wright, Ryan and Moore",diamond35@sawyer.org,(746)946-7914x6,Costa Rica,4.9
164,"Jones, Nunez and Cox",yhardin@mcpherson.biz,607.206.8022,Peru,3.0
165,"Nixon, Cox and Harrell",tiffanyvaughn@mills-petty.biz,5215928351,Brazil,4.3
166,Wade-Golden,tamara79@reynolds.com,222.630.8153x86,Canada,4.0
167,"Green, Moore and Abbott",robinsonantonio@watts.com,+1-249-469-5978,Brazil,3.3
168,Gross-Archer,agardner@mitchell-valentine.com,6337110582,Colombia,4.5
169,Reyes-Ellis,jamie84@jones.biz,001-537-727-154,Colombia,3.0
170,Willis-Rowe,levyrobert@king-mitchell.com,001-828-584-984,Mexico,3.7
171,"Booker, Ramirez and Vasquez",xparks@alvarez.biz,839.806.6500x84,Canada,3.7
172,Berger-Brown,christine36@casey.com,248.501.6799x55,Colombia,3.9
173,Daniels LLC,woodshoward@nguyen.com,+1-537-739-5556,Brazil,4.0
174,"Leon, Lucas and Key",blakehill@perez.org,+1-696-888-1851,Canada,3.8
175,Green-Castillo,hmartin@martin.com,7977731861,Brazil,4.5
176,Woodard Group,youngfrancis@ramirez-ford.com,489-212-7261,Canada,3.4
177,Rivas-Miller,johnsonpatricia@hill.info,001-881-986-303,Peru,3.3
178,Payne-Sutton,yolandahughes@carter.com,001-989-819-738,Costa Rica,4.5
179,Coleman-Hernandez,austincarlson@porter-gibbs.com,449-544-4312x15,Canada,4.0
180,Carroll-Meyer,qburns@fowler.net,738-434-6557,Colombia,4.9
181,Nunez-Sweeney,jpeterson@harmon-whitehead.com,850.898.7568,Colombia,4.7
182,"Lopez, Young and Singh",sandracook@harrison.net,(719)897-2490,Costa Rica,4.8
183,Martin Inc,emoran@johnson-johnson.com,750.442.2447x54,Peru,4.4
184,"Clements, Campbell and Small",bmcdonald@scott.com,429-677-0241x15,Colombia,3.3
185,Ryan Inc,salazarbrian@jones-hamilton.com,(589)682-8684,USA,4.5
186,Little-Day,melissajones@perez-parker.biz,2875589725,Mexico,3.9
187,Hunter Inc,maryhodges@nelson.info,001-661-302-539,Canada,4.6
188,Carter-Glenn,jacob68@flynn-johnson.com,8894249507,Colombia,3.5
189,Allen PLC,ngreen@jordan.com,642-825-1352,Colombia,3.5
190,Bell Group,wendyfranklin@jones-kennedy.info,(692)862-9687x4,Costa Rica,3.8
191,Ward Ltd,cindygreen@ho.com,5066991089,USA,3.1
192,Burke-Romero,jwagner@nguyen.biz,360-486-0940x36,USA,4.9
193,Hayes-Moore,sfernandez@harris.biz,873-637-1350x52,Mexico,4.2
194,"Walker, Allen and Ortiz",gibsonemily@flores.com,001-961-795-824,Colombia,3.8
195,Salazar PLC,dsmith@anthony.com,676.483.1464x92,Brazil,3.1
196,Smith Inc,dallen@perry-holmes.info,861.600.0307x91,Costa Rica,4.7
197,"Smith, Harris and Garcia",craigbell@rodriguez.com,646.346.6301,Costa Rica,3.3
198,Collins LLC,ooliver@fitzgerald-baker.com,(350)976-1881x8,Peru,4.1
199,Walker Group,qgarcia@bishop.org,+1-217-485-7850,Peru,4.5
200,"Henderson, Thomas and Wong",kim48@aguilar.biz,+1-691-993-8281,Brazil,4.4
