sale_id,sale_date,region,channel,revenue,units
1,2025-10-09,us,wholesale,537.13,18
2,2026-03-09,us,online,319.73,11
3,2025-01-28,eu,online,428.23,11
4,2025-10-12,apac,online,334.27,8
5,2026-03-09,eu,retail,400.41,9
6,2025-04-10,latam,wholesale,728.48,21
7,2025-02-14,latam,online,421.88,9
8,2026-01-06,apac,online,306.88,8
9,2025-08-22,us,wholesale,562.97,13
10,2026-04-10,us,online,196.58,5
11,2025-08-03,apac,online,327.69,8
12,2025-09-08,eu,online,434.88,14
13,2025-08-13,apac,retail,261.45,6
14,2025-11-20,latam,wholesale,542.38,15
15,2025-11-19,eu,retail,429.66,10
16,2025-05-23,us,wholesale,609.57,19
17,2026-03-15,us,online,367.51,12
18,2025-04-04,us,online,278.23,7
19,2025-06-13,us,wholesale,495.76,17
20,2026-06-26,apac,retail,253.06,8
21,2025-04-28,us,retail,251.40,8
22,2026-03-22,us,wholesale,463.42,15
23,2025-09-27,eu,retail,499.26,13
24,2026-06-04,eu,online,501.42,13
25,2026-06-28,eu,retail,474.82,13
26,2025-11-11,eu,online,478.67,15
27,2025-03-22,latam,online,481.12,16
28,2025-05-12,us,retail,257.03,6
29,2026-06-25,us,wholesale,522.03,16
30,2025-07-25,apac,retail,261.96,6
31,2026-01-18,apac,online,311.74,10
32,2025-08-24,latam,online,453.63,12
33,2025-03-02,eu,retail,430.30,10
34,2026-05-13,eu,online,654.33,21
35,2026-04-30,eu,retail,418.49,12
36,2025-12-29,eu,online,590.56,17
37,2025-04-11,apac,retail,339.79,8
38,2026-04-05,eu,wholesale,891.90,29
39,2025-03-19,latam,online,333.91,9
40,2025-01-16,eu,retail,450.71,10
41,2025-06-20,us,retail,212.54,5
42,2025-01-03,us,wholesale,516.61,11
43,2026-04-11,latam,retail,329.99,8
44,2026-05-14,us,online,354.24,12
45,2025-03-04,latam,retail,343.82,9
46,2025-06-11,apac,retail,276.14,10
47,2025-03-12,apac,retail,245.14,8
48,2025-09-10,eu,retail,373.91,10
49,2026-06-20,eu,wholesale,800.56,20
50,2025-05-15,latam,online,466.67,12
51,2025-03-16,latam,online,501.77,13
52,2026-06-03,eu,online,525.09,16
53,2025-09-08,us,retail,228.48,5
54,2026-06-26,us,online,352.22,13
55,2025-04-17,us,online,317.93,11
56,2025-10-06,eu,online,507.45,15
57,2025-09-28,latam,online,390.78,9
58,2025-10-11,eu,online,518.39,18
59,2025-09-26,latam,wholesale,735.02,18
60,2025-06-02,us,wholesale,595.01,16
61,2025-06-01,us,online,290.48,8
62,2025-02-10,us,retail,243.59,6
63,2025-04-16,latam,online,389.92,9
64,2025-08-31,us,retail,269.34,6
65,2026-02-27,us,retail,286.47,8
66,2025-09-12,us,retail,247.30,8
67,2025-02-09,us,wholesale,505.76,12
68,2025-08-22,apac,online,336.22,11
69,2025-10-13,us,online,404.08,12
70,2025-12-06,us,online,255.99,6
71,2025-07-02,eu,retail,290.88,10
72,2025-11-18,us,online,279.12,8
73,2025-07-14,us,wholesale,477.32,17
74,2025-07-21,us,online,356.52,10
75,2025-12-05,eu,online,454.14,15
76,2026-02-23,us,online,262.87,8
77,2025-07-16,us,online,251.22,6
78,2025-11-05,us,online,340.97,10
79,2025-08-04,us,online,257.11,6
80,2025-08-07,apac,online,384.26,10
81,2025-06-23,us,retail,227.25,6
82,2025-08-29,us,wholesale,491.83,12
83,2025-01-26,latam,wholesale,915.38,23
84,2025-07-19,us,online,329.63,8
85,2025-06-01,apac,online,357.46,9
86,2026-03-12,us,wholesale,474.95,15
87,2026-04-21,us,retail,260.73,6
88,2026-06-28,apac,retail,296.12,6
89,2026-03-30,us,retail,229.05,6
90,2025-06-12,us,online,262.69,6
91,2025-09-11,apac,online,378.63,9
92,2026-03-27,apac,online,330.59,11
93,2025-11-24,latam,online,446.55,15
94,2025-08-08,apac,wholesale,558.36,19
95,2026-03-02,apac,online,435.54,12
96,2025-01-21,us,retail,260.77,6
97,2025-01-07,us,online,328.38,9
98,2025-08-14,us,retail,231.46,6
99,2026-02-03,latam,online,389.92,11
100,2025-05-11,latam,online,496.69,11
101,2025-01-28,apac,retail,319.60,7
102,2025-12-02,latam,online,457.48,14
103,2026-01-24,latam,retail,326.08,9
104,2025-02-23,us,online,387.09,8
105,2025-02-11,latam,online,433.35,14
106,2025-05-10,eu,wholesale,588.02,16
107,2026-04-22,eu,retail,389.40,13
108,2025-04-28,us,retail,215.86,5
109,2025-01-27,latam,online,490.94,11
110,2025-07-23,apac,retail,268.44,9
111,2025-04-15,us,online,323.91,8
112,2025-02-12,us,retail,216.93,6
113,2026-06-03,apac,online,355.86,10
114,2026-01-06,apac,online,354.49,9
115,2026-03-22,us,retail,255.66,6
116,2026-05-11,us,retail,302.93,8
117,2025-11-27,us,online,340.47,12
118,2026-04-21,us,online,245.54,6
119,2026-05-22,us,online,350.09,11
120,2025-10-10,us,online,281.63,7
121,2025-09-05,apac,wholesale,561.04,13
122,2026-05-18,us,online,289.27,8
123,2026-02-19,eu,online,500.92,13
124,2026-03-12,apac,online,325.50,7
125,2026-04-10,us,online,330.99,11
126,2025-07-09,latam,wholesale,750.29,24
127,2026-06-22,us,online,217.08,5
128,2025-11-06,latam,online,347.26,12
129,2025-02-25,apac,online,296.92,10
130,2025-01-13,us,online,281.69,7
131,2025-07-08,apac,online,392.18,9
132,2026-05-19,eu,wholesale,815.62,28
133,2025-06-02,us,wholesale,594.84,20
134,2026-03-03,latam,online,313.24,8
135,2026-06-20,us,online,242.48,7
136,2025-03-03,us,online,395.03,10
137,2025-08-01,us,retail,224.08,8
138,2025-06-10,latam,online,401.30,14
139,2025-10-26,apac,online,394.87,12
140,2025-08-28,us,wholesale,489.67,11
141,2025-07-22,us,online,259.75,7
142,2025-03-15,us,retail,256.37,9
143,2025-10-23,us,online,262.44,8
144,2026-05-21,apac,online,378.13,11
145,2025-11-27,us,retail,262.15,8
146,2025-01-22,us,retail,263.53,6
147,2025-02-11,us,online,337.05,9
148,2026-03-23,apac,online,333.28,8
149,2025-12-23,apac,wholesale,524.98,18
150,2026-05-23,latam,online,454.73,14
151,2025-02-07,us,retail,215.97,6
152,2026-06-11,us,online,308.76,7
153,2026-04-19,eu,retail,388.49,11
154,2025-02-22,us,online,312.03,10
155,2026-03-25,us,retail,295.13,10
156,2025-06-12,us,retail,242.79,7
157,2025-08-19,eu,online,657.71,18
158,2026-05-26,eu,retail,410.64,9
159,2026-03-02,latam,retail,402.70,12
160,2026-06-05,us,online,237.96,6
161,2026-03-01,eu,wholesale,737.93,22
162,2026-05-17,eu,retail,490.24,11
163,2025-12-07,apac,online,308.76,9
164,2025-09-02,latam,wholesale,654.87,17
165,2025-02-14,latam,retail,324.59,7
166,2025-06-05,apac,retail,323.58,9
167,2025-12-06,eu,online,606.80,17
168,2025-05-28,apac,online,295.76,8
169,2026-04-26,us,wholesale,545.93,14
170,2025-12-03,apac,wholesale,522.82,12
171,2025-11-21,us,online,247.40,7
172,2025-08-29,apac,online,295.44,8
173,2025-04-03,us,retail,228.00,6
174,2025-11-03,us,online,306.61,7
175,2025-10-28,eu,retail,382.62,12
176,2025-07-04,apac,online,395.61,13
177,2025-09-04,eu,retail,349.97,11
178,2025-01-10,us,online,335.78,8
179,2025-06-11,apac,online,453.11,10
180,2025-09-14,latam,retail,388.54,11
181,2026-05-10,latam,retail,375.71,11
182,2025-01-23,latam,retail,369.13,8
183,2025-02-20,us,online,391.26,9
184,2025-08-24,us,retail,214.64,6
185,2025-09-14,latam,online,393.85,10
186,2025-02-10,us,online,248.31,7
187,2025-05-15,apac,online,390.49,9
188,2026-01-10,latam,wholesale,725.05,19
189,2025-09-21,us,retail,299.34,7
190,2025-04-28,latam,retail,293.01,8
191,2025-08-20,eu,retail,467.13,10
192,2026-01-10,us,retail,204.41,7
193,2025-05-07,apac,online,298.01,7
194,2026-01-16,us,retail,281.47,9
195,2025-12-02,latam,wholesale,738.32,25
196,2025-11-06,us,retail,229.66,6
197,2025-02-08,eu,wholesale,793.04,27
198,2026-04-10,us,wholesale,543.22,16
199,2026-03-06,us,retail,200.43,5
200,2026-02-22,us,retail,240.98,5
201,2025-08-11,latam,online,311.38,7
202,2026-01-03,eu,online,573.29,20
203,2026-04-11,latam,retail,367.90,9
204,2025-12-08,us,wholesale,501.66,15
205,2025-03-12,eu,online,558.13,14
206,2025-06-01,us,online,259.87,6
207,2025-05-29,us,online,384.96,9
208,2025-05-15,eu,retail,411.13,15
209,2025-11-28,us,online,328.13,11
210,2025-03-07,apac,wholesale,581.37,16
211,2025-04-22,us,online,275.67,7
212,2026-06-18,us,retail,246.05,7
213,2026-05-06,us,wholesale,574.92,19
214,2025-03-24,us,online,300.30,9
215,2025-11-29,eu,wholesale,733.30,22
216,2025-04-28,apac,online,399.65,9
217,2025-08-09,us,retail,207.09,6
218,2025-04-08,us,online,332.05,10
219,2025-06-06,latam,online,407.38,14
220,2026-01-17,eu,online,454.74,11
221,2025-12-04,us,online,315.08,7
222,2025-02-22,us,online,267.55,6
223,2026-06-04,us,online,348.64,11
224,2026-01-12,eu,retail,487.01,16
225,2026-03-16,latam,online,508.70,12
226,2025-01-27,us,online,244.97,6
227,2025-01-30,us,online,361.51,11
228,2025-05-27,latam,wholesale,804.50,21
229,2025-02-01,apac,wholesale,647.26,19
230,2025-11-16,apac,wholesale,622.33,15
231,2025-03-28,us,online,315.56,8
232,2026-03-30,eu,wholesale,793.15,20
233,2025-10-07,apac,online,371.11,11
234,2026-05-14,eu,online,593.04,16
235,2025-02-26,latam,online,473.65,15
236,2025-12-02,eu,online,522.55,17
237,2025-05-13,apac,online,310.82,8
238,2025-03-15,us,retail,270.71,8
239,2026-04-16,us,online,363.05,9
240,2026-03-04,us,retail,237.57,7
241,2025-06-25,apac,retail,303.20,7
242,2025-04-19,us,wholesale,404.20,12
243,2026-02-10,us,online,380.71,12
244,2025-04-27,us,wholesale,410.72,11
245,2025-12-26,latam,retail,333.19,8
246,2025-07-22,latam,wholesale,536.90,17
247,2025-03-19,eu,retail,453.98,12
248,2026-04-05,us,retail,284.48,7
249,2025-11-27,us,online,333.26,11
250,2025-11-07,eu,online,453.97,11
251,2025-03-17,us,online,318.67,11
252,2025-04-03,us,wholesale,538.67,14
253,2025-02-12,apac,online,285.18,7
254,2025-06-04,latam,online,459.20,10
255,2025-12-18,apac,retail,302.42,8
256,2026-03-26,eu,retail,413.69,11
257,2025-10-17,us,online,282.27,7
258,2025-12-09,eu,online,589.98,20
259,2025-10-18,eu,online,518.47,11
260,2025-03-25,us,wholesale,661.62,17
261,2026-02-06,eu,online,587.57,20
262,2025-12-03,us,online,380.75,9
263,2026-06-24,us,retail,307.89,8
264,2025-08-08,eu,online,571.51,17
265,2025-05-21,us,wholesale,507.13,12
266,2026-06-24,apac,online,389.92,14
267,2025-05-15,latam,retail,324.43,10
268,2025-06-19,us,online,321.65,8
269,2025-09-01,eu,online,604.14,15
270,2025-09-02,us,online,290.61,9
271,2025-07-18,us,online,241.11,5
272,2026-01-27,apac,online,437.33,12
273,2025-07-24,apac,wholesale,587.94,18
274,2025-04-16,us,retail,251.35,6
275,2025-03-27,apac,wholesale,580.54,13
276,2025-08-16,eu,online,470.36,11
277,2026-03-01,us,retail,272.12,8
278,2025-01-29,us,online,313.96,9
279,2025-12-10,eu,retail,422.98,13
280,2025-05-23,us,retail,224.86,5
281,2025-03-23,apac,online,389.90,13
282,2026-03-10,us,online,302.99,10
283,2025-02-18,latam,online,435.35,11
284,2026-05-27,eu,retail,487.07,13
285,2025-09-05,eu,online,509.83,18
286,2025-07-11,latam,online,388.02,10
287,2025-03-11,eu,retail,475.90,11
288,2026-04-27,apac,wholesale,551.00,19
289,2025-01-17,apac,online,349.93,11
290,2025-12-07,us,wholesale,554.81,18
291,2025-06-29,latam,online,467.93,10
292,2025-05-19,apac,wholesale,484.10,17
293,2025-10-28,us,online,319.08,7
294,2026-02-12,latam,online,517.13,11
295,2025-07-15,apac,online,340.65,12
296,2026-01-12,us,online,412.98,12
297,2026-01-31,apac,online,345.26,9
298,2025-10-01,apac,retail,306.84,7
299,2025-07-04,us,wholesale,431.35,15
300,2026-03-13,us,online,325.03,10
301,2025-12-28,apac,online,325.35,8
302,2026-02-20,us,wholesale,439.34,13
303,2025-02-01,us,online,330.72,8
304,2026-01-11,eu,wholesale,938.72,27
305,2025-06-07,us,wholesale,419.45,12
306,2026-06-27,us,online,220.80,6
307,2025-04-27,latam,online,462.67,12
308,2025-09-24,us,wholesale,485.99,12
309,2026-05-18,latam,online,438.58,15
310,2025-03-31,latam,retail,365.21,9
311,2025-12-22,us,retail,230.85,7
312,2025-06-28,latam,wholesale,587.02,14
313,2025-07-25,apac,wholesale,589.27,16
314,2026-04-24,latam,online,393.39,9
315,2025-03-30,us,online,372.10,9
316,2026-02-24,apac,online,377.48,9
317,2025-03-17,eu,retail,344.32,10
318,2025-07-06,us,retail,253.44,6
319,2025-02-26,eu,online,556.90,17
320,2025-08-19,latam,retail,300.50,9
321,2025-03-22,us,retail,239.84,6
322,2025-04-06,eu,online,608.60,16
323,2025-06-07,latam,retail,371.45,8
324,2025-02-12,latam,retail,394.84,9
325,2025-09-29,eu,wholesale,732.82,21
326,2025-10-24,us,online,279.21,7
327,2026-02-20,latam,online,424.10,15
328,2025-07-28,apac,online,376.08,11
329,2025-11-23,eu,retail,406.17,9
330,2025-04-19,eu,online,396.70,12
331,2025-09-11,apac,online,368.82,8
332,2025-06-13,us,online,308.98,7
333,2025-07-14,us,retail,242.79,7
334,2025-01-24,apac,online,309.44,10
335,2025-09-04,apac,online,368.76,13
336,2026-04-27,apac,retail,319.47,10
337,2025-05-18,eu,wholesale,951.05,23
338,2025-07-19,apac,online,313.10,9
339,2026-04-07,latam,online,433.78,9
340,2025-04-10,us,wholesale,484.11,14
341,2026-01-10,us,online,300.75,8
342,2025-05-21,apac,wholesale,529.97,13
343,2025-06-02,us,online,265.97,8
344,2025-11-03,us,wholesale,488.06,13
345,2026-05-17,apac,online,350.65,8
346,2026-03-03,apac,online,324.75,8
347,2025-01-28,us,retail,221.44,6
348,2025-08-22,us,online,283.82,7
349,2026-01-25,us,wholesale,594.22,21
350,2025-01-20,us,wholesale,549.69,15
351,2025-07-28,apac,online,296.91,7
352,2025-03-05,us,retail,266.55,7
353,2026-05-05,apac,online,322.99,10
354,2025-12-29,us,online,295.02,7
355,2025-09-28,us,online,281.88,9
356,2025-11-01,us,online,318.25,8
357,2026-05-16,us,online,319.78,7
358,2025-05-05,us,online,330.43,9
359,2026-02-09,apac,retail,323.80,8
360,2025-03-22,latam,online,313.34,9
361,2026-05-06,apac,online,378.18,12
362,2025-04-22,us,online,408.50,10
363,2026-06-28,us,online,339.46,11
364,2025-05-21,latam,online,467.13,17
365,2026-02-21,us,retail,230.01,6
366,2025-10-22,us,retail,213.65,6
367,2025-04-02,us,retail,254.53,6
368,2025-06-29,us,wholesale,445.77,13
369,2025-02-07,us,retail,268.96,7
370,2025-10-24,us,retail,239.49,5
371,2025-04-20,eu,online,570.77,16
372,2025-05-18,us,online,319.22,7
373,2025-04-26,apac,wholesale,521.61,13
374,2025-12-12,us,wholesale,561.62,13
375,2025-06-29,us,retail,232.82,7
376,2026-02-15,apac,online,320.42,8
377,2025-11-28,latam,wholesale,696.89,20
378,2025-12-04,apac,online,358.02,11
379,2026-01-04,us,wholesale,472.74,16
380,2026-05-30,latam,online,412.70,9
381,2025-05-01,us,retail,195.95,6
382,2026-05-05,latam,retail,268.92,9
383,2026-03-02,us,online,276.35,7
384,2025-09-11,us,retail,179.26,4
385,2026-06-23,us,retail,220.62,8
386,2026-06-02,us,wholesale,568.95,18
387,2026-06-17,apac,wholesale,478.51,12
388,2026-04-02,apac,retail,306.65,7
389,2026-04-13,apac,online,309.13,8
390,2025-09-18,latam,wholesale,646.72,15
391,2025-02-16,us,online,250.41,7
392,2026-04-29,eu,retail,451.75,16
393,2026-03-07,apac,retail,236.69,7
394,2025-03-24,us,online,353.81,9
395,2025-12-23,us,online,427.85,12
396,2025-01-04,eu,retail,522.43,13
397,2026-03-11,us,online,234.31,7
398,2025-04-26,latam,online,410.85,14
399,2025-01-17,us,online,335.88,9
400,2025-02-19,apac,online,376.10,12
401,2025-08-11,eu,online,522.97,17
402,2025-11-23,us,online,237.74,6
403,2025-08-31,us,retail,234.88,6
404,2025-03-04,latam,online,457.19,12
405,2025-06-29,us,retail,244.14,7
406,2026-01-26,us,retail,218.37,5
407,2025-06-02,latam,online,419.86,11
408,2025-05-28,latam,online,461.29,11
409,2026-03-03,us,online,281.92,9
410,2026-04-06,latam,online,420.25,10
411,2025-07-15,eu,retail,462.05,12
412,2025-08-11,eu,wholesale,862.91,24
413,2025-01-16,us,online,305.55,7
414,2025-09-06,us,retail,258.16,6
415,2025-09-03,us,online,269.20,8
416,2025-09-25,apac,online,336.00,10
417,2026-04-26,us,online,302.31,10
418,2025-08-15,latam,wholesale,615.65,15
419,2026-03-04,eu,online,508.45,16
420,2025-12-12,us,online,360.50,11
421,2026-05-18,us,retail,194.62,6
422,2025-07-08,eu,online,544.70,12
423,2025-03-02,apac,online,278.36,9
424,2025-01-07,us,wholesale,463.50,13
425,2025-06-04,us,online,342.67,10
426,2026-05-10,us,online,337.74,8
427,2026-02-26,eu,online,596.40,18
428,2026-03-17,us,wholesale,485.26,11
429,2025-04-09,us,wholesale,437.73,11
430,2026-02-11,latam,online,424.15,14
431,2025-09-07,us,online,325.71,8
432,2025-02-02,us,online,298.42,10
433,2025-02-27,apac,online,316.05,11
434,2025-12-06,us,online,257.53,7
435,2026-06-25,us,wholesale,516.37,12
436,2025-10-05,us,online,320.87,11
437,2025-02-03,eu,retail,457.79,16
438,2026-02-12,latam,wholesale,833.34,19
439,2026-02-03,latam,online,401.52,12
440,2025-03-22,us,retail,207.79,6
441,2026-03-24,us,wholesale,482.56,12
442,2025-12-01,us,online,350.89,12
443,2026-05-18,latam,retail,351.17,10
444,2026-01-25,latam,online,494.87,17
445,2025-03-17,us,retail,284.20,7
446,2025-11-21,us,retail,277.18,8
447,2026-04-01,eu,retail,390.78,13
448,2026-06-09,latam,online,461.54,13
449,2025-04-06,eu,online,430.34,10
450,2025-03-28,eu,online,457.47,11
451,2025-09-06,us,retail,250.36,7
452,2026-05-20,eu,online,503.38,16
453,2025-11-03,latam,online,409.46,13
454,2025-07-20,latam,online,432.04,12
455,2026-02-10,eu,wholesale,763.38,18
456,2025-05-20,latam,online,492.43,15
457,2026-05-06,us,online,294.22,6
458,2026-05-18,latam,online,552.67,12
459,2025-10-15,us,online,314.59,10
460,2025-07-04,us,online,298.29,7
461,2026-04-18,us,retail,288.66,7
462,2026-02-23,us,wholesale,466.14,12
463,2025-09-16,eu,online,466.31,11
464,2026-05-06,eu,retail,349.55,9
465,2026-03-05,apac,retail,229.16,7
466,2025-03-29,us,online,282.76,9
467,2025-06-20,latam,online,420.63,9
468,2025-12-06,us,online,325.35,7
469,2025-09-22,apac,wholesale,596.05,16
470,2026-01-19,us,online,400.61,11
471,2026-05-28,us,online,373.29,10
472,2025-03-29,latam,retail,460.81,15
473,2025-11-16,us,wholesale,424.31,11
474,2026-04-09,latam,wholesale,808.57,24
475,2025-04-28,latam,retail,381.46,13
476,2025-09-07,us,retail,243.73,7
477,2026-03-13,us,online,363.21,10
478,2026-03-19,latam,online,420.33,12
479,2026-04-06,us,retail,216.08,5
480,2025-03-06,latam,retail,321.57,8
481,2026-01-10,us,online,281.70,9
482,2025-11-17,us,online,335.36,9
483,2025-12-23,us,online,308.41,10
484,2025-03-28,us,retail,296.53,7
485,2025-04-30,latam,online,462.41,12
486,2026-01-28,apac,wholesale,673.02,19
487,2025-06-27,apac,online,312.85,10
488,2025-02-24,latam,online,409.76,9
489,2025-07-19,us,online,336.95,9
490,2026-03-02,apac,online,257.90,6
491,2025-02-01,apac,wholesale,589.87,21
492,2026-04-14,latam,online,395.08,10
493,2026-06-08,us,online,313.43,7
494,2025-02-12,us,online,311.57,7
495,2026-03-12,apac,online,425.07,10
496,2026-04-06,latam,retail,390.63,12
497,2025-05-01,us,wholesale,486.79,11
498,2026-03-15,us,online,305.82,10
499,2025-07-31,eu,wholesale,876.28,23
500,2025-10-27,us,wholesale,457.45,14
501,2025-04-08,latam,retail,389.27,11
502,2025-05-10,eu,online,598.20,15
503,2025-11-26,eu,wholesale,912.02,23
504,2025-10-03,apac,online,295.57,8
505,2025-04-06,apac,wholesale,481.72,12
506,2026-05-15,us,online,334.35,10
507,2025-04-06,eu,retail,409.39,10
508,2026-02-12,latam,wholesale,597.22,19
509,2025-10-02,apac,wholesale,551.05,15
510,2025-12-18,eu,retail,452.57,10
511,2026-04-16,us,wholesale,611.94,20
512,2026-03-15,apac,retail,296.13,9
513,2025-11-06,us,wholesale,616.88,19
514,2026-01-16,us,online,413.54,10
515,2025-11-09,us,wholesale,519.78,15
516,2025-08-07,eu,wholesale,666.39,18
517,2026-04-01,eu,online,616.08,14
518,2025-05-16,us,online,303.24,8
519,2025-04-15,latam,wholesale,750.99,22
520,2025-05-17,apac,retail,307.98,8
521,2025-01-09,us,wholesale,506.37,15
522,2026-02-26,latam,retail,328.21,8
523,2025-04-13,apac,wholesale,598.59,15
524,2025-05-24,latam,online,450.39,14
525,2025-10-19,us,online,346.14,8
526,2026-06-15,us,online,274.45,7
527,2025-02-25,latam,online,449.33,14
528,2025-03-14,apac,online,284.96,8
529,2025-11-21,us,retail,278.63,7
530,2026-04-28,apac,online,423.27,9
531,2025-03-11,us,wholesale,520.01,12
532,2025-10-21,us,online,302.17,8
533,2026-02-16,apac,online,406.55,10
534,2026-06-08,latam,online,461.68,10
535,2025-12-01,us,wholesale,416.81,10
536,2026-03-24,us,wholesale,593.83,14
537,2025-03-30,us,wholesale,505.45,13
538,2025-06-29,eu,online,505.87,17
539,2025-06-17,us,retail,238.33,6
540,2026-01-16,us,online,300.75,10
541,2025-05-01,us,online,301.18,7
542,2025-03-20,latam,wholesale,668.03,18
543,2025-06-20,apac,wholesale,540.25,18
544,2025-08-22,us,retail,286.24,7
545,2025-01-13,eu,retail,417.93,12
546,2025-02-06,eu,retail,472.37,12
547,2026-03-06,us,retail,243.47,5
548,2026-01-17,latam,retail,374.79,12
549,2025-08-17,us,wholesale,596.80,13
550,2025-10-17,eu,online,354.00,8
551,2026-04-13,latam,wholesale,743.19,19
552,2026-04-21,latam,online,431.73,12
553,2025-07-20,us,retail,236.02,6
554,2025-01-25,eu,retail,353.60,11
555,2025-01-10,latam,retail,346.13,9
556,2025-04-17,us,retail,239.53,8
557,2025-03-03,us,online,319.66,10
558,2026-06-17,eu,online,514.07,15
559,2025-03-28,us,online,262.66,7
560,2025-03-05,apac,online,335.09,9
561,2025-09-25,us,online,348.67,10
562,2026-04-09,us,online,233.81,7
563,2025-04-22,eu,wholesale,865.50,24
564,2025-08-01,apac,online,381.45,11
565,2025-04-03,apac,retail,316.85,7
566,2025-12-02,us,wholesale,617.87,20
567,2026-02-10,us,retail,219.81,7
568,2026-02-19,us,wholesale,472.68,11
569,2025-04-07,us,online,264.49,9
570,2025-08-16,eu,retail,437.29,14
571,2025-03-28,us,online,275.78,6
572,2026-03-31,eu,wholesale,793.79,19
573,2025-12-06,eu,retail,501.61,17
574,2026-02-09,us,online,359.85,10
575,2025-12-29,apac,online,366.12,11
576,2025-09-09,us,wholesale,516.17,13
577,2026-05-06,apac,retail,313.97,10
578,2026-06-23,latam,retail,356.50,11
579,2025-01-20,us,online,362.69,11
580,2026-05-30,apac,online,354.98,11
581,2025-08-13,latam,wholesale,836.08,25
582,2026-01-02,us,online,312.02,7
583,2025-04-13,us,retail,240.29,6
584,2025-08-13,us,retail,261.39,7
585,2025-06-27,us,online,321.60,8
586,2025-01-29,us,retail,306.53,8
587,2025-05-26,latam,online,399.26,9
588,2025-11-13,us,online,291.02,9
589,2025-08-13,eu,wholesale,944.95,28
590,2025-12-15,us,retail,272.58,7
591,2025-11-28,us,retail,255.16,6
592,2026-06-23,eu,wholesale,852.63,20
593,2026-02-10,us,online,272.04,8
594,2026-03-24,us,retail,226.58,5
595,2025-06-28,us,online,287.71,7
596,2025-06-29,us,online,285.20,8
597,2025-07-01,us,online,288.36,6
598,2025-02-03,apac,retail,204.49,7
599,2025-08-15,latam,retail,331.63,9
600,2025-12-22,latam,wholesale,658.23,14
601,2025-04-01,latam,retail,370.75,9
602,2025-08-03,latam,wholesale,577.31,18
603,2025-04-21,eu,online,516.38,14
604,2026-02-28,apac,wholesale,554.66,15
605,2025-04-14,apac,online,396.20,10
606,2026-04-08,us,online,244.15,8
607,2025-11-23,us,online,298.82,9
608,2025-03-18,us,wholesale,507.03,13
609,2026-05-10,us,wholesale,462.74,12
610,2025-02-24,us,online,294.02,10
611,2025-09-29,latam,wholesale,651.05,22
612,2026-05-18,apac,online,329.28,11
613,2025-10-29,latam,online,462.37,13
614,2025-10-26,eu,wholesale,706.95,16
615,2026-02-12,apac,wholesale,431.73,13
616,2026-01-15,us,online,350.49,8
617,2025-09-27,apac,online,328.61,8
618,2025-04-10,us,wholesale,554.59,19
619,2025-08-21,latam,online,336.64,8
620,2026-05-02,apac,online,332.63,9
621,2026-02-09,latam,online,496.91,13
622,2025-05-31,us,retail,213.85,7
623,2025-06-21,us,wholesale,583.12,19
624,2026-03-22,apac,retail,277.07,9
625,2025-09-22,us,wholesale,440.61,10
626,2025-11-30,eu,online,611.06,14
627,2025-01-13,apac,retail,298.99,8
628,2025-06-01,apac,online,301.24,8
629,2025-04-13,us,retail,304.85,10
630,2025-12-19,latam,online,399.84,9
631,2026-04-30,latam,online,470.28,15
632,2025-02-09,us,online,342.53,10
633,2025-02-20,us,online,297.84,7
634,2025-11-07,eu,retail,303.61,9
635,2025-04-11,us,retail,260.41,8
636,2025-11-25,us,retail,236.44,7
637,2025-07-12,apac,online,270.77,8
638,2026-01-18,apac,online,394.22,9
639,2025-11-15,apac,wholesale,558.35,13
640,2025-06-27,apac,online,317.50,10
641,2025-09-13,us,retail,249.08,7
642,2026-04-21,latam,online,433.43,12
643,2025-02-01,us,wholesale,539.77,15
644,2025-12-25,us,online,341.65,10
645,2025-04-03,us,online,292.22,9
646,2025-08-15,us,retail,299.03,8
647,2026-02-24,us,online,254.88,6
648,2025-05-16,us,online,328.30,8
649,2025-09-16,us,wholesale,416.36,10
650,2026-01-21,us,online,274.44,6
651,2025-11-06,apac,online,324.42,9
652,2026-01-19,eu,online,415.59,11
653,2025-04-21,us,online,298.84,9
654,2025-11-02,latam,online,435.35,14
655,2025-02-28,apac,online,386.55,10
656,2025-01-27,us,online,266.96,7
657,2026-03-05,us,online,251.44,7
658,2025-12-18,us,retail,266.55,6
659,2026-05-03,latam,online,494.12,13
660,2025-07-05,us,retail,216.18,6
661,2025-07-07,apac,retail,358.02,9
662,2025-11-11,latam,online,393.78,11
663,2025-10-29,us,online,282.44,10
664,2025-03-14,us,online,339.54,9
665,2026-01-26,latam,wholesale,604.26,14
666,2025-12-17,eu,retail,406.39,11
667,2026-04-14,us,retail,307.82,10
668,2025-07-01,eu,online,617.34,18
669,2025-08-03,eu,online,522.66,13
670,2025-04-01,apac,retail,267.05,9
671,2026-03-16,apac,online,401.47,14
672,2025-01-15,latam,online,419.03,10
673,2025-01-19,us,online,277.55,9
674,2025-05-13,us,online,284.44,10
675,2025-03-08,apac,online,376.27,11
676,2025-12-12,us,online,272.91,8
677,2026-05-17,us,wholesale,509.66,11
678,2025-08-22,us,online,317.99,10
679,2025-01-23,us,wholesale,450.37,13
680,2025-09-19,us,wholesale,515.09,12
681,2025-02-19,us,online,304.25,11
682,2026-01-25,us,online,285.19,9
683,2025-07-30,latam,retail,324.34,10
684,2025-10-04,us,online,281.62,7
685,2025-04-18,us,online,279.40,8
686,2025-07-24,us,online,296.37,7
687,2026-01-02,us,retail,233.05,8
688,2026-05-08,apac,wholesale,520.62,15
689,2025-04-24,eu,online,567.35,18
690,2025-04-14,eu,online,440.20,10
691,2025-10-31,us,online,333.86,8
692,2026-01-04,us,retail,249.20,6
693,2025-04-08,latam,retail,395.56,14
694,2025-12-03,eu,online,414.47,12
695,2025-04-06,apac,online,332.44,11
696,2026-01-30,apac,online,388.40,10
697,2025-06-20,apac,online,410.55,14
698,2026-03-03,us,wholesale,537.98,12
699,2026-03-25,apac,online,377.67,11
700,2025-05-14,eu,online,575.39,16
701,2026-03-28,apac,retail,313.80,9
702,2025-08-18,us,online,343.92,8
703,2026-06-20,us,online,313.89,9
704,2026-01-30,us,online,253.75,8
705,2025-02-25,us,retail,307.04,8
706,2025-06-19,apac,online,367.37,13
707,2025-10-12,apac,online,389.14,10
708,2026-04-16,apac,online,369.54,10
709,2026-05-26,us,wholesale,505.44,14
710,2026-02-27,us,wholesale,546.56,19
711,2025-11-08,us,retail,299.87,8
712,2025-02-25,apac,online,324.63,8
713,2026-04-30,us,online,292.89,8
714,2025-01-03,eu,online,462.00,14
715,2025-10-26,us,retail,213.37,7
716,2026-02-24,us,online,289.72,10
717,2026-02-07,us,wholesale,561.74,18
718,2025-02-17,latam,retail,419.22,9
719,2026-04-07,us,online,253.68,7
720,2025-02-19,us,wholesale,500.33,13
721,2026-06-05,apac,online,378.40,9
722,2025-04-17,latam,retail,255.10,7
723,2026-06-01,us,retail,292.62,8
724,2026-02-12,us,online,306.61,7
725,2025-05-17,us,online,331.60,8
726,2025-11-18,apac,retail,323.83,8
727,2025-07-25,us,online,314.27,8
728,2025-07-02,us,wholesale,568.28,15
729,2025-04-29,us,online,338.50,9
730,2025-10-20,us,retail,203.06,5
731,2025-04-20,apac,wholesale,614.25,15
732,2025-06-14,latam,retail,347.66,8
733,2025-03-05,us,wholesale,516.38,12
734,2025-04-15,eu,retail,377.12,10
735,2025-08-18,us,online,332.54,10
736,2025-10-22,us,retail,203.07,5
737,2026-03-03,eu,online,684.00,20
738,2025-09-15,us,wholesale,488.84,15
739,2026-03-30,us,retail,270.55,7
740,2025-07-21,us,retail,205.94,5
741,2025-07-01,us,online,314.09,7
742,2025-02-11,us,wholesale,477.65,13
743,2025-09-19,us,wholesale,608.04,14
744,2025-02-22,eu,retail,417.98,10
745,2025-11-05,us,retail,226.14,7
746,2025-08-14,us,online,302.79,7
747,2025-06-13,apac,retail,250.95,8
748,2025-12-06,latam,wholesale,739.64,22
749,2026-06-28,latam,retail,291.67,7
750,2025-12-21,us,wholesale,548.99,15
751,2025-09-07,us,online,352.73,10
752,2026-01-31,us,retail,228.86,7
753,2026-06-14,us,wholesale,504.44,12
754,2025-07-17,apac,wholesale,515.75,15
755,2025-01-08,eu,wholesale,784.02,20
756,2025-04-17,latam,online,404.59,13
757,2026-03-22,us,retail,198.69,5
758,2025-12-06,eu,online,402.24,14
759,2025-09-15,eu,wholesale,710.00,22
760,2026-02-19,latam,online,405.91,11
761,2025-01-07,eu,online,465.39,11
762,2025-03-16,us,retail,233.35,7
763,2025-11-05,apac,online,332.46,7
764,2025-02-01,apac,retail,270.56,7
765,2026-02-05,apac,wholesale,614.96,18
766,2026-01-18,us,online,260.12,6
767,2025-05-25,eu,retail,419.58,11
768,2025-11-09,apac,retail,290.43,9
769,2025-08-05,us,retail,204.59,5
770,2025-09-16,latam,online,468.79,15
771,2025-02-25,latam,retail,400.99,9
772,2025-10-25,apac,online,279.40,7
773,2026-05-14,latam,wholesale,762.04,19
774,2025-03-13,latam,online,415.46,9
775,2025-11-10,latam,online,419.68,11
776,2025-06-22,us,retail,224.47,8
777,2026-03-23,latam,online,421.87,10
778,2026-04-02,latam,online,478.02,14
779,2025-06-29,latam,online,416.98,13
780,2025-07-21,us,retail,230.56,7
781,2025-03-19,us,wholesale,567.33,14
782,2025-08-06,us,online,256.05,6
783,2026-04-29,us,online,322.05,9
784,2025-10-25,us,online,283.19,9
785,2026-01-08,apac,wholesale,474.11,11
786,2025-06-19,us,online,299.28,7
787,2025-05-30,eu,wholesale,821.86,24
788,2025-03-06,latam,online,370.92,11
789,2026-06-15,latam,online,470.87,13
790,2025-11-28,apac,wholesale,540.15,18
791,2025-10-08,us,online,314.31,8
792,2026-01-10,latam,online,395.26,10
793,2025-09-15,us,wholesale,390.44,10
794,2026-05-14,latam,retail,407.12,10
795,2025-05-23,us,wholesale,441.29,12
796,2025-06-11,latam,wholesale,710.01,21
797,2025-08-24,us,wholesale,435.67,15
798,2025-06-15,us,online,353.40,9
799,2025-05-11,apac,online,337.07,9
800,2025-02-27,eu,online,503.52,16
801,2026-02-20,us,online,262.38,9
802,2025-10-18,us,online,272.90,6
803,2026-04-28,latam,online,451.21,11
804,2025-07-06,us,retail,253.44,6
805,2025-12-17,apac,wholesale,658.26,23
806,2025-01-17,apac,wholesale,532.35,17
807,2026-03-06,us,online,322.71,10
808,2026-06-29,us,online,256.46,7
809,2025-05-14,eu,online,583.41,21
810,2026-03-18,us,online,274.11,7
811,2026-06-27,apac,wholesale,428.79,12
812,2025-04-11,us,online,336.69,9
813,2025-03-27,latam,retail,326.47,9
814,2025-01-08,latam,retail,426.63,11
815,2025-07-30,eu,wholesale,798.84,23
816,2025-09-17,eu,online,469.73,14
817,2025-10-10,apac,online,403.43,13
818,2025-07-03,us,online,332.92,10
819,2025-11-11,us,online,273.74,8
820,2025-05-02,eu,retail,375.63,9
821,2025-06-15,apac,retail,321.27,8
822,2025-02-23,us,online,325.28,11
823,2025-04-04,us,wholesale,508.90,13
824,2026-01-15,eu,online,456.85,16
825,2026-02-15,eu,online,462.88,11
826,2025-06-29,us,retail,242.39,6
827,2026-06-15,apac,wholesale,571.95,15
828,2025-06-23,apac,online,371.01,9
829,2025-06-11,latam,online,465.44,13
830,2025-07-25,us,online,351.77,9
831,2025-04-03,us,wholesale,391.76,10
832,2025-10-11,us,online,315.16,10
833,2026-02-18,us,online,275.04,8
834,2025-10-29,eu,wholesale,796.78,23
835,2025-09-21,eu,online,601.38,16
836,2026-05-11,us,retail,226.64,5
837,2026-04-15,us,retail,214.44,5
838,2026-01-27,apac,online,276.35,7
839,2025-08-24,us,online,311.51,9
840,2025-09-27,apac,retail,254.12,8
841,2025-12-17,eu,online,648.28,18
842,2025-10-03,latam,retail,387.93,12
843,2025-07-14,us,retail,220.78,5
844,2025-07-27,us,wholesale,480.24,11
845,2025-04-20,us,online,310.62,7
846,2025-02-13,apac,wholesale,595.12,14
847,2025-10-09,apac,online,235.60,5
848,2025-05-12,latam,online,438.59,15
849,2025-02-03,us,online,263.99,7
850,2026-06-15,latam,retail,343.36,9
851,2025-08-04,us,wholesale,514.47,15
852,2025-09-27,us,wholesale,498.24,15
853,2026-01-10,apac,online,378.30,11
854,2026-02-15,us,online,334.60,10
855,2025-08-23,latam,wholesale,739.76,17
856,2025-07-20,us,retail,220.75,7
857,2025-01-10,us,wholesale,510.16,11
858,2025-11-20,us,online,337.94,8
859,2025-02-18,latam,online,366.53,13
860,2025-04-09,us,online,332.86,9
861,2025-09-21,latam,online,400.36,12
862,2025-06-28,us,online,369.38,8
863,2026-06-07,latam,online,345.98,8
864,2025-05-29,apac,online,365.54,8
865,2026-03-08,us,retail,239.58,6
866,2025-08-22,eu,wholesale,736.52,22
867,2026-02-09,us,retail,263.36,6
868,2026-04-07,latam,online,485.49,14
869,2025-08-29,latam,wholesale,585.04,14
870,2025-04-16,eu,wholesale,630.18,21
871,2025-02-25,us,online,335.71,8
872,2025-06-09,eu,online,530.35,18
873,2025-08-23,us,online,300.48,8
874,2025-01-30,eu,retail,456.81,16
875,2026-05-03,latam,retail,262.24,6
876,2025-07-01,us,wholesale,562.64,15
877,2026-03-22,apac,retail,239.17,7
878,2025-04-02,latam,online,419.17,12
879,2025-11-07,apac,online,412.47,10
880,2025-01-09,eu,online,525.03,13
881,2025-11-03,apac,retail,324.61,10
882,2026-01-18,latam,wholesale,693.02,22
883,2025-09-13,us,online,330.50,9
884,2026-03-09,apac,online,420.39,11
885,2025-10-06,apac,retail,275.69,6
886,2025-07-06,apac,retail,343.62,11
887,2026-04-09,eu,online,507.92,16
888,2025-01-23,eu,wholesale,970.06,31
889,2026-03-25,eu,online,513.49,17
890,2025-11-16,apac,online,328.87,8
891,2025-02-02,apac,online,319.80,7
892,2025-03-15,eu,retail,500.19,13
893,2025-09-14,latam,retail,375.78,12
894,2026-03-30,us,online,238.37,7
895,2025-04-07,us,wholesale,318.04,9
896,2025-11-27,us,online,319.90,10
897,2026-06-18,us,retail,263.75,8
898,2025-08-12,latam,wholesale,753.67,17
899,2025-01-16,latam,online,450.58,15
900,2025-02-13,us,wholesale,520.20,14
901,2025-06-08,us,online,322.97,10
902,2025-03-03,eu,online,539.53,19
903,2025-04-20,us,retail,284.46,6
904,2026-03-26,us,retail,254.90,6
905,2025-05-18,eu,online,519.92,13
906,2026-05-17,us,online,346.41,11
907,2026-04-25,latam,online,414.57,9
908,2025-06-08,us,wholesale,655.82,18
909,2026-04-10,us,online,351.32,10
910,2026-01-08,latam,wholesale,688.53,16
911,2026-02-01,latam,retail,367.09,9
912,2026-02-24,eu,online,607.94,15
913,2025-03-10,eu,online,661.54,21
914,2025-07-16,eu,wholesale,895.91,30
915,2026-05-17,us,retail,218.66,7
916,2025-03-14,apac,online,349.15,12
917,2025-03-23,us,online,249.65,7
918,2026-01-13,us,retail,248.19,6
919,2026-06-26,eu,online,543.07,16
920,2025-04-10,us,retail,242.78,8
921,2025-07-17,latam,online,391.50,10
922,2026-03-02,latam,retail,338.88,8
923,2026-04-15,us,online,288.84,10
924,2026-06-01,us,online,263.68,8
925,2026-03-30,latam,retail,425.41,11
926,2026-02-27,us,retail,214.79,5
927,2025-09-04,apac,retail,265.88,6
928,2026-04-09,us,online,290.35,8
929,2025-10-19,apac,retail,253.60,6
930,2025-08-16,latam,online,394.73,12
931,2025-10-10,latam,retail,387.15,10
932,2026-04-17,us,wholesale,498.55,14
933,2025-09-13,eu,online,532.15,18
934,2025-03-21,apac,retail,350.73,9
935,2025-04-08,us,wholesale,439.77,11
936,2025-02-27,us,wholesale,505.38,11
937,2026-03-21,latam,retail,272.12,6
938,2025-01-12,latam,online,481.99,12
939,2026-06-21,us,wholesale,613.48,20
940,2025-02-21,apac,online,373.77,9
941,2026-06-01,us,retail,265.85,6
942,2026-05-03,eu,online,555.59,15
943,2025-03-29,eu,online,466.46,12
944,2025-07-22,us,online,322.88,9
945,2026-06-21,us,wholesale,536.58,13
946,2025-04-02,latam,retail,359.91,12
947,2025-07-15,apac,online,335.06,12
948,2026-03-29,latam,retail,394.03,10
949,2025-08-28,apac,retail,298.40,7
950,2025-02-25,us,wholesale,532.97,16
951,2025-10-22,us,wholesale,634.59,21
952,2025-08-03,apac,wholesale,585.16,14
953,2025-09-22,latam,online,361.28,8
954,2026-01-21,us,online,318.05,8
955,2025-06-24,us,wholesale,576.02,14
956,2025-01-09,latam,online,442.74,15
957,2026-01-04,us,online,340.19,8
958,2026-01-25,us,online,329.06,9
959,2026-05-12,us,retail,294.52,9
960,2025-01-23,apac,online,320.49,11
961,2026-05-17,us,online,283.51,8
962,2025-08-30,latam,online,448.72,10
963,2025-03-05,us,online,247.98,6
964,2025-10-14,us,wholesale,395.93,12
965,2025-05-21,latam,online,473.13,10
966,2025-08-21,us,online,355.68,10
967,2025-11-16,us,online,365.30,10
968,2025-07-27,latam,wholesale,648.36,15
969,2026-06-21,latam,retail,380.89,9
970,2025-06-11,us,online,279.46,8
971,2025-05-02,us,retail,292.74,10
972,2026-02-28,eu,online,629.29,14
973,2025-10-08,latam,retail,359.39,12
974,2025-10-01,eu,retail,442.29,11
975,2025-08-25,us,online,320.46,8
976,2026-04-26,apac,online,322.35,8
977,2026-05-19,apac,retail,267.61,8
978,2025-10-04,apac,retail,291.38,6
979,2025-07-27,latam,online,430.93,10
980,2026-05-17,us,retail,229.36,6
981,2026-03-14,us,retail,233.04,6
982,2026-06-22,apac,online,367.11,9
983,2025-04-22,us,wholesale,421.04,15
984,2026-02-10,us,online,320.19,7
985,2025-02-20,eu,online,544.78,12
986,2025-06-20,us,online,336.01,9
987,2026-06-14,us,wholesale,595.04,15
988,2025-07-04,eu,online,480.38,11
989,2025-05-19,us,retail,220.07,8
990,2025-07-26,apac,retail,307.02,7
991,2025-06-17,eu,online,513.67,17
992,2026-06-21,apac,online,338.25,8
993,2025-06-13,us,retail,219.61,5
994,2025-06-03,us,online,324.33,10
995,2025-02-22,eu,retail,378.40,9
996,2025-05-01,apac,online,378.00,9
997,2025-09-17,us,wholesale,547.39,15
998,2026-05-21,us,online,303.24,9
999,2026-02-24,us,online,284.08,10
1000,2025-08-01,us,online,317.43,11
1001,2025-02-07,eu,online,529.79,14
1002,2025-03-31,us,online,343.17,12
1003,2025-10-19,apac,wholesale,494.78,13
1004,2026-04-12,us,wholesale,423.23,10
1005,2025-11-03,latam,wholesale,610.15,14
1006,2025-03-08,us,retail,295.15,9
1007,2025-10-09,eu,online,489.21,15
1008,2026-06-26,latam,wholesale,762.97,17
1009,2025-10-22,apac,online,284.83,9
1010,2025-05-13,us,online,369.51,9
1011,2026-05-25,apac,retail,266.26,7
1012,2025-01-02,us,retail,268.95,9
1013,2025-08-01,apac,retail,327.32,9
1014,2025-08-06,latam,online,247.60,9
1015,2025-03-11,latam,online,408.22,12
1016,2025-12-16,eu,online,589.35,17
1017,2025-06-29,us,retail,288.99,6
1018,2025-02-06,apac,online,436.83,11
1019,2025-12-10,apac,online,282.94,6
1020,2025-11-20,eu,online,546.75,14
1021,2025-12-06,eu,online,559.99,16
1022,2025-02-01,us,online,228.29,7
1023,2025-06-19,apac,online,321.28,8
1024,2025-11-19,us,retail,227.66,6
1025,2025-09-01,latam,wholesale,580.58,17
1026,2026-01-19,apac,wholesale,669.88,16
1027,2026-03-31,us,retail,188.44,4
1028,2026-05-11,eu,online,515.79,13
1029,2025-05-27,apac,retail,289.92,6
1030,2025-07-30,apac,retail,272.40,7
1031,2026-06-19,apac,retail,310.27,11
1032,2025-12-08,us,retail,256.54,7
1033,2025-11-16,eu,online,624.14,16
1034,2025-10-21,latam,wholesale,707.59,21
1035,2025-05-01,latam,online,425.71,14
1036,2025-04-15,us,online,320.86,10
1037,2025-05-25,latam,online,517.30,13
1038,2025-12-13,latam,online,397.50,11
1039,2025-02-21,eu,wholesale,858.12,24
1040,2026-04-02,latam,online,440.60,11
1041,2025-03-22,latam,retail,412.36,11
1042,2026-04-25,eu,retail,402.20,14
1043,2026-04-22,latam,online,306.89,10
1044,2026-01-08,us,online,316.08,9
1045,2025-11-29,us,online,325.46,9
1046,2025-06-24,latam,online,433.70,13
1047,2026-06-05,latam,online,505.96,12
1048,2025-11-06,latam,online,487.36,13
1049,2025-09-07,apac,online,248.61,7
1050,2026-03-18,latam,retail,310.92,7
1051,2025-08-30,apac,retail,311.90,8
1052,2025-04-28,us,retail,310.38,8
1053,2026-04-01,apac,online,408.29,14
1054,2026-01-24,eu,retail,527.54,16
1055,2025-08-11,us,wholesale,590.94,13
1056,2025-05-31,us,wholesale,413.36,10
1057,2026-04-03,apac,online,381.88,11
1058,2025-11-08,us,retail,313.84,7
1059,2025-12-19,us,retail,278.01,7
1060,2025-10-29,apac,retail,285.21,10
1061,2025-01-01,us,retail,224.57,7
1062,2025-08-29,us,retail,188.88,5
1063,2026-01-27,us,online,299.30,9
1064,2026-01-29,latam,wholesale,737.13,17
1065,2025-10-23,latam,online,506.83,17
1066,2026-05-14,eu,wholesale,829.62,21
1067,2025-05-21,us,wholesale,442.58,12
1068,2026-03-12,us,online,270.90,7
1069,2026-04-06,apac,online,336.86,9
1070,2025-08-31,eu,online,549.58,13
1071,2026-01-11,latam,retail,355.22,10
1072,2025-03-23,apac,online,362.51,12
1073,2025-10-14,us,retail,228.66,5
1074,2025-03-21,eu,online,525.50,13
1075,2025-02-24,apac,online,403.95,14
1076,2025-12-06,apac,retail,263.65,7
1077,2025-10-24,us,retail,261.99,7
1078,2025-09-24,latam,retail,399.26,14
1079,2025-02-22,apac,wholesale,544.12,13
1080,2025-05-10,eu,online,476.89,13
1081,2025-05-16,us,online,278.43,9
1082,2025-06-04,us,online,280.79,7
1083,2025-08-30,apac,wholesale,452.67,10
1084,2025-05-29,latam,wholesale,702.00,18
1085,2026-02-27,us,retail,242.71,7
1086,2025-12-20,us,wholesale,488.97,17
1087,2025-02-23,latam,retail,364.61,11
1088,2026-06-30,us,retail,265.24,8
1089,2025-09-26,us,online,384.74,14
1090,2025-11-20,us,online,357.53,8
1091,2026-06-29,us,wholesale,431.46,12
1092,2025-12-10,us,retail,185.25,6
1093,2026-02-05,us,online,247.61,8
1094,2026-06-17,us,retail,279.67,8
1095,2025-01-11,us,wholesale,479.39,17
1096,2026-04-02,eu,wholesale,665.26,19
1097,2025-02-04,us,online,315.64,7
1098,2025-05-05,us,retail,270.10,7
1099,2025-05-14,eu,retail,355.67,9
1100,2025-04-24,us,wholesale,548.78,14
1101,2025-03-19,latam,online,354.89,11
1102,2025-11-28,apac,retail,228.13,7
1103,2025-03-05,us,online,276.01,9
1104,2026-03-28,us,online,321.75,11
1105,2026-02-07,us,wholesale,509.14,17
1106,2025-04-19,us,online,337.74,8
1107,2025-03-16,us,wholesale,563.94,13
1108,2025-01-01,eu,online,563.08,13
1109,2025-12-04,us,online,378.40,10
1110,2026-03-23,us,online,273.45,8
1111,2025-03-13,us,retail,237.73,5
1112,2026-01-03,us,online,299.27,9
1113,2025-04-03,latam,wholesale,580.75,17
1114,2025-10-24,us,retail,282.25,7
1115,2026-01-29,latam,wholesale,650.99,19
1116,2026-05-14,eu,online,475.47,16
1117,2025-05-24,us,retail,275.11,6
1118,2025-11-12,latam,online,432.60,12
1119,2025-01-17,us,retail,249.52,6
1120,2026-06-20,eu,wholesale,839.82,23
1121,2025-06-02,us,retail,266.68,9
1122,2025-01-20,us,online,273.82,8
1123,2025-05-14,us,wholesale,561.19,13
1124,2025-06-24,us,wholesale,487.35,11
1125,2025-04-27,eu,retail,326.57,10
1126,2026-02-16,us,online,301.16,9
1127,2025-05-21,us,online,259.52,8
1128,2025-03-06,eu,wholesale,1064.50,35
1129,2026-01-14,eu,online,456.68,10
1130,2026-01-21,eu,wholesale,796.67,19
1131,2025-01-07,eu,online,662.30,16
1132,2026-05-03,us,online,339.16,8
1133,2026-06-20,latam,online,393.68,13
1134,2026-05-27,us,online,344.11,9
1135,2025-11-05,eu,retail,413.24,13
1136,2025-04-08,eu,online,524.88,13
1137,2026-06-04,us,retail,249.48,6
1138,2025-06-02,latam,wholesale,826.98,21
1139,2025-06-30,us,online,343.75,12
1140,2025-09-15,apac,wholesale,707.92,21
1141,2025-02-14,us,retail,247.49,7
1142,2026-06-12,latam,wholesale,704.53,23
1143,2025-11-30,us,retail,198.29,4
1144,2025-08-22,latam,wholesale,754.65,25
1145,2026-01-20,us,retail,248.73,6
1146,2025-08-10,eu,online,504.62,11
1147,2025-05-20,apac,online,332.61,10
1148,2025-02-02,latam,online,438.90,11
1149,2026-04-22,eu,wholesale,772.88,23
1150,2025-06-24,us,online,305.68,8
1151,2026-02-26,us,online,364.01,8
1152,2025-10-13,us,retail,238.83,8
1153,2025-09-11,apac,retail,266.77,6
1154,2025-01-06,us,wholesale,610.87,17
1155,2026-06-01,eu,retail,476.07,13
1156,2026-04-09,us,retail,247.43,7
1157,2026-02-21,eu,retail,441.33,13
1158,2026-05-07,us,wholesale,525.38,13
1159,2025-01-25,latam,online,486.98,16
1160,2026-01-15,us,wholesale,525.40,13
1161,2025-03-14,us,wholesale,462.13,12
1162,2025-08-01,latam,retail,385.86,9
1163,2025-02-26,eu,retail,306.92,9
1164,2026-04-22,eu,online,507.34,13
1165,2025-03-10,apac,wholesale,465.44,15
1166,2026-05-05,latam,online,396.87,10
1167,2025-08-03,us,retail,240.97,7
1168,2026-03-10,us,online,239.11,7
1169,2026-05-13,eu,online,402.62,11
1170,2025-10-27,apac,retail,287.41,8
1171,2025-03-09,apac,online,393.87,13
1172,2025-03-20,apac,wholesale,708.84,24
1173,2026-05-24,latam,retail,360.33,8
1174,2025-05-16,eu,online,554.20,15
1175,2025-01-22,apac,retail,284.79,7
1176,2025-12-10,latam,retail,358.38,10
1177,2025-12-01,latam,online,353.89,9
1178,2025-05-16,us,online,340.17,8
1179,2025-08-21,latam,retail,234.84,6
1180,2026-04-12,eu,online,536.39,12
1181,2025-10-20,us,wholesale,552.49,14
1182,2025-06-15,us,retail,256.29,8
1183,2025-05-10,eu,online,464.14,15
1184,2025-12-19,us,online,349.02,11
1185,2025-11-05,apac,retail,293.61,7
1186,2025-11-24,us,retail,244.47,8
1187,2026-06-04,us,online,272.49,7
1188,2025-05-31,latam,retail,400.31,9
1189,2025-12-13,us,retail,222.57,5
1190,2025-11-12,eu,online,426.10,15
1191,2026-01-01,us,online,346.31,9
1192,2025-10-12,us,online,342.42,11
1193,2025-03-31,eu,retail,465.42,13
1194,2025-02-27,us,online,328.91,7
1195,2026-03-14,latam,wholesale,633.54,19
1196,2025-03-31,latam,retail,373.13,12
1197,2026-03-02,us,retail,247.87,6
1198,2026-03-01,us,online,271.96,9
1199,2025-08-01,us,wholesale,472.97,13
1200,2026-01-20,latam,retail,460.39,16
1201,2026-03-01,apac,retail,305.50,8
1202,2026-01-26,us,wholesale,537.14,16
1203,2025-11-06,apac,retail,302.91,8
1204,2025-01-03,apac,wholesale,525.28,17
1205,2026-04-29,latam,online,484.31,15
1206,2025-09-08,latam,retail,387.00,14
1207,2025-03-10,us,online,272.26,7
1208,2026-05-03,apac,online,336.17,7
1209,2025-01-18,us,online,312.10,11
1210,2025-05-19,latam,retail,323.67,9
1211,2025-12-31,eu,online,569.41,14
1212,2025-07-07,eu,wholesale,856.98,21
1213,2025-11-27,us,wholesale,619.79,15
1214,2026-01-07,latam,online,360.58,12
1215,2025-01-14,us,retail,285.05,7
1216,2025-06-16,apac,retail,309.30,10
1217,2025-07-12,eu,online,542.32,13
1218,2025-04-27,us,retail,204.63,6
1219,2025-05-15,us,wholesale,538.35,16
1220,2026-06-20,latam,retail,322.16,8
1221,2025-01-30,latam,retail,343.28,11
1222,2025-11-11,us,online,314.81,10
1223,2025-04-25,eu,wholesale,984.21,24
1224,2026-06-10,eu,wholesale,912.88,24
1225,2025-02-14,apac,retail,334.91,8
1226,2025-07-30,us,retail,257.28,7
1227,2025-01-30,latam,online,513.99,11
1228,2025-06-14,us,online,337.59,8
1229,2026-06-02,us,online,285.13,7
1230,2025-07-16,eu,wholesale,812.52,18
1231,2025-01-05,latam,retail,362.56,11
1232,2026-01-11,apac,retail,285.40,7
1233,2025-04-20,latam,online,450.34,13
1234,2025-04-26,latam,online,473.82,11
1235,2026-06-17,latam,online,487.47,12
1236,2025-12-02,us,wholesale,618.19,17
1237,2025-11-16,apac,online,328.07,10
1238,2026-03-15,apac,retail,226.83,7
1239,2026-05-03,eu,retail,460.32,16
1240,2026-02-10,us,online,320.63,9
1241,2025-05-27,us,wholesale,457.75,10
1242,2025-06-22,us,retail,267.25,9
1243,2026-02-18,us,online,349.26,9
1244,2025-10-07,latam,retail,398.91,10
1245,2025-12-31,us,retail,201.29,6
1246,2026-04-11,apac,online,368.89,12
1247,2025-05-18,latam,online,512.96,12
1248,2025-07-03,apac,wholesale,597.00,17
1249,2025-04-09,us,wholesale,542.04,15
1250,2025-10-28,apac,online,296.58,7
1251,2025-12-18,apac,online,379.67,13
1252,2025-05-02,us,retail,206.56,6
1253,2026-04-16,latam,online,461.38,12
1254,2025-06-18,us,retail,244.03,7
1255,2026-05-15,eu,retail,421.69,11
1256,2026-04-27,us,online,283.06,8
1257,2026-02-05,us,online,295.95,9
1258,2025-10-19,us,retail,310.85,9
1259,2026-01-11,eu,wholesale,736.33,26
1260,2025-04-10,us,online,348.19,10
1261,2025-02-27,us,online,285.63,7
1262,2025-03-09,us,retail,247.42,6
1263,2025-11-30,eu,wholesale,974.19,27
1264,2025-01-21,apac,online,374.72,9
1265,2026-01-22,us,retail,242.35,8
1266,2025-07-30,apac,online,343.69,10
1267,2025-12-14,apac,retail,302.59,7
1268,2025-03-19,latam,online,467.70,11
1269,2025-02-18,apac,online,343.48,8
1270,2025-04-08,us,retail,308.14,8
1271,2026-06-28,latam,online,395.02,9
1272,2025-11-04,us,online,339.27,9
1273,2026-02-16,apac,wholesale,575.34,14
1274,2026-06-13,us,retail,306.71,7
1275,2026-04-24,us,wholesale,525.69,12
1276,2025-03-03,us,retail,280.79,8
1277,2025-06-04,apac,wholesale,573.36,13
1278,2025-03-07,apac,retail,229.15,6
1279,2025-10-21,us,online,283.16,7
1280,2025-07-16,apac,wholesale,533.74,19
1281,2026-05-13,us,online,264.15,7
1282,2025-05-20,eu,wholesale,792.77,28
1283,2025-06-30,us,online,293.48,7
1284,2025-03-27,us,wholesale,466.68,14
1285,2026-02-21,latam,wholesale,786.20,18
1286,2025-05-24,apac,retail,256.84,8
1287,2025-05-04,us,online,260.17,6
1288,2025-04-03,us,online,290.70,9
1289,2025-12-04,eu,retail,456.36,11
1290,2025-08-12,us,retail,199.08,7
1291,2026-03-27,latam,retail,274.97,9
1292,2025-04-26,apac,retail,325.51,10
1293,2025-10-12,apac,online,433.80,13
1294,2025-01-22,us,retail,193.47,5
1295,2025-02-25,us,wholesale,443.01,14
1296,2026-01-07,us,online,268.97,6
1297,2025-08-31,us,online,359.96,8
1298,2025-09-19,apac,retail,261.27,8
1299,2025-11-01,us,retail,254.91,6
1300,2026-02-21,us,retail,333.52,8
1301,2026-05-19,latam,wholesale,604.19,14
1302,2025-04-13,us,retail,245.37,6
1303,2025-12-27,us,online,277.89,7
1304,2025-02-23,latam,online,469.78,12
1305,2025-05-20,latam,online,464.47,14
1306,2025-09-13,us,wholesale,536.83,14
1307,2025-05-14,us,retail,265.08,6
1308,2025-05-17,latam,online,365.61,11
1309,2025-10-16,us,retail,278.55,9
1310,2025-08-18,us,retail,268.26,9
1311,2025-08-23,eu,online,660.62,21
1312,2026-02-15,us,wholesale,439.93,11
1313,2026-01-12,us,wholesale,576.05,20
1314,2026-04-10,apac,retail,327.21,8
1315,2025-07-28,apac,online,391.37,9
1316,2025-05-14,latam,online,525.60,15
1317,2025-10-17,latam,wholesale,680.20,22
1318,2025-09-26,us,wholesale,443.08,14
1319,2026-04-15,apac,online,401.72,9
1320,2025-08-06,us,online,320.78,8
1321,2025-09-20,us,retail,304.79,11
1322,2025-12-29,us,online,320.35,7
1323,2025-02-16,us,retail,274.11,8
1324,2025-05-16,us,online,301.44,7
1325,2025-09-24,us,online,357.60,10
1326,2026-06-28,apac,wholesale,646.55,18
1327,2025-05-11,latam,online,291.05,9
1328,2025-09-27,latam,online,430.69,11
1329,2025-11-17,us,online,280.12,7
1330,2026-03-27,apac,retail,296.15,10
1331,2025-02-06,eu,online,483.36,13
1332,2026-05-22,eu,retail,421.54,15
1333,2026-05-12,latam,retail,324.54,8
1334,2025-07-28,eu,online,528.00,12
1335,2026-06-05,latam,wholesale,734.79,18
1336,2025-01-05,latam,retail,296.29,8
1337,2025-03-20,us,online,336.14,11
1338,2025-05-05,latam,online,490.57,14
1339,2025-11-28,us,retail,275.52,6
1340,2025-10-03,us,online,348.60,9
1341,2026-04-09,eu,retail,379.28,9
1342,2025-08-05,us,online,352.03,8
1343,2025-02-26,us,online,298.24,8
1344,2025-09-03,eu,online,441.51,10
1345,2025-08-02,us,wholesale,532.10,16
1346,2025-05-04,us,online,353.46,11
1347,2025-11-14,us,retail,272.22,8
1348,2025-07-24,eu,online,471.73,13
1349,2026-03-10,us,online,331.83,10
1350,2025-04-06,latam,online,459.04,16
1351,2025-08-18,latam,online,381.05,9
1352,2025-03-27,apac,online,305.34,9
1353,2026-05-05,apac,retail,257.01,6
1354,2026-03-14,latam,online,571.22,17
1355,2025-02-16,eu,wholesale,713.06,20
1356,2025-09-17,apac,retail,284.52,8
1357,2025-01-17,us,retail,303.72,10
1358,2025-03-27,latam,online,479.85,14
1359,2026-04-11,us,online,337.03,8
1360,2025-07-11,latam,retail,298.91,9
1361,2025-09-23,eu,retail,432.38,11
1362,2025-06-25,eu,wholesale,797.82,20
1363,2026-05-14,apac,online,334.23,9
1364,2026-02-09,us,retail,323.69,8
1365,2025-07-15,eu,wholesale,845.63,19
1366,2025-05-29,us,wholesale,486.67,12
1367,2025-07-15,apac,online,423.46,14
1368,2025-06-06,apac,wholesale,637.00,15
1369,2025-01-21,apac,online,396.48,13
1370,2025-02-22,us,retail,235.09,7
1371,2026-03-19,eu,retail,512.20,12
1372,2025-10-25,us,online,324.96,11
1373,2026-05-15,apac,online,361.73,13
1374,2025-10-02,us,online,349.14,8
1375,2026-05-22,apac,online,315.33,9
1376,2025-07-16,apac,wholesale,506.57,14
1377,2025-12-14,apac,online,434.63,11
1378,2026-02-04,apac,retail,256.02,6
1379,2026-01-04,us,online,318.39,7
1380,2025-03-30,us,online,265.89,7
1381,2026-05-19,eu,wholesale,915.43,20
1382,2025-02-18,latam,wholesale,738.72,16
1383,2025-06-12,latam,online,476.57,13
1384,2025-04-27,us,online,363.49,9
1385,2025-09-22,eu,online,629.30,15
1386,2025-06-04,us,online,297.49,7
1387,2025-04-17,us,online,277.74,8
1388,2025-04-24,apac,retail,211.95,5
1389,2025-04-15,us,online,304.70,10
1390,2026-01-06,us,retail,259.57,8
1391,2026-06-03,latam,online,325.68,11
1392,2025-05-06,apac,retail,288.71,7
1393,2025-01-07,apac,online,362.31,11
1394,2026-01-17,apac,wholesale,701.75,17
1395,2025-09-09,apac,online,401.90,11
1396,2026-02-28,latam,retail,400.30,9
1397,2026-06-13,us,retail,247.55,9
1398,2026-06-14,eu,wholesale,741.07,16
1399,2025-06-18,eu,online,462.90,16
1400,2025-03-01,us,wholesale,503.18,11
1401,2026-06-17,us,retail,269.59,6
1402,2025-11-18,us,retail,262.27,6
1403,2026-06-25,eu,online,492.96,14
1404,2026-03-29,us,retail,256.41,6
1405,2026-02-19,us,retail,249.44,8
1406,2025-05-10,apac,online,272.00,7
1407,2026-06-08,apac,wholesale,496.50,12
1408,2025-09-22,latam,wholesale,655.96,20
1409,2026-06-02,us,retail,247.78,7
1410,2025-02-18,us,online,344.04,8
1411,2025-01-06,us,online,201.69,5
1412,2025-08-28,us,online,329.81,10
1413,2025-05-24,latam,retail,332.90,10
1414,2026-01-05,latam,online,369.07,10
1415,2026-02-26,eu,online,539.46,12
1416,2026-01-14,apac,online,367.62,9
1417,2026-02-09,apac,online,399.71,10
1418,2026-05-17,us,online,265.64,6
1419,2026-06-02,apac,wholesale,651.99,21
1420,2025-05-01,us,retail,304.31,8
1421,2025-06-10,apac,wholesale,638.31,14
1422,2025-05-04,us,online,321.71,9
1423,2025-05-01,latam,online,320.50,10
1424,2025-05-26,apac,retail,364.67,9
1425,2025-11-09,apac,retail,306.47,7
1426,2025-12-24,apac,wholesale,545.08,19
1427,2025-11-14,eu,online,397.29,9
1428,2025-05-16,apac,retail,258.20,6
1429,2026-04-06,apac,online,347.80,8
1430,2026-02-24,eu,online,489.24,14
1431,2025-02-16,us,online,373.04,9
1432,2025-01-26,us,retail,250.41,7
1433,2025-05-07,us,retail,232.49,5
1434,2026-06-19,apac,retail,276.54,9
1435,2025-05-04,apac,retail,264.79,6
1436,2026-03-31,latam,wholesale,602.72,20
1437,2025-02-16,apac,online,259.46,8
1438,2026-06-25,latam,wholesale,698.30,21
1439,2025-04-12,latam,wholesale,622.64,20
1440,2026-02-22,us,wholesale,467.75,12
1441,2025-07-05,eu,retail,433.08,12
1442,2025-11-28,latam,online,433.04,13
1443,2025-02-23,us,retail,254.13,7
1444,2026-01-30,apac,retail,343.18,8
1445,2026-02-21,latam,online,441.46,11
1446,2025-04-14,us,wholesale,485.58,15
1447,2025-11-08,us,retail,236.21,5
1448,2025-05-26,apac,retail,272.38,8
1449,2026-03-10,us,retail,275.58,10
1450,2025-10-24,us,retail,231.19,6
1451,2026-05-09,latam,wholesale,678.84,17
1452,2025-08-06,us,retail,261.66,7
1453,2025-03-13,apac,wholesale,554.31,18
1454,2025-10-14,eu,online,579.45,13
1455,2025-11-22,latam,online,522.79,13
1456,2025-10-07,us,retail,193.72,6
1457,2026-04-16,us,online,331.07,7
1458,2026-05-03,eu,retail,404.65,14
1459,2026-05-16,eu,wholesale,841.71,20
1460,2025-02-01,us,wholesale,456.30,10
1461,2025-05-07,us,online,260.27,6
1462,2025-01-09,latam,wholesale,808.57,27
1463,2025-01-10,apac,wholesale,578.46,17
1464,2025-04-03,us,online,307.08,7
1465,2025-08-15,us,retail,271.71,8
1466,2025-08-03,latam,retail,391.93,14
1467,2025-04-24,us,online,331.96,9
1468,2025-06-29,us,online,296.96,10
1469,2025-09-23,eu,wholesale,1011.51,23
1470,2025-01-24,us,online,271.29,6
1471,2025-09-16,us,online,299.86,11
1472,2025-02-23,apac,online,278.85,6
1473,2026-02-21,latam,retail,334.62,9
1474,2025-08-18,latam,retail,405.62,14
1475,2025-11-20,us,online,323.67,11
1476,2025-08-20,us,wholesale,537.37,12
1477,2025-09-13,apac,wholesale,596.24,20
1478,2026-03-19,us,wholesale,590.31,14
1479,2025-12-09,us,online,351.31,10
1480,2025-12-08,us,retail,221.71,6
1481,2026-03-26,latam,wholesale,698.23,18
1482,2025-02-04,eu,wholesale,692.65,20
1483,2025-05-11,us,online,359.97,12
1484,2025-04-15,us,online,362.49,9
1485,2026-01-26,us,online,289.58,8
1486,2025-01-11,us,retail,263.12,7
1487,2025-04-14,apac,online,305.69,7
1488,2025-07-17,apac,online,446.04,15
1489,2025-07-18,eu,retail,437.37,12
1490,2026-04-01,latam,online,414.86,13
1491,2025-05-11,eu,wholesale,791.64,17
1492,2025-05-30,us,online,335.66,11
1493,2026-01-13,latam,online,491.23,12
1494,2025-02-25,eu,online,506.01,14
1495,2025-07-26,latam,wholesale,704.59,18
1496,2025-12-06,us,retail,239.32,6
1497,2025-11-03,us,online,314.13,9
1498,2025-08-13,us,wholesale,496.76,11
1499,2026-04-23,us,online,313.85,8
1500,2026-01-20,us,online,281.31,9
1501,2026-01-07,latam,retail,382.78,10
1502,2026-01-04,eu,online,523.65,18
1503,2025-06-28,eu,wholesale,847.09,27
1504,2025-07-20,us,online,327.53,12
1505,2025-01-22,us,retail,247.66,6
1506,2025-08-04,us,online,282.94,8
1507,2025-06-25,latam,retail,449.79,10
1508,2025-03-08,us,retail,211.40,7
1509,2025-07-14,us,wholesale,500.12,14
1510,2025-09-08,us,retail,297.27,7
1511,2025-10-29,us,online,307.90,11
1512,2026-06-05,us,retail,215.13,5
1513,2025-03-25,us,wholesale,502.02,13
1514,2026-06-06,latam,online,340.86,10
1515,2026-01-18,apac,wholesale,497.59,11
1516,2025-02-07,apac,online,352.09,11
1517,2025-08-29,us,online,275.58,6
1518,2026-01-19,us,retail,284.72,9
1519,2025-10-30,eu,retail,372.33,10
1520,2026-03-13,apac,online,373.74,10
1521,2026-05-25,apac,online,342.66,11
1522,2026-01-03,latam,online,476.23,11
1523,2025-03-22,latam,online,456.36,15
1524,2025-07-25,eu,wholesale,609.58,18
1525,2025-10-09,us,online,354.94,12
1526,2025-09-25,us,retail,276.51,10
1527,2026-02-18,latam,retail,416.28,10
1528,2025-06-02,eu,online,481.30,11
1529,2025-08-03,latam,retail,294.92,7
1530,2026-04-18,us,retail,245.55,7
1531,2026-03-16,eu,retail,425.74,13
1532,2026-01-19,apac,online,293.69,10
1533,2025-01-10,us,online,247.20,7
1534,2026-02-18,latam,online,430.09,10
1535,2025-01-24,us,online,325.63,11
1536,2026-02-05,us,retail,236.96,5
1537,2026-01-31,latam,online,439.35,11
1538,2025-04-06,apac,retail,303.35,10
1539,2026-05-16,us,wholesale,578.24,13
1540,2025-10-26,apac,wholesale,583.73,15
1541,2026-06-15,eu,wholesale,920.60,21
1542,2025-05-13,apac,retail,290.13,8
1543,2025-07-31,apac,wholesale,608.12,17
1544,2025-11-14,us,online,354.88,9
1545,2025-10-10,apac,online,399.66,11
1546,2025-09-10,us,online,405.55,11
1547,2026-04-17,us,retail,232.09,8
1548,2025-12-22,us,retail,270.11,7
1549,2025-06-29,us,online,313.22,8
1550,2025-07-07,apac,online,373.83,9
1551,2025-02-14,eu,retail,422.53,13
1552,2025-03-10,us,online,416.12,10
1553,2026-05-21,us,wholesale,397.20,13
1554,2026-06-01,apac,retail,318.97,8
1555,2025-09-16,latam,online,434.13,15
1556,2026-04-18,us,online,346.72,10
1557,2026-02-11,us,retail,261.26,6
1558,2026-04-21,eu,online,531.14,14
1559,2025-09-06,eu,online,504.81,14
1560,2025-01-19,latam,wholesale,601.71,15
1561,2026-02-05,latam,wholesale,748.38,27
1562,2025-07-02,latam,online,497.10,16
1563,2025-08-10,eu,online,501.76,13
1564,2025-04-16,apac,online,364.81,10
1565,2025-01-05,latam,wholesale,764.64,24
1566,2025-07-24,latam,retail,356.10,12
1567,2025-12-12,apac,retail,310.37,11
1568,2025-06-21,us,wholesale,401.45,10
1569,2025-12-01,eu,online,481.37,12
1570,2026-03-15,us,online,345.36,11
1571,2025-06-27,latam,online,504.84,18
1572,2025-10-13,latam,online,437.07,11
1573,2025-08-12,apac,wholesale,475.87,13
1574,2025-06-25,us,retail,266.07,8
1575,2026-02-02,eu,online,446.83,11
1576,2025-11-22,latam,online,305.70,7
1577,2025-01-19,us,wholesale,469.77,13
1578,2025-01-14,us,online,301.39,9
1579,2025-11-13,us,retail,270.90,8
1580,2026-05-26,eu,wholesale,937.23,28
1581,2025-02-08,eu,wholesale,844.03,18
1582,2025-05-18,apac,retail,343.40,10
1583,2026-06-18,us,retail,276.64,6
1584,2025-12-06,us,online,264.00,8
1585,2025-09-12,latam,wholesale,728.49,23
1586,2025-07-07,us,online,247.30,7
1587,2025-03-13,eu,retail,431.64,9
1588,2025-06-27,us,wholesale,474.59,12
1589,2025-08-30,us,retail,209.68,6
1590,2026-03-11,latam,wholesale,683.94,22
1591,2026-04-05,latam,online,463.90,11
1592,2026-01-04,apac,retail,283.33,8
1593,2026-06-02,latam,online,387.49,13
1594,2026-01-26,us,online,275.65,8
1595,2025-11-04,eu,retail,392.24,10
1596,2026-04-10,latam,online,413.27,12
1597,2025-12-08,us,online,364.57,12
1598,2026-05-28,latam,wholesale,758.34,18
1599,2026-03-02,apac,online,466.70,13
1600,2025-03-14,apac,online,317.98,9
1601,2026-01-30,eu,retail,443.05,11
1602,2025-12-23,us,retail,232.91,6
1603,2025-03-01,apac,online,302.43,7
1604,2026-01-06,latam,wholesale,534.75,14
1605,2025-06-01,us,retail,265.48,7
1606,2025-06-15,latam,online,486.75,17
1607,2026-01-29,us,online,261.73,6
1608,2026-03-10,apac,wholesale,631.05,20
1609,2026-05-28,apac,online,422.02,12
1610,2025-04-02,latam,online,414.75,14
1611,2025-05-27,us,retail,265.37,6
1612,2025-06-22,us,wholesale,579.79,14
1613,2026-03-04,eu,wholesale,688.22,17
1614,2025-05-18,latam,online,418.25,13
1615,2026-04-07,latam,retail,317.96,10
1616,2025-07-16,us,retail,231.85,7
1617,2025-04-22,us,online,314.69,9
1618,2025-12-17,apac,online,340.84,12
1619,2025-04-14,latam,online,470.52,10
1620,2025-02-12,us,retail,269.51,9
1621,2026-06-17,apac,wholesale,692.61,15
1622,2026-03-16,apac,online,353.99,10
1623,2025-11-19,us,online,374.00,9
1624,2025-12-31,apac,wholesale,425.85,10
1625,2026-02-16,us,wholesale,461.31,15
1626,2025-10-14,us,retail,201.52,4
1627,2026-04-08,us,online,261.14,7
1628,2025-11-26,apac,wholesale,507.37,18
1629,2025-11-30,latam,wholesale,661.65,18
1630,2025-12-23,us,retail,221.11,6
1631,2025-04-13,us,retail,237.63,8
1632,2026-06-01,eu,online,468.20,16
1633,2026-04-24,apac,wholesale,613.01,20
1634,2025-08-05,us,online,373.04,12
1635,2025-04-19,us,retail,198.09,6
1636,2025-10-15,us,retail,258.17,8
1637,2025-05-07,latam,online,370.86,9
1638,2025-12-07,apac,retail,220.56,5
1639,2025-03-08,us,retail,222.69,5
1640,2026-03-24,us,online,272.46,6
1641,2025-03-31,latam,wholesale,745.60,19
1642,2026-01-12,latam,retail,368.25,12
1643,2025-01-02,latam,online,404.31,13
1644,2026-01-09,apac,online,413.53,10
1645,2025-08-16,us,wholesale,486.14,11
1646,2025-10-31,latam,retail,347.48,8
1647,2025-10-18,apac,online,398.90,9
1648,2025-11-13,us,online,382.20,10
1649,2026-05-05,us,online,315.96,10
1650,2025-12-08,us,wholesale,450.54,15
1651,2025-08-19,us,retail,237.10,5
1652,2026-02-06,latam,online,413.86,12
1653,2025-06-13,us,retail,276.23,8
1654,2026-02-05,us,retail,265.73,8
1655,2025-07-19,apac,online,343.54,12
1656,2025-02-25,latam,retail,294.41,7
1657,2025-06-17,us,online,296.59,8
1658,2025-07-20,us,wholesale,451.01,11
1659,2025-04-15,eu,retail,351.07,11
1660,2025-06-22,us,online,203.16,5
1661,2025-07-03,eu,retail,439.47,12
1662,2025-06-02,latam,online,421.28,11
1663,2025-09-04,apac,wholesale,529.25,14
1664,2025-04-02,latam,retail,365.20,9
1665,2025-10-09,us,online,273.67,10
1666,2026-06-06,eu,wholesale,751.93,23
1667,2026-05-07,us,retail,260.10,6
1668,2026-03-21,latam,online,514.40,15
1669,2025-07-09,eu,online,439.72,13
1670,2026-06-27,us,retail,265.07,7
1671,2025-05-08,apac,online,360.65,9
1672,2025-07-04,eu,retail,381.97,14
1673,2025-02-10,apac,online,380.26,12
1674,2025-02-05,us,retail,283.82,10
1675,2025-06-25,eu,online,386.84,14
1676,2026-06-16,latam,retail,390.25,9
1677,2025-05-24,latam,online,359.61,10
1678,2026-06-07,us,online,274.17,9
1679,2025-08-31,eu,retail,442.86,10
1680,2025-08-10,latam,wholesale,698.44,18
1681,2026-03-09,latam,retail,372.28,11
1682,2025-03-27,us,online,312.44,7
1683,2025-05-27,us,retail,256.01,6
1684,2025-07-17,us,retail,237.54,6
1685,2026-06-08,us,online,301.85,10
1686,2025-01-27,us,online,276.99,6
1687,2026-06-29,latam,online,480.13,16
1688,2025-12-08,us,online,367.31,9
1689,2025-10-08,eu,retail,464.48,10
1690,2025-05-07,apac,wholesale,580.17,19
1691,2026-05-17,us,online,327.52,9
1692,2025-04-12,latam,online,457.00,10
1693,2026-02-03,latam,retail,375.55,9
1694,2026-02-17,us,online,359.12,10
1695,2026-06-10,eu,wholesale,798.52,26
1696,2026-01-15,us,online,277.71,7
1697,2026-04-14,latam,online,491.65,12
1698,2026-03-15,apac,online,475.48,13
1699,2025-08-23,us,retail,220.66,5
1700,2025-04-03,apac,online,440.26,11
1701,2025-04-06,eu,online,530.91,13
1702,2025-01-11,us,online,346.90,8
1703,2025-05-20,apac,online,308.45,7
1704,2026-02-20,us,retail,244.42,9
1705,2025-01-08,latam,retail,329.65,8
1706,2026-06-25,latam,retail,281.34,7
1707,2025-06-22,eu,online,461.10,12
1708,2025-05-17,latam,wholesale,536.17,14
1709,2026-01-24,us,online,345.62,10
1710,2025-05-01,us,retail,342.66,10
1711,2025-01-03,apac,online,355.79,11
1712,2026-06-12,latam,retail,290.61,7
1713,2026-05-15,eu,online,526.35,15
1714,2025-12-25,latam,wholesale,691.17,16
1715,2025-04-14,latam,online,398.95,11
1716,2026-05-15,us,online,310.06,11
1717,2026-04-27,us,online,275.97,8
1718,2025-04-22,latam,retail,365.28,8
1719,2025-05-24,us,online,308.98,9
1720,2025-07-14,us,wholesale,528.85,16
1721,2025-12-06,eu,online,549.98,17
1722,2025-09-30,apac,online,345.12,11
1723,2025-05-11,apac,online,326.70,7
1724,2026-02-03,apac,retail,340.38,11
1725,2025-05-10,us,retail,258.96,6
1726,2025-12-17,latam,online,480.36,13
1727,2026-05-07,us,wholesale,517.79,12
1728,2026-06-08,latam,wholesale,780.33,25
1729,2025-09-27,latam,wholesale,750.20,18
1730,2025-04-16,latam,retail,342.88,8
1731,2025-06-02,apac,wholesale,580.76,20
1732,2026-03-13,us,retail,255.21,9
1733,2026-01-25,latam,retail,314.51,8
1734,2026-05-06,latam,online,454.28,16
1735,2025-04-23,apac,wholesale,569.23,17
1736,2025-02-18,apac,online,394.80,13
1737,2025-11-26,eu,online,536.69,12
1738,2026-05-19,eu,wholesale,941.64,27
1739,2025-01-14,latam,wholesale,630.09,21
1740,2026-06-26,latam,retail,279.37,7
1741,2026-01-29,latam,online,450.89,11
1742,2025-07-15,us,wholesale,551.89,18
1743,2025-12-18,apac,wholesale,551.09,13
1744,2025-05-11,apac,wholesale,650.31,21
1745,2025-12-22,us,online,369.64,9
1746,2026-03-06,us,wholesale,441.46,12
1747,2025-06-20,us,retail,203.87,7
1748,2025-07-14,eu,online,463.76,11
1749,2026-06-10,apac,online,385.57,9
1750,2026-02-15,apac,retail,284.30,7
1751,2025-08-12,latam,wholesale,678.78,15
1752,2026-06-22,apac,online,356.85,11
1753,2025-10-02,us,online,279.12,10
1754,2025-06-01,latam,wholesale,671.72,15
1755,2025-02-22,latam,wholesale,648.91,15
1756,2025-12-22,apac,wholesale,535.19,14
1757,2025-09-28,us,online,293.56,8
1758,2025-01-11,latam,wholesale,604.71,14
1759,2025-06-30,latam,retail,343.72,9
1760,2025-04-19,us,retail,245.11,6
1761,2025-09-21,us,retail,299.23,8
1762,2025-10-03,us,online,262.78,8
1763,2026-02-09,us,retail,281.05,7
1764,2025-04-06,apac,retail,308.81,8
1765,2025-06-30,apac,retail,303.04,7
1766,2025-06-16,us,wholesale,605.25,14
1767,2025-07-12,us,online,312.62,10
1768,2025-04-13,us,retail,244.71,6
1769,2025-01-13,eu,retail,377.25,13
1770,2025-02-14,us,retail,223.04,7
1771,2025-01-14,us,online,301.30,7
1772,2025-03-29,apac,retail,283.42,9
1773,2026-03-31,apac,online,374.80,10
1774,2025-10-01,latam,online,389.46,10
1775,2025-04-16,eu,retail,393.68,9
1776,2025-08-18,apac,wholesale,567.10,20
1777,2025-10-21,apac,wholesale,597.44,17
1778,2025-04-26,us,retail,298.51,8
1779,2025-10-16,us,online,268.92,9
1780,2025-02-14,us,retail,271.11,7
1781,2025-07-05,latam,online,417.37,10
1782,2025-12-23,latam,retail,322.72,7
1783,2026-01-13,latam,online,515.90,13
1784,2025-06-02,eu,wholesale,757.44,18
1785,2026-04-03,eu,wholesale,800.62,22
1786,2025-10-13,eu,online,412.27,13
1787,2026-01-30,latam,wholesale,630.07,17
1788,2025-12-08,us,online,333.60,11
1789,2026-01-28,us,retail,210.55,6
1790,2026-01-29,apac,retail,307.82,10
1791,2025-08-13,us,online,292.34,10
1792,2026-05-01,us,wholesale,439.64,10
1793,2025-12-24,us,wholesale,408.10,10
1794,2026-03-08,eu,online,613.13,19
1795,2025-05-22,us,wholesale,545.82,18
1796,2026-03-11,us,retail,269.85,8
1797,2025-03-17,us,online,281.60,9
1798,2025-09-08,eu,wholesale,851.45,29
1799,2025-06-03,us,retail,271.50,9
1800,2026-04-27,apac,retail,249.25,7
1801,2025-01-14,latam,retail,338.50,8
1802,2026-05-31,eu,retail,444.29,14
1803,2026-04-11,apac,online,283.40,6
1804,2026-03-10,apac,retail,266.30,6
1805,2026-01-22,latam,wholesale,730.28,23
1806,2025-07-08,us,online,332.13,8
1807,2025-03-21,us,online,316.44,9
1808,2025-06-18,us,retail,234.96,8
1809,2025-10-04,apac,online,373.51,10
1810,2025-10-16,us,wholesale,494.60,16
1811,2025-01-12,eu,wholesale,835.52,22
1812,2025-10-03,us,wholesale,480.73,16
1813,2026-05-11,us,wholesale,589.62,13
1814,2025-10-17,eu,online,535.35,12
1815,2026-02-05,apac,online,342.25,8
1816,2026-05-31,eu,online,353.51,12
1817,2026-01-27,us,wholesale,365.12,13
1818,2025-03-22,latam,online,445.01,10
1819,2025-08-09,eu,retail,441.71,11
1820,2026-06-13,latam,retail,287.72,6
1821,2025-12-16,us,online,314.83,9
1822,2025-02-10,us,retail,273.53,6
1823,2025-08-02,us,online,349.18,8
1824,2025-04-10,us,retail,267.17,6
1825,2025-03-31,eu,retail,361.02,12
1826,2026-01-08,latam,wholesale,688.62,20
1827,2026-04-17,eu,retail,413.18,13
1828,2025-05-24,us,online,340.71,8
1829,2026-01-08,us,online,323.05,7
1830,2026-01-11,us,wholesale,434.84,12
1831,2025-03-27,us,online,315.27,10
1832,2025-02-28,us,online,261.07,6
1833,2025-01-09,latam,retail,354.99,10
1834,2025-08-17,us,retail,280.52,8
1835,2026-04-23,apac,wholesale,492.12,12
1836,2025-04-21,eu,wholesale,856.31,19
1837,2025-07-24,us,retail,231.43,7
1838,2026-05-03,us,wholesale,549.62,18
1839,2026-04-27,apac,online,378.27,10
1840,2025-03-05,us,retail,255.81,6
1841,2026-04-30,latam,online,438.10,15
1842,2025-09-16,us,online,324.16,8
1843,2026-02-19,eu,wholesale,1008.94,28
1844,2025-09-23,apac,wholesale,645.07,21
1845,2026-03-15,eu,retail,370.37,12
1846,2026-05-02,latam,online,502.29,13
1847,2026-03-24,us,retail,212.94,6
1848,2025-07-23,eu,retail,476.70,16
1849,2025-11-28,us,online,296.51,7
1850,2025-01-15,us,retail,193.99,6
1851,2025-11-21,apac,wholesale,714.34,20
1852,2026-04-07,apac,wholesale,695.83,15
1853,2025-04-10,us,online,358.02,11
1854,2026-01-22,us,retail,280.09,9
1855,2025-01-15,latam,wholesale,634.16,19
1856,2025-05-08,latam,retail,372.58,9
1857,2026-02-25,us,online,289.99,8
1858,2025-06-30,us,online,354.23,10
1859,2025-06-16,apac,online,319.17,7
1860,2025-10-18,us,online,324.54,8
1861,2025-04-12,us,retail,292.13,10
1862,2026-02-26,us,online,332.88,11
1863,2025-04-13,us,online,271.54,6
1864,2025-08-05,us,retail,239.69,7
1865,2025-07-20,apac,online,425.63,12
1866,2026-02-10,us,online,230.70,8
1867,2025-10-18,apac,online,353.01,11
1868,2025-09-05,us,retail,281.97,10
1869,2025-01-27,us,wholesale,511.83,12
1870,2025-12-10,us,online,328.64,11
1871,2026-02-05,us,online,355.38,8
1872,2025-05-12,us,online,348.45,8
1873,2026-02-17,apac,retail,322.38,9
1874,2026-06-01,eu,retail,381.88,13
1875,2025-09-24,us,online,347.34,10
1876,2025-01-12,eu,wholesale,781.86,20
1877,2025-03-22,us,wholesale,522.90,13
1878,2026-01-02,us,online,296.45,9
1879,2025-07-18,us,online,305.59,7
1880,2025-02-22,us,retail,235.23,7
1881,2025-04-16,us,online,363.19,12
1882,2025-07-04,eu,online,611.69,21
1883,2025-08-01,apac,online,321.15,11
1884,2025-03-20,eu,retail,452.76,14
1885,2026-04-07,apac,retail,295.83,10
1886,2025-02-02,latam,online,399.68,13
1887,2025-01-06,latam,online,476.22,11
1888,2025-01-24,latam,wholesale,801.95,21
1889,2026-01-09,us,wholesale,510.25,15
1890,2025-05-10,latam,retail,363.06,11
1891,2025-12-23,apac,retail,274.93,8
1892,2026-02-14,us,online,249.50,6
1893,2025-10-15,latam,wholesale,725.37,17
1894,2025-07-30,us,wholesale,528.89,12
1895,2026-03-10,apac,retail,265.37,8
1896,2025-07-24,eu,online,491.73,13
1897,2025-03-07,apac,online,273.88,6
1898,2026-06-28,latam,online,463.85,14
1899,2025-11-27,eu,wholesale,774.16,24
1900,2025-05-29,latam,online,444.21,11
1901,2025-01-12,eu,online,511.04,13
1902,2025-03-09,latam,online,394.99,11
1903,2025-04-16,us,online,275.82,6
1904,2026-03-08,us,online,278.65,7
1905,2025-07-22,apac,retail,308.31,8
1906,2025-05-08,us,online,361.32,10
1907,2025-08-31,us,online,305.79,8
1908,2026-04-18,us,retail,229.10,7
1909,2026-06-25,us,online,350.24,12
1910,2025-11-05,eu,retail,433.48,13
1911,2025-11-17,us,online,288.83,9
1912,2025-05-05,us,online,300.43,7
1913,2025-08-18,us,wholesale,487.95,16
1914,2026-03-23,latam,online,432.21,13
1915,2026-01-13,eu,retail,441.03,16
1916,2025-02-14,us,wholesale,462.92,15
1917,2025-12-04,us,wholesale,441.21,13
1918,2026-04-17,us,retail,215.32,7
1919,2026-02-28,latam,wholesale,608.00,16
1920,2026-05-17,latam,online,371.90,8
1921,2025-08-20,latam,retail,402.99,10
1922,2025-09-06,latam,retail,382.38,10
1923,2025-03-21,us,wholesale,539.93,17
1924,2026-01-30,us,online,356.36,11
1925,2026-06-25,eu,wholesale,745.76,17
1926,2026-06-01,us,online,331.95,11
1927,2026-01-30,eu,retail,515.20,14
1928,2025-10-12,us,wholesale,461.92,13
1929,2025-04-15,us,retail,307.54,7
1930,2025-07-11,latam,retail,411.41,13
1931,2025-12-27,apac,online,350.34,12
1932,2026-05-30,apac,wholesale,733.35,21
1933,2026-01-14,latam,online,490.97,12
1934,2026-02-17,apac,online,396.03,13
1935,2026-06-16,latam,online,358.68,9
1936,2025-02-24,us,online,322.07,7
1937,2026-06-29,us,online,358.20,9
1938,2025-04-14,us,online,315.30,10
1939,2026-05-23,us,online,317.36,9
1940,2025-01-04,latam,online,517.09,17
1941,2026-05-04,apac,retail,283.37,7
1942,2025-06-20,latam,online,329.27,10
1943,2025-01-14,us,wholesale,449.35,16
1944,2025-06-24,us,retail,213.70,5
1945,2026-05-01,us,online,263.89,8
1946,2025-10-25,eu,retail,387.16,9
1947,2025-05-31,apac,wholesale,581.01,14
1948,2025-12-26,latam,online,406.61,9
1949,2026-01-09,latam,online,336.45,10
1950,2026-05-11,latam,online,454.80,15
1951,2025-01-22,us,retail,287.78,9
1952,2025-02-01,us,online,329.64,10
1953,2026-01-04,us,retail,243.38,5
1954,2025-10-08,apac,wholesale,604.77,14
1955,2026-04-06,us,retail,333.52,11
1956,2025-12-06,us,online,294.15,8
1957,2025-11-13,apac,retail,304.59,7
1958,2026-04-11,us,wholesale,550.60,14
1959,2025-04-23,us,online,341.54,8
1960,2025-10-24,apac,wholesale,560.51,14
1961,2025-10-23,us,online,365.86,10
1962,2025-05-07,latam,retail,357.62,12
1963,2025-01-01,latam,online,456.72,10
1964,2025-06-08,us,online,306.04,7
1965,2025-07-21,us,wholesale,404.98,12
1966,2025-09-12,eu,retail,462.26,11
1967,2025-04-11,us,online,405.74,10
1968,2025-11-27,latam,online,357.76,8
1969,2025-09-14,eu,retail,457.76,14
1970,2026-04-18,eu,online,579.73,15
1971,2026-03-24,apac,retail,322.80,8
1972,2026-01-02,apac,online,389.98,11
1973,2026-02-25,apac,online,267.44,9
1974,2025-05-24,us,wholesale,510.63,13
1975,2026-06-09,latam,online,379.79,9
1976,2026-02-07,us,wholesale,537.40,18
1977,2026-06-15,us,online,321.98,11
1978,2025-12-08,us,online,302.98,8
1979,2025-12-06,us,online,312.06,8
1980,2025-07-29,apac,retail,274.76,7
1981,2025-05-20,us,retail,275.99,6
1982,2025-01-07,latam,online,506.37,12
1983,2025-03-10,us,wholesale,623.52,21
1984,2026-05-01,eu,wholesale,832.03,29
1985,2025-05-05,apac,online,344.67,11
1986,2025-09-24,latam,retail,389.15,9
1987,2025-05-07,us,retail,226.34,7
1988,2025-06-24,us,online,321.11,9
1989,2026-05-07,us,wholesale,512.24,11
1990,2026-02-05,apac,online,422.09,12
1991,2026-03-12,us,online,317.55,11
1992,2025-02-04,apac,online,388.29,10
1993,2025-02-13,us,online,328.23,11
1994,2025-01-10,us,online,281.61,6
1995,2026-05-31,latam,retail,365.73,10
1996,2025-06-05,apac,wholesale,720.65,21
1997,2025-05-24,us,online,289.19,9
1998,2026-05-11,apac,retail,345.68,10
1999,2026-06-04,apac,online,368.38,12
2000,2025-12-23,latam,retail,294.24,8
2001,2025-01-31,us,wholesale,500.29,17
2002,2026-05-03,eu,retail,392.44,12
2003,2025-08-31,latam,retail,411.13,10
2004,2025-03-07,apac,retail,331.84,11
2005,2025-03-16,latam,wholesale,613.38,16
2006,2025-04-21,eu,wholesale,866.73,21
2007,2025-07-24,apac,retail,301.44,7
2008,2026-03-21,latam,retail,389.22,9
2009,2025-01-25,us,wholesale,421.05,13
2010,2026-01-04,us,retail,208.96,5
2011,2025-12-15,us,retail,288.58,6
2012,2025-08-01,us,online,394.75,10
2013,2025-05-22,apac,online,374.79,10
2014,2025-05-11,us,online,263.32,6
2015,2025-08-25,latam,wholesale,785.63,28
2016,2025-09-15,us,online,314.27,9
2017,2025-06-11,latam,retail,359.95,9
2018,2026-05-28,us,retail,237.74,7
2019,2025-04-24,us,online,252.99,6
2020,2026-03-08,us,wholesale,460.86,14
2021,2025-05-23,latam,retail,365.57,11
2022,2025-03-05,us,retail,290.88,9
2023,2025-02-06,eu,retail,405.17,11
2024,2026-05-06,us,retail,249.09,6
2025,2025-02-06,latam,wholesale,629.03,18
2026,2025-08-22,apac,retail,288.53,10
2027,2025-07-20,eu,retail,319.23,8
2028,2025-02-23,us,online,284.78,8
2029,2026-03-14,apac,wholesale,543.39,18
2030,2025-12-27,us,retail,263.12,8
2031,2025-08-26,apac,wholesale,584.23,16
2032,2025-02-16,us,retail,242.24,5
2033,2025-02-28,eu,retail,439.03,14
2034,2025-09-08,eu,online,535.04,12
2035,2025-05-06,eu,online,506.22,11
2036,2026-01-01,latam,retail,330.30,7
2037,2025-11-06,us,online,358.47,11
2038,2025-10-01,us,online,309.82,9
2039,2025-12-21,apac,wholesale,663.61,17
2040,2025-05-21,latam,wholesale,612.40,14
2041,2025-08-04,apac,online,409.77,10
2042,2026-03-27,eu,online,589.88,15
2043,2026-05-26,apac,wholesale,604.32,16
2044,2025-03-03,latam,retail,315.93,10
2045,2026-01-27,us,online,325.93,10
2046,2025-02-23,latam,online,440.31,11
2047,2025-01-27,eu,retail,486.65,14
2048,2025-08-10,us,online,267.69,6
2049,2026-03-21,latam,retail,391.94,9
2050,2026-02-02,us,retail,202.41,4
2051,2026-04-20,us,online,249.07,6
2052,2026-04-24,latam,retail,374.30,9
2053,2025-01-16,us,wholesale,463.27,14
2054,2025-10-30,us,retail,282.82,8
2055,2026-01-06,apac,online,356.14,9
2056,2025-11-11,us,wholesale,523.44,14
2057,2025-07-03,latam,online,420.96,15
2058,2025-08-12,eu,online,524.03,15
2059,2025-11-18,us,wholesale,602.35,18
2060,2026-05-22,us,online,288.78,10
2061,2025-02-20,us,wholesale,546.19,17
2062,2025-11-21,apac,online,422.62,15
2063,2025-09-23,us,wholesale,490.26,11
2064,2025-02-15,us,online,299.00,8
2065,2026-03-31,latam,wholesale,713.12,23
2066,2026-03-02,us,retail,276.43,9
2067,2025-01-26,apac,online,324.79,10
2068,2026-04-27,apac,online,427.48,10
2069,2026-01-13,latam,wholesale,871.12,20
2070,2025-11-17,eu,online,559.84,15
2071,2025-12-19,us,online,332.66,9
2072,2025-03-22,us,wholesale,512.87,11
2073,2026-05-31,us,retail,280.63,7
2074,2026-06-25,apac,wholesale,574.66,14
2075,2026-06-17,us,online,305.32,7
2076,2025-09-06,latam,online,444.80,10
2077,2025-11-19,us,online,299.80,9
2078,2026-01-06,us,retail,225.74,8
2079,2026-01-06,us,wholesale,485.95,13
2080,2025-05-09,apac,online,311.64,7
2081,2025-05-22,latam,retail,286.01,8
2082,2026-06-02,eu,online,451.52,10
2083,2025-07-22,us,online,401.47,14
2084,2026-04-27,eu,online,444.92,11
2085,2026-03-18,eu,wholesale,891.66,30
2086,2026-02-02,apac,online,363.91,8
2087,2025-09-05,latam,online,423.85,10
2088,2025-04-21,us,online,282.39,6
2089,2025-12-30,eu,retail,520.33,13
2090,2026-05-04,us,online,275.51,7
2091,2026-06-06,us,retail,292.93,8
2092,2026-01-24,apac,online,406.15,12
2093,2025-10-14,latam,retail,361.53,11
2094,2026-06-22,latam,online,422.08,11
2095,2025-11-27,us,online,254.79,6
2096,2025-08-04,eu,retail,471.92,13
2097,2025-11-18,latam,retail,371.41,12
2098,2025-06-23,latam,online,454.72,14
2099,2025-04-19,us,retail,277.97,9
2100,2025-06-22,latam,retail,316.06,11
2101,2025-07-19,us,retail,294.40,10
2102,2026-03-13,latam,retail,347.27,8
2103,2025-10-30,apac,retail,335.73,8
2104,2026-05-21,eu,retail,376.96,12
2105,2025-04-30,us,retail,290.95,7
2106,2025-06-10,latam,wholesale,658.65,18
2107,2026-06-10,latam,online,420.48,10
2108,2025-04-13,us,wholesale,460.05,10
2109,2025-02-06,us,online,348.02,11
2110,2025-08-14,us,retail,253.82,6
2111,2025-07-11,latam,wholesale,681.06,22
2112,2025-08-08,us,retail,216.65,8
2113,2025-08-02,eu,online,515.63,13
2114,2025-08-29,us,online,324.04,8
2115,2025-07-04,apac,online,419.60,10
2116,2026-02-06,us,online,281.51,7
2117,2025-08-13,apac,online,427.81,10
2118,2025-11-30,latam,retail,399.25,12
2119,2025-11-23,apac,wholesale,541.98,15
2120,2026-05-16,eu,retail,376.95,10
2121,2025-10-02,us,wholesale,401.06,10
2122,2025-09-25,eu,retail,411.07,10
2123,2026-03-12,apac,retail,226.68,7
2124,2025-02-16,us,online,347.22,10
2125,2025-06-20,apac,online,286.79,10
2126,2025-05-13,us,online,285.95,7
2127,2026-01-24,eu,retail,481.77,11
2128,2025-02-20,us,online,330.21,9
2129,2025-06-10,latam,wholesale,731.57,18
2130,2026-01-18,latam,wholesale,617.54,18
2131,2025-01-14,latam,retail,352.09,8
2132,2026-05-12,eu,online,522.82,18
2133,2025-09-11,latam,wholesale,822.37,19
2134,2025-10-04,apac,online,375.15,9
2135,2026-03-02,eu,online,621.99,16
2136,2026-02-05,us,wholesale,491.99,16
2137,2025-11-28,us,online,275.89,8
2138,2026-04-28,apac,wholesale,627.67,18
2139,2026-02-21,apac,online,313.95,7
2140,2025-01-18,apac,online,341.43,7
2141,2025-04-21,us,retail,203.86,7
2142,2026-05-04,us,online,313.97,8
2143,2025-03-27,us,online,355.21,8
2144,2025-05-25,apac,online,374.84,11
2145,2025-08-27,us,online,339.14,10
2146,2025-02-07,us,retail,252.15,7
2147,2025-01-06,us,online,331.87,9
2148,2025-08-30,apac,online,389.41,12
2149,2025-03-25,us,online,372.26,13
2150,2026-06-17,eu,wholesale,782.06,19
2151,2025-04-27,latam,online,482.59,16
2152,2026-03-05,us,online,309.19,9
2153,2025-10-29,latam,online,410.04,12
2154,2025-06-19,latam,retail,260.47,9
2155,2026-01-16,apac,wholesale,523.81,14
2156,2025-05-19,us,retail,237.34,8
2157,2025-11-22,us,online,282.23,10
2158,2025-07-12,us,online,310.32,10
2159,2025-04-07,eu,online,585.07,19
2160,2025-08-20,latam,online,451.74,13
2161,2025-10-19,eu,wholesale,918.42,24
2162,2026-02-17,latam,online,336.24,8
2163,2025-07-27,us,online,355.43,9
2164,2025-04-15,latam,online,443.88,15
2165,2026-01-28,apac,online,324.15,8
2166,2026-04-30,latam,retail,406.17,13
2167,2025-08-10,eu,online,614.51,20
2168,2025-11-28,latam,retail,384.42,13
2169,2026-03-27,us,wholesale,421.95,13
2170,2026-02-07,us,online,318.37,9
2171,2025-11-16,apac,online,379.94,13
2172,2025-06-20,us,wholesale,488.33,11
2173,2026-03-24,us,retail,208.96,5
2174,2026-03-22,us,online,317.69,8
2175,2026-04-23,latam,retail,348.94,10
2176,2025-07-15,us,retail,238.61,7
2177,2025-01-11,latam,retail,357.04,11
2178,2026-01-13,us,online,370.86,8
2179,2025-10-07,apac,wholesale,630.20,17
2180,2025-09-17,eu,online,530.46,16
2181,2025-02-01,eu,online,613.33,13
2182,2026-04-30,us,online,265.21,6
2183,2025-04-17,us,online,344.45,8
2184,2025-05-15,eu,retail,418.87,14
2185,2026-03-31,us,wholesale,466.58,16
2186,2025-07-18,apac,retail,278.57,7
2187,2025-11-21,us,online,317.55,7
2188,2025-01-15,us,online,286.86,6
2189,2025-03-04,apac,retail,347.23,9
2190,2026-03-31,us,wholesale,522.69,18
2191,2026-02-24,us,online,366.01,8
2192,2025-12-26,eu,online,611.55,20
2193,2025-03-30,apac,retail,252.75,8
2194,2025-07-10,eu,retail,393.51,12
2195,2025-06-23,us,wholesale,546.86,16
2196,2025-09-10,eu,retail,382.07,11
2197,2025-07-15,us,retail,267.14,8
2198,2025-10-13,apac,online,289.29,9
2199,2025-07-12,latam,online,425.09,9
2200,2025-04-05,latam,online,464.04,13
2201,2026-06-20,us,online,281.05,7
2202,2026-01-30,eu,retail,437.92,14
2203,2026-03-21,us,retail,234.42,6
2204,2026-05-31,latam,retail,405.80,11
2205,2026-06-10,us,online,304.08,8
2206,2025-07-10,eu,wholesale,755.67,21
2207,2026-01-22,apac,online,309.35,9
2208,2025-01-09,eu,online,407.40,13
2209,2025-04-13,apac,online,375.66,12
2210,2026-03-26,us,retail,295.94,7
2211,2026-03-22,apac,online,354.16,11
2212,2026-05-10,us,online,259.51,6
2213,2025-08-28,latam,retail,351.34,9
2214,2026-02-15,apac,retail,213.95,6
2215,2025-11-04,latam,wholesale,849.93,19
2216,2025-05-23,latam,retail,274.05,9
2217,2025-04-03,latam,retail,318.41,8
2218,2025-01-01,apac,wholesale,685.70,17
2219,2025-11-11,latam,wholesale,741.04,23
2220,2026-01-19,eu,online,542.16,19
2221,2026-02-08,latam,wholesale,630.31,16
2222,2025-04-09,us,retail,179.65,5
2223,2026-02-14,latam,retail,356.85,8
2224,2026-02-08,us,online,223.89,6
2225,2025-01-28,latam,online,442.50,11
2226,2025-01-02,apac,online,418.23,11
2227,2025-08-24,us,retail,252.02,8
2228,2025-07-04,apac,online,381.26,11
2229,2026-05-08,latam,online,557.07,16
2230,2025-04-19,latam,online,458.26,13
2231,2025-04-14,eu,online,484.58,11
2232,2026-06-04,latam,wholesale,618.22,18
2233,2026-02-16,apac,online,347.22,10
2234,2026-04-07,us,wholesale,489.03,13
2235,2026-01-09,us,retail,253.81,7
2236,2025-03-23,us,retail,251.67,8
2237,2025-09-22,latam,retail,368.43,9
2238,2025-10-16,apac,wholesale,695.75,24
2239,2025-02-21,us,online,342.06,11
2240,2025-01-25,latam,online,379.59,10
2241,2025-01-18,latam,online,389.02,14
2242,2026-06-29,eu,retail,429.78,10
2243,2025-04-07,latam,wholesale,720.42,20
2244,2026-04-15,us,online,314.32,8
2245,2026-06-21,latam,retail,333.21,10
2246,2025-04-14,eu,online,512.44,15
2247,2025-11-06,us,wholesale,469.17,10
2248,2025-03-23,latam,online,435.14,10
2249,2025-07-16,apac,wholesale,373.26,10
2250,2025-02-20,apac,retail,239.60,7
2251,2026-03-24,apac,retail,279.81,9
2252,2026-02-13,apac,wholesale,680.34,15
2253,2026-02-21,us,online,353.67,9
2254,2025-11-22,latam,online,516.82,17
2255,2025-08-15,latam,retail,375.32,9
2256,2025-12-03,us,online,311.56,8
2257,2025-12-18,apac,online,338.53,9
2258,2025-08-04,apac,retail,314.85,8
2259,2026-02-17,latam,online,528.85,12
2260,2025-12-20,us,online,350.83,12
2261,2025-11-08,us,online,291.86,7
2262,2025-06-20,eu,online,572.45,15
2263,2025-01-24,us,online,335.29,8
2264,2025-05-15,us,online,270.58,8
2265,2026-02-10,us,wholesale,515.47,13
2266,2026-02-15,latam,wholesale,939.91,25
2267,2025-10-13,latam,online,409.29,14
2268,2025-11-22,us,retail,264.80,7
2269,2026-02-18,apac,online,311.79,7
2270,2025-07-01,apac,retail,289.25,8
2271,2026-04-21,eu,retail,373.92,13
2272,2026-03-05,us,online,284.32,8
2273,2025-05-22,us,online,298.30,10
2274,2025-01-24,us,online,304.75,9
2275,2026-04-29,latam,online,379.06,13
2276,2026-02-03,us,retail,195.43,5
2277,2025-06-15,us,retail,195.46,6
2278,2025-07-24,apac,retail,302.52,9
2279,2025-07-31,latam,retail,303.56,8
2280,2025-07-01,apac,online,337.56,7
2281,2025-12-06,apac,wholesale,681.00,21
2282,2025-02-03,us,wholesale,389.23,10
2283,2026-04-27,apac,online,370.69,10
2284,2025-05-04,latam,retail,331.99,8
2285,2025-01-25,us,retail,212.13,7
2286,2025-02-10,us,retail,260.35,8
2287,2026-03-27,us,online,283.31,9
2288,2025-04-25,latam,retail,353.22,9
2289,2025-05-26,apac,online,425.75,13
2290,2025-03-17,eu,online,462.19,13
2291,2025-09-24,us,retail,241.02,7
2292,2025-10-09,apac,online,415.21,11
2293,2025-10-23,us,wholesale,597.08,16
2294,2025-06-12,us,online,348.44,9
2295,2025-10-29,latam,retail,386.18,13
2296,2025-09-21,us,retail,316.00,8
2297,2025-11-07,eu,wholesale,841.27,24
2298,2026-06-14,apac,retail,292.32,8
2299,2025-12-19,us,wholesale,483.08,13
2300,2026-05-12,apac,online,314.85,8
2301,2026-05-11,us,online,304.87,7
2302,2025-08-18,latam,online,424.74,14
2303,2025-05-03,us,retail,250.25,7
2304,2026-06-21,us,retail,218.12,5
2305,2025-02-03,us,online,286.80,8
2306,2025-03-23,eu,online,536.95,12
2307,2025-09-11,eu,online,523.72,17
2308,2025-08-22,us,retail,291.42,7
2309,2025-09-30,apac,wholesale,547.34,17
2310,2025-05-16,us,wholesale,471.91,13
2311,2026-05-04,eu,online,444.51,11
2312,2025-07-21,latam,online,444.25,12
2313,2025-04-13,apac,online,331.00,9
2314,2025-04-25,us,online,327.64,8
2315,2026-04-13,apac,online,392.86,11
2316,2025-12-03,latam,online,428.08,12
2317,2025-11-03,apac,retail,284.20,8
2318,2026-03-27,us,online,384.35,13
2319,2025-01-07,us,wholesale,414.32,11
2320,2026-03-19,latam,wholesale,890.68,22
2321,2025-12-17,eu,retail,375.79,12
2322,2025-08-07,us,retail,212.71,6
2323,2026-04-29,latam,retail,371.83,10
2324,2025-06-10,us,wholesale,568.74,18
2325,2025-06-11,apac,wholesale,544.88,12
2326,2026-03-03,us,online,286.57,7
2327,2026-04-29,latam,retail,415.72,12
2328,2025-11-19,latam,retail,312.61,9
2329,2026-03-04,apac,online,462.41,16
2330,2025-05-24,apac,online,363.65,8
2331,2025-07-27,us,wholesale,503.52,15
2332,2026-01-27,apac,online,426.30,13
2333,2025-08-09,us,wholesale,484.78,15
2334,2026-05-07,eu,wholesale,759.60,17
2335,2025-02-17,us,retail,274.23,6
2336,2026-01-20,us,online,295.79,10
2337,2026-01-14,eu,online,472.78,13
2338,2026-02-28,us,wholesale,497.86,12
2339,2025-07-24,us,online,264.22,8
2340,2026-06-28,us,online,318.64,7
2341,2025-03-11,us,wholesale,604.58,15
2342,2026-04-02,us,online,259.49,6
2343,2025-08-22,latam,online,384.96,10
2344,2025-01-24,us,online,343.82,11
2345,2026-05-14,us,online,357.59,12
2346,2026-03-24,us,online,235.12,5
2347,2025-12-01,us,retail,248.36,6
2348,2025-04-05,us,retail,231.75,5
2349,2026-06-10,us,online,308.78,7
2350,2025-03-16,us,retail,256.67,6
2351,2026-04-08,apac,online,466.74,15
2352,2025-12-14,latam,wholesale,517.85,14
2353,2026-03-19,us,retail,262.41,8
2354,2025-01-09,us,online,308.92,10
2355,2025-08-17,apac,online,296.31,8
2356,2025-12-30,us,wholesale,480.42,11
2357,2025-07-13,us,online,303.52,10
2358,2025-02-10,eu,online,478.04,11
2359,2025-12-02,apac,retail,342.54,9
2360,2025-10-05,latam,wholesale,550.23,17
2361,2025-01-28,us,retail,280.10,8
2362,2026-03-31,us,online,358.54,8
2363,2025-02-20,us,wholesale,425.07,13
2364,2025-04-06,apac,retail,299.44,7
2365,2026-06-13,apac,online,412.41,14
2366,2025-11-21,apac,online,410.28,12
2367,2026-06-04,latam,wholesale,647.64,22
2368,2026-03-07,apac,wholesale,616.92,18
2369,2025-11-14,us,online,319.87,7
2370,2025-03-28,latam,retail,306.30,8
2371,2025-01-17,us,retail,262.01,7
2372,2025-09-12,latam,wholesale,668.07,21
2373,2025-05-24,eu,online,484.21,17
2374,2025-10-28,us,retail,194.06,6
2375,2025-06-26,apac,wholesale,614.11,20
2376,2026-01-09,us,online,338.74,8
2377,2026-05-25,eu,wholesale,860.89,25
2378,2025-01-30,us,online,335.09,8
2379,2025-02-05,latam,retail,341.82,10
2380,2026-06-22,apac,retail,268.79,9
2381,2025-08-17,eu,online,675.64,23
2382,2026-03-27,apac,retail,344.33,11
2383,2025-11-15,us,online,249.77,8
2384,2025-04-09,latam,online,446.45,12
2385,2025-07-20,us,retail,264.36,6
2386,2025-04-08,eu,online,573.34,14
2387,2025-09-13,latam,online,434.91,11
2388,2026-06-17,latam,retail,370.08,10
2389,2025-05-15,us,online,283.59,9
2390,2026-01-30,us,retail,264.63,7
2391,2025-01-15,us,retail,244.73,6
2392,2026-05-08,latam,online,440.63,12
2393,2026-02-20,latam,online,395.72,10
2394,2025-10-14,us,wholesale,549.26,14
2395,2025-07-10,apac,online,357.40,10
2396,2025-12-17,us,online,407.88,10
2397,2026-03-13,latam,retail,277.13,9
2398,2025-04-24,latam,online,325.94,11
2399,2025-12-22,us,wholesale,511.85,11
2400,2026-06-01,eu,retail,466.05,15
2401,2026-06-08,us,retail,258.72,8
2402,2025-12-29,eu,retail,505.90,14
2403,2026-06-28,us,online,236.18,7
2404,2026-06-28,latam,retail,332.39,11
2405,2025-08-20,latam,online,477.58,16
2406,2025-07-27,us,online,249.97,8
2407,2025-10-31,us,retail,213.08,6
2408,2025-11-04,apac,online,393.50,14
2409,2025-11-16,latam,online,451.50,12
2410,2025-05-24,eu,retail,494.47,16
2411,2025-09-06,us,retail,226.84,6
2412,2025-12-25,us,online,349.96,12
2413,2026-02-16,us,online,342.16,8
2414,2025-10-10,eu,online,591.69,14
2415,2025-11-15,eu,wholesale,662.39,17
2416,2025-05-08,latam,online,416.54,11
2417,2025-12-16,us,wholesale,647.30,23
2418,2026-04-23,us,online,237.89,7
2419,2026-05-14,latam,retail,345.56,12
2420,2026-01-07,us,online,274.36,8
2421,2026-03-19,us,online,254.77,6
2422,2025-10-10,latam,retail,371.81,8
2423,2025-09-15,us,online,351.65,12
2424,2026-05-22,us,online,298.41,9
2425,2026-05-15,apac,online,283.57,8
2426,2026-01-27,apac,retail,263.49,9
2427,2025-04-11,eu,retail,393.81,9
2428,2026-03-08,latam,online,418.20,10
2429,2026-03-27,us,wholesale,525.04,14
2430,2026-03-19,us,retail,209.90,5
2431,2025-01-25,eu,online,481.98,14
2432,2026-04-13,apac,wholesale,530.86,12
2433,2025-12-19,latam,retail,279.73,8
2434,2025-09-27,us,online,374.78,9
2435,2025-11-26,latam,online,424.96,10
2436,2025-04-02,latam,online,343.81,10
2437,2025-08-22,us,retail,256.84,6
2438,2026-05-25,eu,online,568.73,14
2439,2026-05-13,us,wholesale,418.38,9
2440,2025-11-27,us,retail,282.07,10
2441,2026-06-03,latam,online,409.64,10
2442,2025-03-19,apac,online,307.29,10
2443,2026-02-19,eu,online,540.98,16
2444,2026-01-30,latam,wholesale,650.89,22
2445,2025-10-28,us,retail,182.09,5
2446,2025-09-09,latam,retail,272.27,7
2447,2026-05-22,us,online,344.90,11
2448,2025-08-10,us,online,354.77,12
2449,2026-05-10,latam,retail,366.42,10
2450,2026-06-16,us,online,299.59,8
2451,2026-02-01,us,retail,266.98,6
2452,2026-01-15,us,online,243.62,7
2453,2026-01-01,us,online,348.98,10
2454,2025-05-12,us,retail,260.60,9
2455,2026-05-03,us,retail,226.78,5
2456,2025-08-18,latam,online,424.65,12
2457,2026-03-25,us,wholesale,467.15,10
2458,2025-02-28,latam,online,431.00,10
2459,2025-03-07,apac,retail,282.73,7
2460,2025-01-29,us,retail,257.23,6
2461,2025-05-17,apac,retail,311.97,9
2462,2025-12-05,apac,online,357.40,11
2463,2026-02-21,us,online,327.65,8
2464,2025-02-24,latam,wholesale,768.95,19
2465,2025-03-14,latam,wholesale,611.44,15
2466,2025-07-03,us,online,270.99,6
2467,2025-05-03,eu,retail,405.09,11
2468,2026-02-22,us,online,350.57,10
2469,2025-07-07,apac,retail,314.68,8
2470,2025-07-08,us,online,319.11,10
2471,2025-03-25,latam,online,383.97,10
2472,2025-03-02,eu,online,608.06,15
2473,2026-06-26,eu,wholesale,920.55,27
2474,2026-01-19,us,online,302.53,7
2475,2026-05-26,us,wholesale,496.80,15
2476,2026-01-19,us,retail,258.39,7
2477,2025-07-01,us,retail,187.20,5
2478,2025-05-04,us,retail,265.28,6
2479,2025-12-24,latam,online,401.85,13
2480,2025-06-08,eu,wholesale,710.29,15
2481,2026-02-03,us,retail,254.69,6
2482,2025-05-25,eu,online,373.59,12
2483,2026-02-18,us,wholesale,499.34,11
2484,2025-04-12,apac,retail,291.10,7
2485,2026-06-24,eu,online,430.38,12
2486,2025-10-17,us,online,278.40,8
2487,2026-03-13,apac,wholesale,520.56,14
2488,2026-05-11,apac,online,383.79,10
2489,2025-10-22,latam,retail,352.35,9
2490,2025-11-11,eu,retail,339.32,8
2491,2025-06-27,us,online,262.64,7
2492,2025-07-12,eu,online,440.79,13
2493,2026-03-21,apac,retail,284.97,9
2494,2025-08-08,apac,retail,246.00,8
2495,2025-11-24,us,retail,257.43,8
2496,2026-01-26,us,wholesale,555.21,18
2497,2025-01-05,us,retail,306.95,7
2498,2026-02-04,latam,wholesale,619.49,14
2499,2025-02-15,apac,retail,314.03,8
2500,2025-11-14,latam,retail,390.32,12
2501,2025-10-07,us,retail,236.52,6
2502,2025-07-14,apac,retail,290.68,7
2503,2026-02-09,apac,online,431.22,14
2504,2025-04-28,us,wholesale,564.51,19
2505,2025-07-07,us,online,278.80,7
2506,2026-02-12,us,retail,235.99,7
2507,2025-09-25,latam,retail,360.16,8
2508,2026-05-25,us,retail,249.15,8
2509,2026-05-06,apac,wholesale,614.51,14
2510,2025-03-11,latam,retail,362.87,11
2511,2025-05-27,us,online,270.68,7
2512,2025-08-04,apac,retail,309.08,8
2513,2025-06-06,eu,wholesale,699.13,16
2514,2025-02-27,latam,wholesale,857.94,24
2515,2025-03-07,eu,online,533.58,16
2516,2026-03-28,us,wholesale,559.94,19
2517,2025-06-14,latam,online,512.68,18
2518,2025-01-18,us,online,416.31,11
2519,2026-01-15,latam,retail,430.30,11
2520,2025-03-01,eu,wholesale,883.40,21
2521,2025-08-18,us,wholesale,481.18,13
2522,2026-05-03,eu,retail,402.68,9
2523,2026-02-01,us,online,271.56,7
2524,2026-04-11,us,online,355.76,10
2525,2026-01-04,us,online,304.84,7
2526,2025-09-21,us,online,329.20,8
2527,2025-11-04,apac,wholesale,623.41,15
2528,2026-02-16,apac,online,397.70,13
2529,2026-02-20,us,wholesale,477.15,12
2530,2026-01-08,apac,online,381.36,11
2531,2026-06-27,us,wholesale,548.30,17
2532,2026-01-08,latam,retail,371.77,8
2533,2026-02-23,us,retail,248.55,7
2534,2026-04-09,apac,online,386.19,12
2535,2026-02-27,us,retail,259.13,7
2536,2026-06-14,latam,online,441.35,12
2537,2025-07-31,us,wholesale,415.58,13
2538,2025-06-09,us,online,335.06,8
2539,2025-06-04,us,retail,237.31,5
2540,2025-11-20,eu,retail,445.69,11
2541,2025-02-06,us,online,271.68,9
2542,2025-02-24,eu,retail,337.48,10
2543,2026-01-01,eu,retail,424.30,13
2544,2025-11-20,us,online,319.68,8
2545,2025-06-29,us,online,295.88,8
2546,2026-03-02,us,wholesale,505.82,17
2547,2026-04-26,us,online,290.94,7
2548,2025-05-31,latam,wholesale,624.21,14
2549,2026-01-26,eu,wholesale,720.00,17
2550,2026-01-07,us,retail,274.22,6
2551,2025-01-21,us,wholesale,689.00,18
2552,2026-01-14,us,retail,227.06,8
2553,2026-02-08,eu,online,546.22,12
2554,2025-11-25,us,wholesale,466.05,14
2555,2025-12-30,us,retail,198.78,7
2556,2025-06-23,us,online,261.16,8
2557,2026-06-17,latam,online,439.27,13
2558,2025-11-10,latam,online,423.64,13
2559,2025-10-07,us,online,300.00,8
2560,2025-05-14,eu,online,414.61,9
2561,2025-01-20,us,wholesale,467.50,13
2562,2025-10-04,apac,online,387.26,10
2563,2026-03-11,latam,retail,312.47,7
2564,2026-05-16,us,online,318.14,10
2565,2025-03-28,eu,online,567.14,13
2566,2025-05-12,us,wholesale,360.27,8
2567,2026-01-18,eu,wholesale,951.37,29
2568,2025-01-14,eu,wholesale,883.62,21
2569,2025-03-14,latam,retail,376.17,9
2570,2025-04-19,apac,retail,328.31,8
2571,2025-03-25,eu,wholesale,894.59,30
2572,2025-08-04,apac,online,423.20,15
2573,2026-06-27,eu,online,560.59,14
2574,2026-04-26,apac,retail,347.65,10
2575,2025-03-04,us,retail,232.19,8
2576,2025-07-13,us,online,315.14,8
2577,2025-07-11,us,wholesale,598.76,19
2578,2025-10-31,apac,retail,240.72,6
2579,2026-03-13,apac,online,359.76,11
2580,2025-09-15,eu,retail,461.90,14
2581,2026-05-21,latam,wholesale,613.14,16
2582,2026-04-02,us,wholesale,557.67,20
2583,2026-01-06,us,wholesale,454.82,10
2584,2025-11-23,us,retail,226.45,6
2585,2026-05-27,us,online,287.05,8
2586,2025-06-24,us,online,339.66,12
2587,2026-04-18,latam,online,388.54,9
2588,2026-04-21,apac,retail,343.04,9
2589,2026-03-06,eu,retail,512.44,12
2590,2025-06-02,apac,retail,266.14,8
2591,2025-06-26,eu,retail,486.27,15
2592,2025-10-05,eu,online,642.56,19
2593,2025-11-07,eu,online,578.80,18
2594,2026-05-27,latam,online,341.26,10
2595,2025-03-03,us,wholesale,463.51,10
2596,2025-05-25,us,online,350.16,11
2597,2026-03-03,us,retail,167.92,4
2598,2026-03-16,latam,online,437.71,11
2599,2025-12-16,us,online,323.48,7
2600,2025-03-06,apac,retail,226.09,8
