location_id,loc_date,date,net_sales,order_count,dine_in_sales,delivery_sales
1,1-2026-01-01,2026-01-01,7115.48,331,3650.77,3464.71
1,1-2026-01-02,2026-01-02,7001.37,326,3796.24,3205.13
1,1-2026-01-03,2026-01-03,8657.51,403,5245.55,3411.95
1,1-2026-01-04,2026-01-04,8470.11,394,4592.42,3877.69
1,1-2026-01-05,2026-01-05,6302.32,293,3315.14,2987.18
1,1-2026-01-06,2026-01-06,7248.81,337,4090.64,3158.17
1,1-2026-01-07,2026-01-07,7043.03,328,4195.2,2847.84
1,1-2026-01-08,2026-01-08,7330.31,341,4480.64,2849.67
1,1-2026-01-09,2026-01-09,7206.16,335,4571.77,2634.39
1,1-2026-01-10,2026-01-10,8731.28,406,5460.29,3271.0
1,1-2026-01-11,2026-01-11,8993.46,418,5650.09,3343.37
1,1-2026-01-12,2026-01-12,6315.78,294,3989.05,2326.73
1,1-2026-01-13,2026-01-13,7174.59,334,4598.48,2576.12
1,1-2026-01-14,2026-01-14,7285.12,339,4467.0,2818.12
1,1-2026-01-15,2026-01-15,7356.87,342,4657.07,2699.8
1,1-2026-01-16,2026-01-16,7526.53,350,4706.33,2820.2
1,1-2026-01-17,2026-01-17,8886.18,413,5562.76,3323.42
1,1-2026-01-18,2026-01-18,8977.73,418,5682.0,3295.72
1,1-2026-01-19,2026-01-19,6685.0,311,4323.6,2361.4
1,1-2026-01-20,2026-01-20,6996.98,325,4397.96,2599.02
1,1-2026-01-21,2026-01-21,7179.46,334,4292.29,2887.17
1,1-2026-01-22,2026-01-22,7636.23,355,4780.48,2855.75
1,1-2026-01-23,2026-01-23,7168.22,333,4577.93,2590.29
1,1-2026-01-24,2026-01-24,8637.01,402,5102.62,3534.38
1,1-2026-01-25,2026-01-25,8478.32,394,5130.9,3347.43
1,1-2026-01-26,2026-01-26,6459.07,300,4104.44,2354.63
1,1-2026-01-27,2026-01-27,7083.87,329,4544.15,2539.72
1,1-2026-01-28,2026-01-28,6859.14,319,3904.69,2954.45
1,1-2026-01-29,2026-01-29,7267.44,338,4473.51,2793.93
1,1-2026-01-30,2026-01-30,7414.02,345,4631.84,2782.17
1,1-2026-01-31,2026-01-31,8939.42,416,5397.89,3541.53
1,1-2026-02-01,2026-02-01,8208.96,382,5126.99,3081.97
1,1-2026-02-02,2026-02-02,6482.02,301,3879.42,2602.6
1,1-2026-02-03,2026-02-03,7361.9,342,4695.56,2666.34
1,1-2026-02-04,2026-02-04,6999.57,326,4247.88,2751.69
1,1-2026-02-05,2026-02-05,7257.35,338,4396.87,2860.48
1,1-2026-02-06,2026-02-06,6902.74,321,4308.44,2594.3
1,1-2026-02-07,2026-02-07,8619.94,401,5224.08,3395.86
1,1-2026-02-08,2026-02-08,8428.23,392,5129.36,3298.87
1,1-2026-02-09,2026-02-09,6920.91,322,4294.31,2626.6
1,1-2026-02-10,2026-02-10,6281.26,292,3291.18,2990.08
1,1-2026-02-11,2026-02-11,7064.52,329,4114.03,2950.49
1,1-2026-02-12,2026-02-12,6918.46,322,4185.35,2733.11
1,1-2026-02-13,2026-02-13,7213.34,336,4323.89,2889.45
1,1-2026-02-14,2026-02-14,9114.54,424,5766.12,3348.42
1,1-2026-02-15,2026-02-15,8609.59,400,4437.31,4172.27
1,1-2026-02-16,2026-02-16,6011.6,280,3159.7,2851.9
1,1-2026-02-17,2026-02-17,6831.75,318,3573.04,3258.71
1,1-2026-02-18,2026-02-18,6921.0,322,3916.05,3004.95
1,1-2026-02-19,2026-02-19,6874.13,320,3475.58,3398.55
1,1-2026-02-20,2026-02-20,7050.27,328,4532.95,2517.33
1,1-2026-02-21,2026-02-21,9085.28,423,5583.48,3501.8
1,1-2026-02-22,2026-02-22,9099.56,423,5552.54,3547.02
1,1-2026-02-23,2026-02-23,6707.48,312,4204.55,2502.94
1,1-2026-02-24,2026-02-24,6999.75,326,3895.88,3103.87
1,1-2026-02-25,2026-02-25,7088.23,330,4315.48,2772.75
1,1-2026-02-26,2026-02-26,7277.51,338,4527.89,2749.62
1,1-2026-02-27,2026-02-27,7005.63,326,4454.94,2550.69
1,1-2026-02-28,2026-02-28,8849.77,412,5270.73,3579.03
1,1-2026-03-01,2026-03-01,8669.44,403,5354.09,3315.35
1,1-2026-03-02,2026-03-02,6100.38,284,3477.89,2622.49
1,1-2026-03-03,2026-03-03,7135.6,332,4203.17,2932.42
1,1-2026-03-04,2026-03-04,7170.85,334,4568.1,2602.75
1,1-2026-03-05,2026-03-05,7498.29,349,4567.73,2930.56
1,1-2026-03-06,2026-03-06,7355.77,342,4501.08,2854.69
1,1-2026-03-07,2026-03-07,8720.73,406,5125.64,3595.08
1,1-2026-03-08,2026-03-08,8849.07,412,5759.08,3089.99
1,1-2026-03-09,2026-03-09,6331.61,294,3995.39,2336.22
1,1-2026-03-10,2026-03-10,7145.44,332,4426.92,2718.52
1,1-2026-03-11,2026-03-11,7123.99,331,4539.84,2584.15
1,1-2026-03-12,2026-03-12,7354.52,342,4612.4,2742.12
1,1-2026-03-13,2026-03-13,7348.33,342,4412.4,2935.93
1,1-2026-03-14,2026-03-14,8694.07,404,5597.94,3096.13
1,1-2026-03-15,2026-03-15,8785.41,409,5411.19,3374.22
1,1-2026-03-16,2026-03-16,6696.93,311,4294.78,2402.14
1,1-2026-03-17,2026-03-17,7449.81,347,4730.19,2719.63
1,1-2026-03-18,2026-03-18,6840.48,318,4287.7,2552.78
1,1-2026-03-19,2026-03-19,7059.96,328,4454.39,2605.57
1,1-2026-03-20,2026-03-20,6820.08,317,4243.98,2576.1
1,1-2026-03-21,2026-03-21,8636.89,402,5126.96,3509.93
1,1-2026-03-22,2026-03-22,8749.55,407,5648.45,3101.1
1,1-2026-03-23,2026-03-23,6565.9,305,4013.2,2552.7
1,1-2026-03-24,2026-03-24,7058.01,328,4281.01,2777.0
1,1-2026-03-25,2026-03-25,6994.47,325,4314.96,2679.51
1,1-2026-03-26,2026-03-26,7146.29,332,4547.95,2598.34
1,1-2026-03-27,2026-03-27,7063.87,329,4392.26,2671.61
1,1-2026-03-28,2026-03-28,8700.37,405,5454.39,3245.98
1,1-2026-03-29,2026-03-29,8995.81,418,5608.82,3386.99
1,1-2026-03-30,2026-03-30,6571.76,306,3881.05,2690.7
1,1-2026-03-31,2026-03-31,6699.44,312,3890.82,2808.62
1,1-2026-04-01,2026-04-01,7004.08,326,3804.24,3199.84
1,1-2026-04-02,2026-04-02,6946.83,323,3991.2,2955.63
1,1-2026-04-03,2026-04-03,7492.28,348,4704.02,2788.26
1,1-2026-04-04,2026-04-04,8803.76,409,5242.88,3560.87
1,1-2026-04-05,2026-04-05,8618.2,401,5238.35,3379.85
1,1-2026-04-06,2026-04-06,6332.96,295,3923.9,2409.06
1,1-2026-04-07,2026-04-07,7312.52,340,4373.28,2939.23
1,1-2026-04-08,2026-04-08,7344.39,342,4188.31,3156.08
1,1-2026-04-09,2026-04-09,6692.64,311,4139.8,2552.84
1,1-2026-04-10,2026-04-10,6819.01,317,3744.18,3074.83
1,1-2026-04-11,2026-04-11,8558.38,398,4417.0,4141.38
1,1-2026-04-12,2026-04-12,7672.55,357,4026.65,3645.89
1,1-2026-04-13,2026-04-13,6480.75,301,3761.03,2719.73
1,1-2026-04-14,2026-04-14,7514.27,350,4735.57,2778.7
1,1-2026-04-15,2026-04-15,7109.37,331,4271.55,2837.82
1,1-2026-04-16,2026-04-16,7374.49,343,4485.72,2888.76
1,1-2026-04-17,2026-04-17,7057.89,328,4534.42,2523.47
1,1-2026-04-18,2026-04-18,8554.17,398,5125.48,3428.69
1,1-2026-04-19,2026-04-19,9070.21,422,5693.9,3376.31
1,1-2026-04-20,2026-04-20,6201.01,288,3217.9,2983.11
1,1-2026-04-21,2026-04-21,7276.03,338,4236.91,3039.12
1,1-2026-04-22,2026-04-22,7091.97,330,3984.41,3107.55
1,1-2026-04-23,2026-04-23,6717.25,312,4198.35,2518.9
1,1-2026-04-24,2026-04-24,7186.45,334,4324.39,2862.06
1,1-2026-04-25,2026-04-25,8212.37,382,5096.83,3115.54
1,1-2026-04-26,2026-04-26,8331.66,388,5127.82,3203.84
1,1-2026-04-27,2026-04-27,6433.28,299,3959.28,2474.0
1,1-2026-04-28,2026-04-28,6987.34,325,4237.69,2749.65
1,1-2026-04-29,2026-04-29,7044.53,328,4429.0,2615.54
1,1-2026-04-30,2026-04-30,7143.25,332,4234.78,2908.48
2,2-2026-01-01,2026-01-01,5312.33,247,2621.98,2690.36
2,2-2026-01-02,2026-01-02,5560.53,259,3196.37,2364.16
2,2-2026-01-03,2026-01-03,6388.15,297,3616.05,2772.1
2,2-2026-01-04,2026-01-04,6377.86,297,3362.74,3015.13
2,2-2026-01-05,2026-01-05,4828.4,225,2392.48,2435.92
2,2-2026-01-06,2026-01-06,5647.67,263,3353.31,2294.35
2,2-2026-01-07,2026-01-07,5504.81,256,3355.65,2149.16
2,2-2026-01-08,2026-01-08,5503.42,256,3514.97,1988.45
2,2-2026-01-09,2026-01-09,5493.65,256,3495.73,1997.93
2,2-2026-01-10,2026-01-10,6635.49,309,4089.79,2545.7
2,2-2026-01-11,2026-01-11,6925.53,322,4453.46,2472.07
2,2-2026-01-12,2026-01-12,5195.1,242,3138.78,2056.32
2,2-2026-01-13,2026-01-13,5750.13,267,3620.96,2129.18
2,2-2026-01-14,2026-01-14,5338.26,248,3313.55,2024.71
2,2-2026-01-15,2026-01-15,5988.83,279,3720.35,2268.47
2,2-2026-01-16,2026-01-16,5369.97,250,3397.47,1972.49
2,2-2026-01-17,2026-01-17,6731.49,313,4319.04,2412.45
2,2-2026-01-18,2026-01-18,6709.23,312,4301.08,2408.15
2,2-2026-01-19,2026-01-19,5353.45,249,3284.43,2069.03
2,2-2026-01-20,2026-01-20,5464.35,254,3205.64,2258.7
2,2-2026-01-21,2026-01-21,5664.89,263,3507.23,2157.66
2,2-2026-01-22,2026-01-22,5886.77,274,3591.66,2295.11
2,2-2026-01-23,2026-01-23,5846.44,272,3711.51,2134.93
2,2-2026-01-24,2026-01-24,6750.54,314,4043.0,2707.54
2,2-2026-01-25,2026-01-25,6410.05,298,3961.18,2448.86
2,2-2026-01-26,2026-01-26,5266.47,245,3241.58,2024.89
2,2-2026-01-27,2026-01-27,5505.26,256,3310.65,2194.61
2,2-2026-01-28,2026-01-28,5950.03,277,3662.7,2287.33
2,2-2026-01-29,2026-01-29,5677.03,264,3471.26,2205.77
2,2-2026-01-30,2026-01-30,5543.31,258,3272.87,2270.44
2,2-2026-01-31,2026-01-31,7283.16,339,4568.07,2715.09
2,2-2026-02-01,2026-02-01,6451.74,300,3998.59,2453.15
2,2-2026-02-02,2026-02-02,5152.55,240,3039.11,2113.44
2,2-2026-02-03,2026-02-03,5275.96,245,3292.88,1983.08
2,2-2026-02-04,2026-02-04,5492.61,255,3262.98,2229.63
2,2-2026-02-05,2026-02-05,5677.27,264,3545.21,2132.07
2,2-2026-02-06,2026-02-06,5659.06,263,3449.31,2209.75
2,2-2026-02-07,2026-02-07,6732.52,313,4202.4,2530.12
2,2-2026-02-08,2026-02-08,7113.94,331,4392.47,2721.47
2,2-2026-02-09,2026-02-09,5200.76,242,3324.38,1876.37
2,2-2026-02-10,2026-02-10,5469.63,254,3259.13,2210.49
2,2-2026-02-11,2026-02-11,5116.89,238,2910.86,2206.02
2,2-2026-02-12,2026-02-12,5743.62,267,3606.27,2137.35
2,2-2026-02-13,2026-02-13,5532.71,257,3292.6,2240.1
2,2-2026-02-14,2026-02-14,7040.26,327,4563.34,2476.92
2,2-2026-02-15,2026-02-15,6637.15,309,3615.96,3021.2
2,2-2026-02-16,2026-02-16,4710.33,219,2456.07,2254.26
2,2-2026-02-17,2026-02-17,5092.44,237,2623.62,2468.82
2,2-2026-02-18,2026-02-18,5278.72,246,3057.28,2221.44
2,2-2026-02-19,2026-02-19,5508.59,256,2874.64,2633.95
2,2-2026-02-20,2026-02-20,5252.31,244,3257.45,1994.86
2,2-2026-02-21,2026-02-21,6863.59,319,4300.77,2562.83
2,2-2026-02-22,2026-02-22,6703.46,312,4205.5,2497.97
2,2-2026-02-23,2026-02-23,5075.95,236,3031.01,2044.94
2,2-2026-02-24,2026-02-24,5556.23,258,3093.77,2462.45
2,2-2026-02-25,2026-02-25,5330.61,248,3026.99,2303.62
2,2-2026-02-26,2026-02-26,5866.36,273,3703.13,2163.23
2,2-2026-02-27,2026-02-27,5403.61,251,3213.22,2190.39
2,2-2026-02-28,2026-02-28,7086.81,330,4364.77,2722.04
2,2-2026-03-01,2026-03-01,6605.53,307,4042.41,2563.11
2,2-2026-03-02,2026-03-02,5127.93,239,3261.17,1866.76
2,2-2026-03-03,2026-03-03,5358.88,249,3387.62,1971.27
2,2-2026-03-04,2026-03-04,5556.42,258,3312.81,2243.61
2,2-2026-03-05,2026-03-05,5902.32,275,3685.64,2216.68
2,2-2026-03-06,2026-03-06,5683.3,264,3565.26,2118.04
2,2-2026-03-07,2026-03-07,7111.6,331,4351.06,2760.54
2,2-2026-03-08,2026-03-08,7289.09,339,4488.58,2800.51
2,2-2026-03-09,2026-03-09,5454.92,254,3396.12,2058.8
2,2-2026-03-10,2026-03-10,5452.05,254,3477.45,1974.6
2,2-2026-03-11,2026-03-11,5234.18,243,3232.45,2001.74
2,2-2026-03-12,2026-03-12,5706.47,265,3748.06,1958.41
2,2-2026-03-13,2026-03-13,5829.46,271,3531.65,2297.81
2,2-2026-03-14,2026-03-14,6885.8,320,4098.74,2787.07
2,2-2026-03-15,2026-03-15,7162.26,333,4494.52,2667.75
2,2-2026-03-16,2026-03-16,5513.04,256,3448.98,2064.06
2,2-2026-03-17,2026-03-17,5713.22,266,3619.67,2093.55
2,2-2026-03-18,2026-03-18,5508.03,256,3431.45,2076.58
2,2-2026-03-19,2026-03-19,5322.3,248,3231.36,2090.94
2,2-2026-03-20,2026-03-20,5716.41,266,3746.96,1969.45
2,2-2026-03-21,2026-03-21,6672.89,310,4269.83,2403.06
2,2-2026-03-22,2026-03-22,6763.47,315,4168.02,2595.45
2,2-2026-03-23,2026-03-23,4973.1,231,3163.48,1809.62
2,2-2026-03-24,2026-03-24,5517.19,257,3321.97,2195.22
2,2-2026-03-25,2026-03-25,5540.03,258,3360.79,2179.24
2,2-2026-03-26,2026-03-26,5306.4,247,3334.47,1971.92
2,2-2026-03-27,2026-03-27,5771.18,268,3588.84,2182.34
2,2-2026-03-28,2026-03-28,6679.13,311,4259.69,2419.44
2,2-2026-03-29,2026-03-29,7003.43,326,4497.05,2506.38
2,2-2026-03-30,2026-03-30,5016.52,233,3214.27,1802.24
2,2-2026-03-31,2026-03-31,5116.52,238,2616.65,2499.87
2,2-2026-04-01,2026-04-01,5105.26,237,2707.2,2398.06
2,2-2026-04-02,2026-04-02,5397.29,251,3233.6,2163.69
2,2-2026-04-03,2026-04-03,5836.25,271,3611.9,2224.35
2,2-2026-04-04,2026-04-04,6819.81,317,4179.78,2640.04
2,2-2026-04-05,2026-04-05,6974.33,324,4265.72,2708.61
2,2-2026-04-06,2026-04-06,5015.95,233,3111.07,1904.89
2,2-2026-04-07,2026-04-07,5614.6,261,3528.95,2085.65
2,2-2026-04-08,2026-04-08,5500.89,256,3512.47,1988.42
2,2-2026-04-09,2026-04-09,5809.46,270,3631.15,2178.31
2,2-2026-04-10,2026-04-10,5444.58,253,2973.23,2471.35
2,2-2026-04-11,2026-04-11,6626.94,308,3616.69,3010.24
2,2-2026-04-12,2026-04-12,6232.94,290,3267.37,2965.57
2,2-2026-04-13,2026-04-13,5214.42,243,3321.38,1893.04
2,2-2026-04-14,2026-04-14,5659.24,263,3475.97,2183.27
2,2-2026-04-15,2026-04-15,5521.63,257,3268.04,2253.59
2,2-2026-04-16,2026-04-16,5268.82,245,3299.59,1969.23
2,2-2026-04-17,2026-04-17,5405.54,251,3386.91,2018.63
2,2-2026-04-18,2026-04-18,6952.32,323,4438.59,2513.73
2,2-2026-04-19,2026-04-19,6736.4,313,3975.64,2760.76
2,2-2026-04-20,2026-04-20,4527.2,211,2381.9,2145.3
2,2-2026-04-21,2026-04-21,5353.62,249,2865.56,2488.06
2,2-2026-04-22,2026-04-22,5471.91,255,3076.56,2395.35
2,2-2026-04-23,2026-04-23,5997.45,279,3723.3,2274.15
2,2-2026-04-24,2026-04-24,5461.1,254,3277.94,2183.16
2,2-2026-04-25,2026-04-25,6877.98,320,4009.91,2868.07
2,2-2026-04-26,2026-04-26,7026.1,327,3974.17,3051.93
2,2-2026-04-27,2026-04-27,5023.96,234,3107.68,1916.28
2,2-2026-04-28,2026-04-28,5438.91,253,3346.04,2092.87
2,2-2026-04-29,2026-04-29,5453.48,254,3339.2,2114.28
2,2-2026-04-30,2026-04-30,5595.21,260,3328.47,2266.74
3,3-2026-01-01,2026-01-01,5578.61,259,3005.94,2572.66
3,3-2026-01-02,2026-01-02,6199.37,288,3506.9,2692.47
3,3-2026-01-03,2026-01-03,7268.17,338,3944.36,3323.81
3,3-2026-01-04,2026-01-04,6550.04,305,3437.73,3112.31
3,3-2026-01-05,2026-01-05,5274.55,245,2658.43,2616.12
3,3-2026-01-06,2026-01-06,5979.05,278,3487.09,2491.96
3,3-2026-01-07,2026-01-07,6196.86,288,4036.29,2160.58
3,3-2026-01-08,2026-01-08,6113.19,284,3493.01,2620.18
3,3-2026-01-09,2026-01-09,5953.49,277,3725.77,2227.72
3,3-2026-01-10,2026-01-10,7357.89,342,4338.21,3019.68
3,3-2026-01-11,2026-01-11,7729.52,360,4794.27,2935.25
3,3-2026-01-12,2026-01-12,5508.58,256,3318.04,2190.54
3,3-2026-01-13,2026-01-13,6346.07,295,3941.15,2404.92
3,3-2026-01-14,2026-01-14,5787.29,269,3545.49,2241.8
3,3-2026-01-15,2026-01-15,6379.73,297,4025.93,2353.8
3,3-2026-01-16,2026-01-16,6081.65,283,3882.13,2199.53
3,3-2026-01-17,2026-01-17,7382.08,343,4507.42,2874.66
3,3-2026-01-18,2026-01-18,7704.7,358,4951.1,2753.6
3,3-2026-01-19,2026-01-19,5653.47,263,3482.84,2170.63
3,3-2026-01-20,2026-01-20,6086.45,283,3803.27,2283.18
3,3-2026-01-21,2026-01-21,6133.27,285,3658.24,2475.03
3,3-2026-01-22,2026-01-22,6168.8,287,3989.83,2178.98
3,3-2026-01-23,2026-01-23,6151.05,286,3978.7,2172.35
3,3-2026-01-24,2026-01-24,7238.35,337,4434.33,2804.03
3,3-2026-01-25,2026-01-25,7381.66,343,4761.93,2619.73
3,3-2026-01-26,2026-01-26,5487.9,255,3384.69,2103.21
3,3-2026-01-27,2026-01-27,6333.42,295,4048.06,2285.36
3,3-2026-01-28,2026-01-28,6056.29,282,3736.89,2319.4
3,3-2026-01-29,2026-01-29,5972.03,278,3790.16,2181.87
3,3-2026-01-30,2026-01-30,6365.49,296,3985.09,2380.4
3,3-2026-01-31,2026-01-31,7987.36,372,4939.7,3047.66
3,3-2026-02-01,2026-02-01,7163.57,333,4520.09,2643.48
3,3-2026-02-02,2026-02-02,5441.43,253,3256.76,2184.67
3,3-2026-02-03,2026-02-03,5975.09,278,3555.09,2420.0
3,3-2026-02-04,2026-02-04,6156.79,286,3972.76,2184.02
3,3-2026-02-05,2026-02-05,6275.61,292,3869.98,2405.63
3,3-2026-02-06,2026-02-06,6077.22,283,3795.24,2281.98
3,3-2026-02-07,2026-02-07,7062.06,328,4410.99,2651.07
3,3-2026-02-08,2026-02-08,7259.58,338,4605.25,2654.33
3,3-2026-02-09,2026-02-09,5773.17,269,3606.93,2166.25
3,3-2026-02-10,2026-02-10,6201.97,288,3577.09,2624.88
3,3-2026-02-11,2026-02-11,5978.93,278,3300.88,2678.06
3,3-2026-02-12,2026-02-12,5784.89,269,3371.03,2413.86
3,3-2026-02-13,2026-02-13,6278.71,292,4048.41,2230.3
3,3-2026-02-14,2026-02-14,7395.95,344,4440.55,2955.4
3,3-2026-02-15,2026-02-15,6716.07,312,3436.93,3279.15
3,3-2026-02-16,2026-02-16,5638.29,262,2931.45,2706.84
3,3-2026-02-17,2026-02-17,5547.3,258,2834.93,2712.37
3,3-2026-02-18,2026-02-18,5777.31,269,3226.05,2551.27
3,3-2026-02-19,2026-02-19,5941.94,276,3213.64,2728.3
3,3-2026-02-20,2026-02-20,6288.6,292,4057.47,2231.14
3,3-2026-02-21,2026-02-21,7360.73,342,4324.25,3036.48
3,3-2026-02-22,2026-02-22,7326.36,341,4359.8,2966.56
3,3-2026-02-23,2026-02-23,5370.93,250,3304.19,2066.74
3,3-2026-02-24,2026-02-24,5723.68,266,3561.23,2162.44
3,3-2026-02-25,2026-02-25,5988.2,279,3573.56,2414.64
3,3-2026-02-26,2026-02-26,6072.78,282,3821.86,2250.92
3,3-2026-02-27,2026-02-27,6223.14,289,3840.74,2382.4
3,3-2026-02-28,2026-02-28,7557.81,352,4698.61,2859.2
3,3-2026-03-01,2026-03-01,7338.42,341,4390.34,2948.08
3,3-2026-03-02,2026-03-02,5940.05,276,3699.99,2240.06
3,3-2026-03-03,2026-03-03,6347.09,295,3905.76,2441.33
3,3-2026-03-04,2026-03-04,6044.99,281,3804.96,2240.03
3,3-2026-03-05,2026-03-05,6182.75,288,3701.93,2480.82
3,3-2026-03-06,2026-03-06,5944.89,277,3712.41,2232.48
3,3-2026-03-07,2026-03-07,7332.58,341,4714.03,2618.54
3,3-2026-03-08,2026-03-08,7503.25,349,4530.99,2972.26
3,3-2026-03-09,2026-03-09,5431.16,253,3292.89,2138.27
3,3-2026-03-10,2026-03-10,6045.39,281,3556.75,2488.64
3,3-2026-03-11,2026-03-11,5890.85,274,3516.03,2374.82
3,3-2026-03-12,2026-03-12,5864.06,273,3672.43,2191.63
3,3-2026-03-13,2026-03-13,5697.57,265,3549.86,2147.7
3,3-2026-03-14,2026-03-14,7883.05,367,4830.71,3052.33
3,3-2026-03-15,2026-03-15,7488.8,348,4693.2,2795.59
3,3-2026-03-16,2026-03-16,5704.36,265,3713.8,1990.56
3,3-2026-03-17,2026-03-17,6129.27,285,3842.67,2286.6
3,3-2026-03-18,2026-03-18,6237.66,290,3798.84,2438.81
3,3-2026-03-19,2026-03-19,5839.65,272,3654.52,2185.14
3,3-2026-03-20,2026-03-20,5941.98,276,3701.31,2240.67
3,3-2026-03-21,2026-03-21,7578.91,353,4722.39,2856.53
3,3-2026-03-22,2026-03-22,7090.78,330,4455.33,2635.45
3,3-2026-03-23,2026-03-23,5505.79,256,3219.75,2286.04
3,3-2026-03-24,2026-03-24,5828.26,271,3512.74,2315.52
3,3-2026-03-25,2026-03-25,5765.24,268,3480.42,2284.82
3,3-2026-03-26,2026-03-26,5763.27,268,3597.55,2165.72
3,3-2026-03-27,2026-03-27,6143.19,286,3904.64,2238.55
3,3-2026-03-28,2026-03-28,7758.74,361,4967.19,2791.55
3,3-2026-03-29,2026-03-29,7337.6,341,4287.42,3050.18
3,3-2026-03-30,2026-03-30,5521.35,257,3341.68,2179.67
3,3-2026-03-31,2026-03-31,5970.58,278,3073.77,2896.81
3,3-2026-04-01,2026-04-01,6486.97,302,4044.94,2442.03
3,3-2026-04-02,2026-04-02,5935.27,276,3316.18,2619.09
3,3-2026-04-03,2026-04-03,6171.26,287,3927.06,2244.2
3,3-2026-04-04,2026-04-04,7409.12,345,4736.22,2672.9
3,3-2026-04-05,2026-04-05,7081.78,329,4443.98,2637.8
3,3-2026-04-06,2026-04-06,5794.58,270,3656.39,2138.19
3,3-2026-04-07,2026-04-07,5882.98,274,3576.07,2306.91
3,3-2026-04-08,2026-04-08,6016.11,280,3808.67,2207.44
3,3-2026-04-09,2026-04-09,6221.45,289,3762.0,2459.45
3,3-2026-04-10,2026-04-10,5815.6,270,3378.33,2437.27
3,3-2026-04-11,2026-04-11,7072.62,329,3859.32,3213.3
3,3-2026-04-12,2026-04-12,7184.46,334,4212.08,2972.38
3,3-2026-04-13,2026-04-13,5284.73,246,2982.69,2302.04
3,3-2026-04-14,2026-04-14,6018.08,280,3785.37,2232.71
3,3-2026-04-15,2026-04-15,5956.63,277,3678.17,2278.47
3,3-2026-04-16,2026-04-16,6352.11,295,4008.93,2343.18
3,3-2026-04-17,2026-04-17,6226.96,290,4011.74,2215.22
3,3-2026-04-18,2026-04-18,7931.3,369,4965.6,2965.7
3,3-2026-04-19,2026-04-19,7550.0,351,4612.77,2937.23
3,3-2026-04-20,2026-04-20,5203.91,242,2754.33,2449.59
3,3-2026-04-21,2026-04-21,5729.7,266,2865.01,2864.69
3,3-2026-04-22,2026-04-22,5635.95,262,3228.69,2407.27
3,3-2026-04-23,2026-04-23,6270.45,292,3826.07,2444.37
3,3-2026-04-24,2026-04-24,6066.94,282,3815.08,2251.87
3,3-2026-04-25,2026-04-25,7520.61,350,4508.0,3012.61
3,3-2026-04-26,2026-04-26,7036.14,327,4158.54,2877.61
3,3-2026-04-27,2026-04-27,5727.59,266,3699.44,2028.16
3,3-2026-04-28,2026-04-28,6127.91,285,3825.11,2302.8
3,3-2026-04-29,2026-04-29,6132.43,285,3919.23,2213.2
3,3-2026-04-30,2026-04-30,6145.16,286,3751.95,2393.2
4,4-2026-01-01,2026-01-01,4759.1,221,2487.24,2271.86
4,4-2026-01-02,2026-01-02,4614.38,215,2378.14,2236.24
4,4-2026-01-03,2026-01-03,5485.41,255,2916.27,2569.14
4,4-2026-01-04,2026-01-04,5344.14,249,2857.77,2486.37
4,4-2026-01-05,2026-01-05,4428.41,206,2294.35,2134.05
4,4-2026-01-06,2026-01-06,4725.3,220,2783.68,1941.62
4,4-2026-01-07,2026-01-07,4815.06,224,2897.78,1917.29
4,4-2026-01-08,2026-01-08,4685.06,218,2773.1,1911.96
4,4-2026-01-09,2026-01-09,4687.43,218,2906.16,1781.27
4,4-2026-01-10,2026-01-10,6130.04,285,3741.84,2388.19
4,4-2026-01-11,2026-01-11,5957.06,277,3696.99,2260.07
4,4-2026-01-12,2026-01-12,4173.77,194,2553.72,1620.04
4,4-2026-01-13,2026-01-13,4887.68,227,2986.53,1901.15
4,4-2026-01-14,2026-01-14,4691.42,218,2989.21,1702.21
4,4-2026-01-15,2026-01-15,5019.26,233,3109.27,1909.98
4,4-2026-01-16,2026-01-16,4959.32,231,3070.94,1888.38
4,4-2026-01-17,2026-01-17,5824.32,271,3772.02,2052.3
4,4-2026-01-18,2026-01-18,6054.06,282,3721.95,2332.12
4,4-2026-01-19,2026-01-19,4569.64,213,2881.53,1688.11
4,4-2026-01-20,2026-01-20,4845.17,225,3087.46,1757.71
4,4-2026-01-21,2026-01-21,4658.08,217,2897.39,1760.68
4,4-2026-01-22,2026-01-22,4882.15,227,3020.96,1861.19
4,4-2026-01-23,2026-01-23,4939.21,230,3018.09,1921.11
4,4-2026-01-24,2026-01-24,5936.28,276,3667.63,2268.65
4,4-2026-01-25,2026-01-25,5663.05,263,3548.44,2114.62
4,4-2026-01-26,2026-01-26,4371.59,203,2771.68,1599.91
4,4-2026-01-27,2026-01-27,4541.85,211,2674.65,1867.2
4,4-2026-01-28,2026-01-28,4661.3,217,2957.59,1703.7
4,4-2026-01-29,2026-01-29,5068.67,236,3129.75,1938.92
4,4-2026-01-30,2026-01-30,4691.56,218,2975.35,1716.22
4,4-2026-01-31,2026-01-31,6016.21,280,3754.09,2262.12
4,4-2026-02-01,2026-02-01,5922.98,275,3560.15,2362.83
4,4-2026-02-02,2026-02-02,4360.07,203,2804.02,1556.04
4,4-2026-02-03,2026-02-03,4944.92,230,3203.92,1741.0
4,4-2026-02-04,2026-02-04,4479.53,208,2757.85,1721.68
4,4-2026-02-05,2026-02-05,4895.32,228,3211.48,1683.84
4,4-2026-02-06,2026-02-06,4867.75,226,2992.74,1875.01
4,4-2026-02-07,2026-02-07,6294.94,293,3910.81,2384.12
4,4-2026-02-08,2026-02-08,5845.66,272,3740.87,2104.79
4,4-2026-02-09,2026-02-09,4469.78,208,2684.22,1785.56
4,4-2026-02-10,2026-02-10,4510.81,210,2361.77,2149.04
4,4-2026-02-11,2026-02-11,4858.76,226,2874.81,1983.95
4,4-2026-02-12,2026-02-12,4679.03,218,2839.58,1839.45
4,4-2026-02-13,2026-02-13,4738.92,220,2947.22,1791.69
4,4-2026-02-14,2026-02-14,6012.56,280,3618.42,2394.14
4,4-2026-02-15,2026-02-15,5616.99,261,3013.4,2603.59
4,4-2026-02-16,2026-02-16,4288.31,199,2192.52,2095.79
4,4-2026-02-17,2026-02-17,4537.11,211,2322.32,2214.79
4,4-2026-02-18,2026-02-18,4538.51,211,2472.66,2065.86
4,4-2026-02-19,2026-02-19,4443.98,207,2350.19,2093.79
4,4-2026-02-20,2026-02-20,4681.92,218,2928.67,1753.26
4,4-2026-02-21,2026-02-21,5766.52,268,3393.38,2373.14
4,4-2026-02-22,2026-02-22,5833.12,271,3699.8,2133.33
4,4-2026-02-23,2026-02-23,4282.92,199,2569.19,1713.72
4,4-2026-02-24,2026-02-24,4803.27,223,2705.62,2097.64
4,4-2026-02-25,2026-02-25,4662.58,217,2752.48,1910.1
4,4-2026-02-26,2026-02-26,4631.19,215,2740.61,1890.58
4,4-2026-02-27,2026-02-27,5086.9,237,3131.61,1955.28
4,4-2026-02-28,2026-02-28,5815.38,270,3642.71,2172.67
4,4-2026-03-01,2026-03-01,5771.55,268,3445.35,2326.2
4,4-2026-03-02,2026-03-02,4714.73,219,2932.56,1782.17
4,4-2026-03-03,2026-03-03,5069.29,236,3100.36,1968.93
4,4-2026-03-04,2026-03-04,4834.8,225,2975.53,1859.27
4,4-2026-03-05,2026-03-05,5128.0,239,3161.65,1966.35
4,4-2026-03-06,2026-03-06,4641.82,216,2918.12,1723.7
4,4-2026-03-07,2026-03-07,5526.69,257,3403.13,2123.56
4,4-2026-03-08,2026-03-08,6028.35,280,3757.88,2270.47
4,4-2026-03-09,2026-03-09,4171.52,194,2539.88,1631.64
4,4-2026-03-10,2026-03-10,4509.04,210,2745.01,1764.03
4,4-2026-03-11,2026-03-11,4753.66,221,2919.45,1834.21
4,4-2026-03-12,2026-03-12,4739.48,220,2864.08,1875.4
4,4-2026-03-13,2026-03-13,4635.37,216,2956.02,1679.34
4,4-2026-03-14,2026-03-14,6009.64,280,3680.35,2329.28
4,4-2026-03-15,2026-03-15,6102.2,284,3830.58,2271.62
4,4-2026-03-16,2026-03-16,4456.99,207,2867.79,1589.2
4,4-2026-03-17,2026-03-17,4779.94,222,2826.1,1953.84
4,4-2026-03-18,2026-03-18,4793.85,223,2980.73,1813.11
4,4-2026-03-19,2026-03-19,4662.7,217,2966.16,1696.54
4,4-2026-03-20,2026-03-20,4811.66,224,2884.49,1927.17
4,4-2026-03-21,2026-03-21,5938.19,276,3679.73,2258.47
4,4-2026-03-22,2026-03-22,5794.68,270,3743.47,2051.21
4,4-2026-03-23,2026-03-23,4190.88,195,2594.04,1596.83
4,4-2026-03-24,2026-03-24,4743.42,221,2908.69,1834.73
4,4-2026-03-25,2026-03-25,5069.32,236,3111.19,1958.13
4,4-2026-03-26,2026-03-26,4785.61,223,2876.89,1908.72
4,4-2026-03-27,2026-03-27,4903.55,228,3104.59,1798.95
4,4-2026-03-28,2026-03-28,6037.54,281,3850.24,2187.3
4,4-2026-03-29,2026-03-29,5910.12,275,3751.08,2159.04
4,4-2026-03-30,2026-03-30,4311.69,201,2660.27,1651.42
4,4-2026-03-31,2026-03-31,4714.84,219,2467.15,2247.7
4,4-2026-04-01,2026-04-01,4447.19,207,2281.96,2165.23
4,4-2026-04-02,2026-04-02,4853.19,226,3078.4,1774.79
4,4-2026-04-03,2026-04-03,4938.92,230,3006.61,1932.31
4,4-2026-04-04,2026-04-04,5651.04,263,3411.88,2239.16
4,4-2026-04-05,2026-04-05,5711.07,266,3519.88,2191.19
4,4-2026-04-06,2026-04-06,4458.96,207,2839.81,1619.15
4,4-2026-04-07,2026-04-07,4625.86,215,2761.71,1864.15
4,4-2026-04-08,2026-04-08,4703.48,219,2868.41,1835.07
4,4-2026-04-09,2026-04-09,4785.31,223,2911.21,1874.1
4,4-2026-04-10,2026-04-10,4859.87,226,2536.39,2323.48
4,4-2026-04-11,2026-04-11,5319.96,247,2796.52,2523.44
4,4-2026-04-12,2026-04-12,5898.91,274,3102.22,2796.69
4,4-2026-04-13,2026-04-13,4484.3,209,2893.65,1590.65
4,4-2026-04-14,2026-04-14,4946.68,230,3030.94,1915.73
4,4-2026-04-15,2026-04-15,4843.2,225,3058.22,1784.98
4,4-2026-04-16,2026-04-16,4814.76,224,2930.11,1884.66
4,4-2026-04-17,2026-04-17,4910.02,228,3172.7,1737.32
4,4-2026-04-18,2026-04-18,5654.82,263,3440.92,2213.9
4,4-2026-04-19,2026-04-19,5829.95,271,3513.9,2316.06
4,4-2026-04-20,2026-04-20,4258.7,198,2531.41,1727.29
4,4-2026-04-21,2026-04-21,4564.08,212,2404.18,2159.9
4,4-2026-04-22,2026-04-22,4735.01,220,2716.72,2018.3
4,4-2026-04-23,2026-04-23,4664.62,217,2934.42,1730.2
4,4-2026-04-24,2026-04-24,4729.84,220,2977.88,1751.95
4,4-2026-04-25,2026-04-25,5694.31,265,3359.72,2334.59
4,4-2026-04-26,2026-04-26,5704.92,265,3383.79,2321.13
4,4-2026-04-27,2026-04-27,4424.53,206,2688.85,1735.68
4,4-2026-04-28,2026-04-28,4706.35,219,2947.12,1759.23
4,4-2026-04-29,2026-04-29,4906.8,228,3091.33,1815.47
4,4-2026-04-30,2026-04-30,4975.63,231,3150.94,1824.69
5,5-2026-01-01,2026-01-01,6561.06,305,3673.49,2887.57
5,5-2026-01-02,2026-01-02,6308.78,293,3528.22,2780.56
5,5-2026-01-03,2026-01-03,7594.87,353,3986.17,3608.71
5,5-2026-01-04,2026-01-04,7382.87,343,3976.38,3406.49
5,5-2026-01-05,2026-01-05,5872.93,273,3272.7,2600.23
5,5-2026-01-06,2026-01-06,6043.64,281,2985.48,3058.17
5,5-2026-01-07,2026-01-07,6162.25,287,3418.37,2743.88
5,5-2026-01-08,2026-01-08,6546.89,305,3698.4,2848.5
5,5-2026-01-09,2026-01-09,6877.63,320,4312.16,2565.48
5,5-2026-01-10,2026-01-10,8047.21,374,4518.34,3528.87
5,5-2026-01-11,2026-01-11,7579.26,353,3745.58,3833.68
5,5-2026-01-12,2026-01-12,5923.73,276,3147.19,2776.54
5,5-2026-01-13,2026-01-13,6794.88,316,4155.97,2638.91
5,5-2026-01-14,2026-01-14,6380.65,297,3930.78,2449.87
5,5-2026-01-15,2026-01-15,6483.48,302,3960.76,2522.72
5,5-2026-01-16,2026-01-16,6186.33,288,3793.98,2392.35
5,5-2026-01-17,2026-01-17,7428.73,346,4586.4,2842.33
5,5-2026-01-18,2026-01-18,7714.34,359,4689.51,3024.83
5,5-2026-01-19,2026-01-19,5916.69,275,3528.23,2388.46
5,5-2026-01-20,2026-01-20,6043.57,281,3733.78,2309.79
5,5-2026-01-21,2026-01-21,6646.95,309,4300.45,2346.5
5,5-2026-01-22,2026-01-22,6446.28,300,4155.18,2291.09
5,5-2026-01-23,2026-01-23,6649.26,309,4205.79,2443.47
5,5-2026-01-24,2026-01-24,8201.72,381,5166.16,3035.56
5,5-2026-01-25,2026-01-25,7608.52,354,4663.25,2945.27
5,5-2026-01-26,2026-01-26,6139.76,286,3822.62,2317.14
5,5-2026-01-27,2026-01-27,6139.3,286,3731.34,2407.96
5,5-2026-01-28,2026-01-28,6111.16,284,3414.85,2696.31
5,5-2026-01-29,2026-01-29,6119.09,285,3082.3,3036.79
5,5-2026-01-30,2026-01-30,6145.17,286,3631.59,2513.58
5,5-2026-01-31,2026-01-31,8154.46,379,4693.13,3461.33
5,5-2026-02-01,2026-02-01,7778.69,362,4484.93,3293.76
5,5-2026-02-02,2026-02-02,5364.96,250,2739.09,2625.87
5,5-2026-02-03,2026-02-03,6264.79,291,3786.52,2478.27
5,5-2026-02-04,2026-02-04,6653.31,309,4344.44,2308.87
5,5-2026-02-05,2026-02-05,6365.15,296,3736.01,2629.14
5,5-2026-02-06,2026-02-06,6055.7,282,3775.36,2280.34
5,5-2026-02-07,2026-02-07,7561.99,352,3839.02,3722.97
5,5-2026-02-08,2026-02-08,7955.77,370,4918.53,3037.24
5,5-2026-02-09,2026-02-09,5826.53,271,3252.59,2573.94
5,5-2026-02-10,2026-02-10,6422.58,299,4046.96,2375.62
5,5-2026-02-11,2026-02-11,6109.02,284,3727.81,2381.2
5,5-2026-02-12,2026-02-12,6314.01,294,3811.65,2502.37
5,5-2026-02-13,2026-02-13,6399.64,298,3846.44,2553.2
5,5-2026-02-14,2026-02-14,8246.08,384,5204.18,3041.9
5,5-2026-02-15,2026-02-15,7938.57,369,4999.91,2938.66
5,5-2026-02-16,2026-02-16,5846.83,272,3691.28,2155.55
5,5-2026-02-17,2026-02-17,6135.07,285,3617.46,2517.61
5,5-2026-02-18,2026-02-18,6619.87,308,3808.4,2811.48
5,5-2026-02-19,2026-02-19,6609.67,307,3991.28,2618.4
5,5-2026-02-20,2026-02-20,6640.61,309,4040.38,2600.23
5,5-2026-02-21,2026-02-21,7717.8,359,4551.49,3166.31
5,5-2026-02-22,2026-02-22,7168.7,333,3619.98,3548.72
5,5-2026-02-23,2026-02-23,5696.79,265,3117.99,2578.79
5,5-2026-02-24,2026-02-24,6283.69,292,3717.04,2566.65
5,5-2026-02-25,2026-02-25,6798.4,316,4182.33,2616.07
5,5-2026-02-26,2026-02-26,6709.39,312,4154.94,2554.45
5,5-2026-02-27,2026-02-27,6120.09,285,3531.28,2588.81
5,5-2026-02-28,2026-02-28,7717.48,359,4771.04,2946.44
5,5-2026-03-01,2026-03-01,7638.56,355,4829.23,2809.33
5,5-2026-03-02,2026-03-02,6199.98,288,3884.97,2315.01
5,5-2026-03-03,2026-03-03,6401.05,298,3518.17,2882.88
5,5-2026-03-04,2026-03-04,5715.89,266,3032.93,2682.96
5,5-2026-03-05,2026-03-05,6685.7,311,4061.0,2624.7
5,5-2026-03-06,2026-03-06,6319.65,294,3756.26,2563.38
5,5-2026-03-07,2026-03-07,7595.53,353,4598.26,2997.27
5,5-2026-03-08,2026-03-08,7763.7,361,4379.28,3384.42
5,5-2026-03-09,2026-03-09,5651.03,263,3071.79,2579.25
5,5-2026-03-10,2026-03-10,6417.84,299,3838.32,2579.51
5,5-2026-03-11,2026-03-11,6325.67,294,3399.0,2926.67
5,5-2026-03-12,2026-03-12,6578.67,306,3674.87,2903.8
5,5-2026-03-13,2026-03-13,5664.84,263,2907.46,2757.38
5,5-2026-03-14,2026-03-14,7492.73,348,4338.62,3154.11
5,5-2026-03-15,2026-03-15,7681.91,357,4424.17,3257.74
5,5-2026-03-16,2026-03-16,6173.08,287,3489.0,2684.08
5,5-2026-03-17,2026-03-17,6194.89,288,3263.28,2931.61
5,5-2026-03-18,2026-03-18,5793.2,269,2973.05,2820.16
5,5-2026-03-19,2026-03-19,6065.54,282,3023.45,3042.09
5,5-2026-03-20,2026-03-20,6327.19,294,3469.91,2857.27
5,5-2026-03-21,2026-03-21,7897.06,367,4861.34,3035.72
5,5-2026-03-22,2026-03-22,7962.85,370,4944.99,3017.86
5,5-2026-03-23,2026-03-23,6000.16,279,3805.23,2194.94
5,5-2026-03-24,2026-03-24,5925.04,276,2993.88,2931.16
5,5-2026-03-25,2026-03-25,6407.59,298,3862.22,2545.37
5,5-2026-03-26,2026-03-26,6109.28,284,3775.5,2333.79
5,5-2026-03-27,2026-03-27,6350.04,295,3970.88,2379.17
5,5-2026-03-28,2026-03-28,7805.95,363,4611.79,3194.16
5,5-2026-03-29,2026-03-29,7590.09,353,4365.16,3224.93
5,5-2026-03-30,2026-03-30,6307.32,293,4000.12,2307.2
5,5-2026-03-31,2026-03-31,6133.42,285,3842.65,2290.78
5,5-2026-04-01,2026-04-01,6333.76,295,3327.02,3006.74
5,5-2026-04-02,2026-04-02,6412.69,298,3707.68,2705.01
5,5-2026-04-03,2026-04-03,6801.59,316,4145.95,2655.64
5,5-2026-04-04,2026-04-04,8110.04,377,5300.74,2809.29
5,5-2026-04-05,2026-04-05,7928.81,369,5142.11,2786.7
5,5-2026-04-06,2026-04-06,6314.9,294,3929.99,2384.91
5,5-2026-04-07,2026-04-07,6637.69,309,4231.78,2405.91
5,5-2026-04-08,2026-04-08,6668.5,310,4216.18,2452.32
5,5-2026-04-09,2026-04-09,6589.22,306,4131.44,2457.78
5,5-2026-04-10,2026-04-10,6179.02,287,3856.64,2322.38
5,5-2026-04-11,2026-04-11,8148.44,379,4590.63,3557.8
5,5-2026-04-12,2026-04-12,8246.03,384,5202.73,3043.31
5,5-2026-04-13,2026-04-13,5913.64,275,3307.61,2606.03
5,5-2026-04-14,2026-04-14,6521.55,303,3463.76,3057.79
5,5-2026-04-15,2026-04-15,6285.23,292,3276.6,3008.63
5,5-2026-04-16,2026-04-16,6321.26,294,3937.16,2384.11
5,5-2026-04-17,2026-04-17,6214.5,289,3806.06,2408.44
5,5-2026-04-18,2026-04-18,7555.3,351,4734.01,2821.29
5,5-2026-04-19,2026-04-19,8216.33,382,5167.72,3048.61
5,5-2026-04-20,2026-04-20,5546.59,258,3423.11,2123.48
5,5-2026-04-21,2026-04-21,6399.78,298,3684.8,2714.98
5,5-2026-04-22,2026-04-22,5901.33,274,3178.18,2723.15
5,5-2026-04-23,2026-04-23,6471.95,301,4039.72,2432.23
5,5-2026-04-24,2026-04-24,6863.44,319,4235.83,2627.62
5,5-2026-04-25,2026-04-25,8030.96,374,5125.03,2905.93
5,5-2026-04-26,2026-04-26,7777.11,362,4957.98,2819.13
5,5-2026-04-27,2026-04-27,6140.59,286,3970.86,2169.74
5,5-2026-04-28,2026-04-28,6290.6,293,3792.28,2498.32
5,5-2026-04-29,2026-04-29,6390.19,297,3936.8,2453.39
5,5-2026-04-30,2026-04-30,6195.28,288,3738.84,2456.44
6,6-2026-01-01,2026-01-01,4940.33,230,2726.17,2214.16
6,6-2026-01-02,2026-01-02,4886.18,227,2783.87,2102.31
6,6-2026-01-03,2026-01-03,5876.8,273,3095.91,2780.89
6,6-2026-01-04,2026-01-04,6275.22,292,3415.74,2859.48
6,6-2026-01-05,2026-01-05,4687.75,218,2871.71,1816.04
6,6-2026-01-06,2026-01-06,4916.81,229,2662.58,2254.23
6,6-2026-01-07,2026-01-07,5279.31,246,3061.79,2217.51
6,6-2026-01-08,2026-01-08,5131.0,239,3043.9,2087.1
6,6-2026-01-09,2026-01-09,5374.18,250,3340.65,2033.53
6,6-2026-01-10,2026-01-10,6250.23,291,3793.05,2457.18
6,6-2026-01-11,2026-01-11,6242.31,290,3974.01,2268.3
6,6-2026-01-12,2026-01-12,4550.76,212,2869.15,1681.61
6,6-2026-01-13,2026-01-13,5196.92,242,3227.33,1969.59
6,6-2026-01-14,2026-01-14,5437.43,253,3352.23,2085.2
6,6-2026-01-15,2026-01-15,5017.29,233,2991.02,2026.26
6,6-2026-01-16,2026-01-16,5371.58,250,3305.03,2066.55
6,6-2026-01-17,2026-01-17,5957.41,277,3681.53,2275.88
6,6-2026-01-18,2026-01-18,6656.14,310,4053.72,2602.42
6,6-2026-01-19,2026-01-19,5018.26,233,3126.28,1891.98
6,6-2026-01-20,2026-01-20,5155.96,240,3332.12,1823.85
6,6-2026-01-21,2026-01-21,5181.55,241,3095.64,2085.9
6,6-2026-01-22,2026-01-22,5419.23,252,3461.06,1958.17
6,6-2026-01-23,2026-01-23,5104.05,237,3139.41,1964.64
6,6-2026-01-24,2026-01-24,6404.3,298,4115.88,2288.42
6,6-2026-01-25,2026-01-25,6146.91,286,3857.36,2289.54
6,6-2026-01-26,2026-01-26,4790.12,223,2771.41,2018.71
6,6-2026-01-27,2026-01-27,4970.82,231,2877.85,2092.97
6,6-2026-01-28,2026-01-28,5410.83,252,3087.0,2323.83
6,6-2026-01-29,2026-01-29,5143.72,239,2887.49,2256.23
6,6-2026-01-30,2026-01-30,4894.25,228,2686.13,2208.12
6,6-2026-01-31,2026-01-31,6299.19,293,3835.02,2464.17
6,6-2026-02-01,2026-02-01,6118.4,285,3135.68,2982.72
6,6-2026-02-02,2026-02-02,4881.33,227,2789.32,2092.01
6,6-2026-02-03,2026-02-03,5162.15,240,3240.4,1921.75
6,6-2026-02-04,2026-02-04,5306.53,247,3341.44,1965.1
6,6-2026-02-05,2026-02-05,5243.65,244,3208.31,2035.35
6,6-2026-02-06,2026-02-06,5539.27,258,3461.3,2077.97
6,6-2026-02-07,2026-02-07,6019.13,280,3072.4,2946.73
6,6-2026-02-08,2026-02-08,6055.15,282,3037.48,3017.67
6,6-2026-02-09,2026-02-09,4790.88,223,2709.77,2081.11
6,6-2026-02-10,2026-02-10,5142.28,239,3185.61,1956.67
6,6-2026-02-11,2026-02-11,5327.6,248,3368.29,1959.31
6,6-2026-02-12,2026-02-12,5357.57,249,3382.71,1974.86
6,6-2026-02-13,2026-02-13,5051.24,235,2727.65,2323.58
6,6-2026-02-14,2026-02-14,6194.51,288,3672.4,2522.12
6,6-2026-02-15,2026-02-15,6525.25,304,3720.49,2804.76
6,6-2026-02-16,2026-02-16,4793.19,223,2696.28,2096.91
6,6-2026-02-17,2026-02-17,4729.27,220,2380.55,2348.72
6,6-2026-02-18,2026-02-18,4820.7,224,2611.66,2209.04
6,6-2026-02-19,2026-02-19,5330.88,248,3041.56,2289.32
6,6-2026-02-20,2026-02-20,4960.84,231,2671.69,2289.15
6,6-2026-02-21,2026-02-21,6477.78,301,3803.28,2674.51
6,6-2026-02-22,2026-02-22,5952.58,277,2979.53,2973.05
6,6-2026-02-23,2026-02-23,4469.7,208,2445.27,2024.43
6,6-2026-02-24,2026-02-24,4711.16,219,2462.46,2248.71
6,6-2026-02-25,2026-02-25,4988.52,232,3017.28,1971.24
6,6-2026-02-26,2026-02-26,5091.6,237,3257.52,1834.07
6,6-2026-02-27,2026-02-27,5413.0,252,3281.81,2131.19
6,6-2026-02-28,2026-02-28,5915.96,275,3627.0,2288.96
6,6-2026-03-01,2026-03-01,6206.67,289,3751.08,2455.59
6,6-2026-03-02,2026-03-02,4869.6,226,3008.28,1861.33
6,6-2026-03-03,2026-03-03,4886.26,227,2757.2,2129.07
6,6-2026-03-04,2026-03-04,4872.85,227,2637.45,2235.4
6,6-2026-03-05,2026-03-05,5341.02,248,3074.21,2266.81
6,6-2026-03-06,2026-03-06,5087.09,237,2782.79,2304.3
6,6-2026-03-07,2026-03-07,6461.08,301,4062.99,2398.09
6,6-2026-03-08,2026-03-08,6032.17,281,3783.08,2249.09
6,6-2026-03-09,2026-03-09,4380.23,204,2533.11,1847.11
6,6-2026-03-10,2026-03-10,5036.57,234,2536.36,2500.21
6,6-2026-03-11,2026-03-11,4911.49,228,2507.55,2403.94
6,6-2026-03-12,2026-03-12,4949.97,230,2529.3,2420.66
6,6-2026-03-13,2026-03-13,4989.42,232,2721.18,2268.25
6,6-2026-03-14,2026-03-14,6024.73,280,3223.85,2800.88
6,6-2026-03-15,2026-03-15,6458.75,300,3638.9,2819.85
6,6-2026-03-16,2026-03-16,4824.51,224,2932.34,1892.17
6,6-2026-03-17,2026-03-17,5011.7,233,3151.44,1860.26
6,6-2026-03-18,2026-03-18,5535.64,257,3444.51,2091.13
6,6-2026-03-19,2026-03-19,5226.82,243,3201.1,2025.73
6,6-2026-03-20,2026-03-20,4843.33,225,2696.05,2147.28
6,6-2026-03-21,2026-03-21,6817.48,317,4230.91,2586.57
6,6-2026-03-22,2026-03-22,6498.24,302,4072.05,2426.19
6,6-2026-03-23,2026-03-23,4589.98,213,2809.22,1780.76
6,6-2026-03-24,2026-03-24,4787.22,223,2777.94,2009.28
6,6-2026-03-25,2026-03-25,5413.29,252,3095.62,2317.67
6,6-2026-03-26,2026-03-26,4851.26,226,2966.35,1884.91
6,6-2026-03-27,2026-03-27,5045.12,235,3168.66,1876.47
6,6-2026-03-28,2026-03-28,6497.86,302,3962.11,2535.74
6,6-2026-03-29,2026-03-29,5847.78,272,3269.41,2578.37
6,6-2026-03-30,2026-03-30,4765.61,222,2888.45,1877.16
6,6-2026-03-31,2026-03-31,5417.17,252,3460.21,1956.95
6,6-2026-04-01,2026-04-01,5112.73,238,2608.44,2504.28
6,6-2026-04-02,2026-04-02,5345.5,249,3009.74,2335.76
6,6-2026-04-03,2026-04-03,4991.49,232,3052.11,1939.38
6,6-2026-04-04,2026-04-04,6233.52,290,3732.98,2500.55
6,6-2026-04-05,2026-04-05,6161.47,287,3819.99,2341.49
6,6-2026-04-06,2026-04-06,5045.94,235,3133.94,1912.0
6,6-2026-04-07,2026-04-07,5100.0,237,3052.53,2047.46
6,6-2026-04-08,2026-04-08,5101.07,237,3274.54,1826.53
6,6-2026-04-09,2026-04-09,4925.52,229,2990.22,1935.31
6,6-2026-04-10,2026-04-10,4936.57,230,2858.23,2078.35
6,6-2026-04-11,2026-04-11,5921.28,275,3145.29,2775.99
6,6-2026-04-12,2026-04-12,6292.44,293,3590.28,2702.16
6,6-2026-04-13,2026-04-13,4746.09,221,2741.88,2004.21
6,6-2026-04-14,2026-04-14,5166.47,240,2892.06,2274.41
6,6-2026-04-15,2026-04-15,4860.15,226,2566.99,2293.16
6,6-2026-04-16,2026-04-16,5088.4,237,3161.94,1926.46
6,6-2026-04-17,2026-04-17,5348.01,249,3215.8,2132.21
6,6-2026-04-18,2026-04-18,6062.52,282,3626.72,2435.8
6,6-2026-04-19,2026-04-19,6155.82,286,3670.69,2485.13
6,6-2026-04-20,2026-04-20,4563.86,212,2495.86,2068.01
6,6-2026-04-21,2026-04-21,4924.98,229,2448.31,2476.67
6,6-2026-04-22,2026-04-22,5269.25,245,3063.55,2205.7
6,6-2026-04-23,2026-04-23,5328.73,248,3401.15,1927.58
6,6-2026-04-24,2026-04-24,5391.62,251,3301.93,2089.69
6,6-2026-04-25,2026-04-25,5970.16,278,3670.12,2300.04
6,6-2026-04-26,2026-04-26,6051.32,281,3648.94,2402.38
6,6-2026-04-27,2026-04-27,4771.2,222,3026.15,1745.04
6,6-2026-04-28,2026-04-28,5205.79,242,3272.3,1933.5
6,6-2026-04-29,2026-04-29,5044.63,235,3091.58,1953.05
6,6-2026-04-30,2026-04-30,5149.5,240,3037.47,2112.03
7,7-2026-01-01,2026-01-01,6624.14,308,3893.0,2731.14
7,7-2026-01-02,2026-01-02,6551.89,305,4112.15,2439.74
7,7-2026-01-03,2026-01-03,8420.7,392,5370.83,3049.87
7,7-2026-01-04,2026-01-04,8027.08,373,4950.92,3076.16
7,7-2026-01-05,2026-01-05,6396.56,298,3985.97,2410.59
7,7-2026-01-06,2026-01-06,6591.3,307,4044.55,2546.75
7,7-2026-01-07,2026-01-07,6933.77,323,4341.73,2592.04
7,7-2026-01-08,2026-01-08,7041.19,327,4408.77,2632.42
7,7-2026-01-09,2026-01-09,6969.54,324,4421.24,2548.29
7,7-2026-01-10,2026-01-10,8220.87,382,5061.66,3159.21
7,7-2026-01-11,2026-01-11,8830.51,411,5516.45,3314.06
7,7-2026-01-12,2026-01-12,6195.09,288,3636.47,2558.62
7,7-2026-01-13,2026-01-13,6701.62,312,4048.12,2653.49
7,7-2026-01-14,2026-01-14,6523.3,303,4081.21,2442.09
7,7-2026-01-15,2026-01-15,7174.5,334,4532.16,2642.33
7,7-2026-01-16,2026-01-16,6547.08,305,4104.6,2442.48
7,7-2026-01-17,2026-01-17,8569.22,399,5499.33,3069.89
7,7-2026-01-18,2026-01-18,8142.84,379,4888.18,3254.66
7,7-2026-01-19,2026-01-19,6414.55,298,3999.23,2415.32
7,7-2026-01-20,2026-01-20,6763.97,315,4386.14,2377.83
7,7-2026-01-21,2026-01-21,6230.1,290,3553.41,2676.69
7,7-2026-01-22,2026-01-22,7130.99,332,4451.21,2679.78
7,7-2026-01-23,2026-01-23,6101.63,284,3119.91,2981.72
7,7-2026-01-24,2026-01-24,7267.99,338,3794.25,3473.74
7,7-2026-01-25,2026-01-25,7246.76,337,4017.19,3229.57
7,7-2026-01-26,2026-01-26,6169.96,287,3649.22,2520.75
7,7-2026-01-27,2026-01-27,6988.2,325,4529.73,2458.47
7,7-2026-01-28,2026-01-28,6991.2,325,4515.49,2475.71
7,7-2026-01-29,2026-01-29,6513.52,303,3976.39,2537.13
7,7-2026-01-30,2026-01-30,7166.91,333,4441.89,2725.01
7,7-2026-01-31,2026-01-31,7857.67,365,4780.74,3076.93
7,7-2026-02-01,2026-02-01,8076.99,376,4953.91,3123.07
7,7-2026-02-02,2026-02-02,6252.24,291,3718.29,2533.95
7,7-2026-02-03,2026-02-03,7125.06,331,4512.97,2612.09
7,7-2026-02-04,2026-02-04,6942.98,323,4505.02,2437.95
7,7-2026-02-05,2026-02-05,6785.0,316,4212.4,2572.6
7,7-2026-02-06,2026-02-06,6644.04,309,4229.63,2414.41
7,7-2026-02-07,2026-02-07,8146.6,379,4910.83,3235.77
7,7-2026-02-08,2026-02-08,8367.95,389,5216.03,3151.92
7,7-2026-02-09,2026-02-09,6078.33,283,3733.77,2344.56
7,7-2026-02-10,2026-02-10,6791.72,316,4046.9,2744.82
7,7-2026-02-11,2026-02-11,7088.21,330,4520.45,2567.76
7,7-2026-02-12,2026-02-12,6644.52,309,4073.97,2570.55
7,7-2026-02-13,2026-02-13,6603.18,307,4009.56,2593.62
7,7-2026-02-14,2026-02-14,7796.29,363,3945.59,3850.7
7,7-2026-02-15,2026-02-15,8282.39,385,5178.21,3104.19
7,7-2026-02-16,2026-02-16,5995.58,279,3587.51,2408.07
7,7-2026-02-17,2026-02-17,6936.07,323,4518.69,2417.38
7,7-2026-02-18,2026-02-18,7011.89,326,4470.43,2541.46
7,7-2026-02-19,2026-02-19,6760.18,314,4003.69,2756.49
7,7-2026-02-20,2026-02-20,6910.86,321,4500.89,2409.98
7,7-2026-02-21,2026-02-21,8315.02,387,5406.7,2908.31
7,7-2026-02-22,2026-02-22,8132.62,378,4920.08,3212.55
7,7-2026-02-23,2026-02-23,6079.65,283,3786.11,2293.54
7,7-2026-02-24,2026-02-24,6685.74,311,4120.49,2565.25
7,7-2026-02-25,2026-02-25,6793.93,316,4384.54,2409.39
7,7-2026-02-26,2026-02-26,6355.02,296,3923.18,2431.84
7,7-2026-02-27,2026-02-27,6691.26,311,4142.92,2548.34
7,7-2026-02-28,2026-02-28,8076.88,376,5041.31,3035.57
7,7-2026-03-01,2026-03-01,7883.57,367,4374.33,3509.25
7,7-2026-03-02,2026-03-02,6493.0,302,3997.34,2495.66
7,7-2026-03-03,2026-03-03,7061.37,328,4364.08,2697.28
7,7-2026-03-04,2026-03-04,6757.09,314,3957.01,2800.08
7,7-2026-03-05,2026-03-05,6970.73,324,4022.27,2948.46
7,7-2026-03-06,2026-03-06,6546.57,304,3806.81,2739.76
7,7-2026-03-07,2026-03-07,7803.05,363,3804.25,3998.8
7,7-2026-03-08,2026-03-08,8048.81,374,4123.83,3924.98
7,7-2026-03-09,2026-03-09,6032.02,281,3823.87,2208.15
7,7-2026-03-10,2026-03-10,7021.61,327,4063.82,2957.79
7,7-2026-03-11,2026-03-11,6515.97,303,3700.71,2815.26
7,7-2026-03-12,2026-03-12,6836.79,318,4339.81,2496.97
7,7-2026-03-13,2026-03-13,6796.0,316,4344.46,2451.54
7,7-2026-03-14,2026-03-14,7706.93,358,4768.49,2938.44
7,7-2026-03-15,2026-03-15,7552.43,351,4562.35,2990.08
7,7-2026-03-16,2026-03-16,6178.28,287,3979.74,2198.55
7,7-2026-03-17,2026-03-17,6512.78,303,3967.05,2545.72
7,7-2026-03-18,2026-03-18,6629.72,308,4072.61,2557.12
7,7-2026-03-19,2026-03-19,6893.87,321,4155.2,2738.67
7,7-2026-03-20,2026-03-20,6917.15,322,4430.19,2486.96
7,7-2026-03-21,2026-03-21,8537.12,397,5528.28,3008.84
7,7-2026-03-22,2026-03-22,8672.96,403,5487.08,3185.88
7,7-2026-03-23,2026-03-23,6548.56,305,4043.43,2505.13
7,7-2026-03-24,2026-03-24,6824.21,317,4250.23,2573.98
7,7-2026-03-25,2026-03-25,7056.66,328,4283.29,2773.38
7,7-2026-03-26,2026-03-26,6951.73,323,4531.15,2420.58
7,7-2026-03-27,2026-03-27,6585.76,306,4004.24,2581.52
7,7-2026-03-28,2026-03-28,8098.7,377,4816.12,3282.58
7,7-2026-03-29,2026-03-29,7866.21,366,4802.08,3064.13
7,7-2026-03-30,2026-03-30,6018.88,280,3818.86,2200.02
7,7-2026-03-31,2026-03-31,7106.29,331,4405.53,2700.76
7,7-2026-04-01,2026-04-01,6605.52,307,3994.62,2610.89
7,7-2026-04-02,2026-04-02,6330.38,294,3337.37,2993.01
7,7-2026-04-03,2026-04-03,6606.04,307,3698.65,2907.39
7,7-2026-04-04,2026-04-04,7709.35,359,4164.44,3544.91
7,7-2026-04-05,2026-04-05,8438.01,392,5091.74,3346.27
7,7-2026-04-06,2026-04-06,6041.21,281,3642.62,2398.59
7,7-2026-04-07,2026-04-07,6920.99,322,4143.39,2777.59
7,7-2026-04-08,2026-04-08,6612.69,308,4096.32,2516.37
7,7-2026-04-09,2026-04-09,6353.11,295,3494.12,2858.99
7,7-2026-04-10,2026-04-10,6421.77,299,3760.75,2661.02
7,7-2026-04-11,2026-04-11,8208.1,382,4634.89,3573.21
7,7-2026-04-12,2026-04-12,7321.4,341,3796.38,3525.02
7,7-2026-04-13,2026-04-13,6415.65,298,3618.33,2797.32
7,7-2026-04-14,2026-04-14,6907.88,321,4471.4,2436.48
7,7-2026-04-15,2026-04-15,6408.95,298,3713.52,2695.44
7,7-2026-04-16,2026-04-16,6798.62,316,4370.88,2427.75
7,7-2026-04-17,2026-04-17,6460.76,301,3982.89,2477.87
7,7-2026-04-18,2026-04-18,8019.06,373,4296.35,3722.72
7,7-2026-04-19,2026-04-19,7807.48,363,4490.88,3316.6
7,7-2026-04-20,2026-04-20,5617.11,261,3026.57,2590.54
7,7-2026-04-21,2026-04-21,6369.59,296,3415.11,2954.48
7,7-2026-04-22,2026-04-22,6356.4,296,3158.08,3198.32
7,7-2026-04-23,2026-04-23,6938.15,323,3986.66,2951.49
7,7-2026-04-24,2026-04-24,6643.84,309,4259.43,2384.41
7,7-2026-04-25,2026-04-25,8122.5,378,5056.72,3065.78
7,7-2026-04-26,2026-04-26,8347.68,388,5221.17,3126.52
7,7-2026-04-27,2026-04-27,6456.48,300,3668.17,2788.31
7,7-2026-04-28,2026-04-28,6475.79,301,3750.68,2725.11
7,7-2026-04-29,2026-04-29,6787.43,316,3497.02,3290.42
7,7-2026-04-30,2026-04-30,6391.56,297,3683.18,2708.38
8,8-2026-01-01,2026-01-01,6746.98,314,4041.44,2705.54
8,8-2026-01-02,2026-01-02,6838.38,318,4170.63,2667.75
8,8-2026-01-03,2026-01-03,8237.31,383,4758.05,3479.27
8,8-2026-01-04,2026-01-04,8177.57,380,4789.35,3388.22
8,8-2026-01-05,2026-01-05,6282.45,292,3691.31,2591.13
8,8-2026-01-06,2026-01-06,6664.67,310,3867.63,2797.04
8,8-2026-01-07,2026-01-07,7435.59,346,4608.92,2826.66
8,8-2026-01-08,2026-01-08,6372.13,296,3217.53,3154.59
8,8-2026-01-09,2026-01-09,6879.48,320,4333.85,2545.63
8,8-2026-01-10,2026-01-10,8487.26,395,4861.39,3625.87
8,8-2026-01-11,2026-01-11,8244.76,383,5054.31,3190.44
8,8-2026-01-12,2026-01-12,6589.01,306,4172.44,2416.57
8,8-2026-01-13,2026-01-13,6664.0,310,4020.35,2643.65
8,8-2026-01-14,2026-01-14,6824.68,317,4015.46,2809.22
8,8-2026-01-15,2026-01-15,6578.82,306,3816.19,2762.63
8,8-2026-01-16,2026-01-16,6291.68,293,3303.13,2988.55
8,8-2026-01-17,2026-01-17,7957.08,370,4789.22,3167.86
8,8-2026-01-18,2026-01-18,7524.53,350,4469.04,3055.48
8,8-2026-01-19,2026-01-19,6210.48,289,3412.76,2797.71
8,8-2026-01-20,2026-01-20,6626.74,308,3893.08,2733.67
8,8-2026-01-21,2026-01-21,6802.84,316,3669.7,3133.14
8,8-2026-01-22,2026-01-22,6451.99,300,3733.33,2718.66
8,8-2026-01-23,2026-01-23,6828.08,318,4045.68,2782.39
8,8-2026-01-24,2026-01-24,8122.57,378,4289.21,3833.36
8,8-2026-01-25,2026-01-25,7317.18,340,4008.59,3308.59
8,8-2026-01-26,2026-01-26,6136.83,285,3658.85,2477.98
8,8-2026-01-27,2026-01-27,6424.08,299,3625.57,2798.52
8,8-2026-01-28,2026-01-28,6590.57,307,4123.23,2467.34
8,8-2026-01-29,2026-01-29,6631.16,308,3845.78,2785.37
8,8-2026-01-30,2026-01-30,6635.54,309,3481.97,3153.57
8,8-2026-01-31,2026-01-31,7599.26,353,4156.89,3442.37
8,8-2026-02-01,2026-02-01,7840.0,365,4780.39,3059.61
8,8-2026-02-02,2026-02-02,6292.43,293,3687.85,2604.58
8,8-2026-02-03,2026-02-03,6634.24,309,4146.42,2487.81
8,8-2026-02-04,2026-02-04,6654.5,310,4086.6,2567.9
8,8-2026-02-05,2026-02-05,6930.29,322,4140.89,2789.4
8,8-2026-02-06,2026-02-06,6299.29,293,3510.66,2788.64
8,8-2026-02-07,2026-02-07,7740.67,360,4402.08,3338.59
8,8-2026-02-08,2026-02-08,8348.72,388,5066.84,3281.87
8,8-2026-02-09,2026-02-09,5956.49,277,3536.88,2419.61
8,8-2026-02-10,2026-02-10,7035.06,327,4491.76,2543.3
8,8-2026-02-11,2026-02-11,6716.03,312,4039.53,2676.5
8,8-2026-02-12,2026-02-12,6321.78,294,3649.13,2672.65
8,8-2026-02-13,2026-02-13,6636.77,309,4118.47,2518.3
8,8-2026-02-14,2026-02-14,8150.67,379,4890.57,3260.1
8,8-2026-02-15,2026-02-15,8721.83,406,5444.75,3277.08
8,8-2026-02-16,2026-02-16,6522.92,303,4063.94,2458.98
8,8-2026-02-17,2026-02-17,6843.78,318,4052.67,2791.12
8,8-2026-02-18,2026-02-18,6800.07,316,3816.9,2983.17
8,8-2026-02-19,2026-02-19,6829.8,318,4042.18,2787.63
8,8-2026-02-20,2026-02-20,6999.19,326,3927.28,3071.91
8,8-2026-02-21,2026-02-21,7799.49,363,4695.21,3104.28
8,8-2026-02-22,2026-02-22,7906.78,368,4510.81,3395.97
8,8-2026-02-23,2026-02-23,6008.59,279,3430.92,2577.67
8,8-2026-02-24,2026-02-24,6111.19,284,3613.38,2497.81
8,8-2026-02-25,2026-02-25,6258.27,291,3772.58,2485.69
8,8-2026-02-26,2026-02-26,7360.78,342,4621.08,2739.7
8,8-2026-02-27,2026-02-27,6832.27,318,4079.39,2752.88
8,8-2026-02-28,2026-02-28,8747.75,407,5607.81,3139.93
8,8-2026-03-01,2026-03-01,7544.94,351,4498.16,3046.78
8,8-2026-03-02,2026-03-02,6170.05,287,3691.46,2478.6
8,8-2026-03-03,2026-03-03,6668.37,310,3892.85,2775.52
8,8-2026-03-04,2026-03-04,6588.94,306,3667.47,2921.47
8,8-2026-03-05,2026-03-05,7001.69,326,4277.47,2724.22
8,8-2026-03-06,2026-03-06,6910.8,321,3865.88,3044.92
8,8-2026-03-07,2026-03-07,7977.26,371,4440.73,3536.53
8,8-2026-03-08,2026-03-08,8567.53,398,5242.94,3324.59
8,8-2026-03-09,2026-03-09,6303.13,293,3697.37,2605.76
8,8-2026-03-10,2026-03-10,6649.92,309,4174.2,2475.72
8,8-2026-03-11,2026-03-11,6572.98,306,3609.14,2963.84
8,8-2026-03-12,2026-03-12,7004.8,326,4169.39,2835.41
8,8-2026-03-13,2026-03-13,7185.14,334,4156.96,3028.18
8,8-2026-03-14,2026-03-14,7737.92,360,4559.67,3178.25
8,8-2026-03-15,2026-03-15,8184.65,381,4273.97,3910.68
8,8-2026-03-16,2026-03-16,6185.44,288,3432.66,2752.79
8,8-2026-03-17,2026-03-17,6656.62,310,3935.56,2721.06
8,8-2026-03-18,2026-03-18,7439.16,346,4603.67,2835.48
8,8-2026-03-19,2026-03-19,6890.66,320,3787.79,3102.87
8,8-2026-03-20,2026-03-20,7386.16,344,4682.79,2703.37
8,8-2026-03-21,2026-03-21,8452.5,393,5221.32,3231.18
8,8-2026-03-22,2026-03-22,7895.26,367,4448.79,3446.46
8,8-2026-03-23,2026-03-23,5915.42,275,3497.99,2417.43
8,8-2026-03-24,2026-03-24,6709.66,312,4142.87,2566.79
8,8-2026-03-25,2026-03-25,7043.88,328,4306.16,2737.72
8,8-2026-03-26,2026-03-26,6914.88,322,4062.88,2852.01
8,8-2026-03-27,2026-03-27,6826.14,317,4180.53,2645.61
8,8-2026-03-28,2026-03-28,8395.96,391,5191.49,3204.47
8,8-2026-03-29,2026-03-29,8241.42,383,5022.28,3219.14
8,8-2026-03-30,2026-03-30,6601.62,307,3700.91,2900.71
8,8-2026-03-31,2026-03-31,7181.82,334,4148.84,3032.99
8,8-2026-04-01,2026-04-01,6594.4,307,4134.68,2459.72
8,8-2026-04-02,2026-04-02,6294.3,293,3216.26,3078.04
8,8-2026-04-03,2026-04-03,6670.43,310,3823.67,2846.76
8,8-2026-04-04,2026-04-04,8002.31,372,4447.81,3554.51
8,8-2026-04-05,2026-04-05,8803.74,409,5708.97,3094.77
8,8-2026-04-06,2026-04-06,6579.95,306,3762.21,2817.74
8,8-2026-04-07,2026-04-07,6926.48,322,4098.96,2827.52
8,8-2026-04-08,2026-04-08,6732.92,313,4249.38,2483.54
8,8-2026-04-09,2026-04-09,6933.75,322,4075.6,2858.14
8,8-2026-04-10,2026-04-10,6654.27,310,3798.89,2855.38
8,8-2026-04-11,2026-04-11,8527.22,397,5291.55,3235.67
8,8-2026-04-12,2026-04-12,8735.98,406,5050.43,3685.55
8,8-2026-04-13,2026-04-13,6018.52,280,3499.01,2519.5
8,8-2026-04-14,2026-04-14,7245.73,337,4402.86,2842.87
8,8-2026-04-15,2026-04-15,6975.12,324,3637.96,3337.17
8,8-2026-04-16,2026-04-16,6945.59,323,3950.86,2994.73
8,8-2026-04-17,2026-04-17,6447.96,300,3365.38,3082.59
8,8-2026-04-18,2026-04-18,8735.44,406,5091.21,3644.24
8,8-2026-04-19,2026-04-19,8360.8,389,4925.93,3434.87
8,8-2026-04-20,2026-04-20,6531.4,304,4109.5,2421.89
8,8-2026-04-21,2026-04-21,6959.99,324,4084.89,2875.1
8,8-2026-04-22,2026-04-22,6988.63,325,4469.3,2519.33
8,8-2026-04-23,2026-04-23,7009.76,326,4227.42,2782.34
8,8-2026-04-24,2026-04-24,6820.17,317,3954.47,2865.71
8,8-2026-04-25,2026-04-25,8580.35,399,5571.65,3008.7
8,8-2026-04-26,2026-04-26,8493.68,395,5072.23,3421.45
8,8-2026-04-27,2026-04-27,6167.21,287,3329.9,2837.31
8,8-2026-04-28,2026-04-28,6820.76,317,4127.13,2693.63
8,8-2026-04-29,2026-04-29,6958.71,324,4018.84,2939.86
8,8-2026-04-30,2026-04-30,6731.09,313,3765.86,2965.24
