month,plan,segment,region,starting_mrr,new_mrr,expansion_mrr,contraction_mrr,churned_mrr,ending_mrr,new_accounts,churned_accounts,active_accounts
2024-07-01,starter,smb,us,19320.0,599.16,303.06,125.39,1285.06,18811.76,7,14,209
2024-07-01,starter,smb,eu,11760.0,376.71,218.91,64.92,586.91,11703.79,4,7,130
2024-07-01,starter,smb,apac,6720.0,209.28,113.41,42.04,348.43,6652.21,2,4,74
2024-07-01,starter,smb,latam,4200.0,162.48,42.93,15.04,257.57,4132.8,2,3,46
2024-07-01,starter,mid_market,us,2760.0,89.2,88.69,30.24,62.09,2845.57,0,0,3
2024-07-01,starter,mid_market,eu,1680.0,62.58,60.38,16.86,40.74,1745.36,0,0,2
2024-07-01,starter,mid_market,apac,960.0,38.36,25.57,11.37,19.73,992.84,0,0,1
2024-07-01,starter,mid_market,latam,600.0,18.81,12.18,3.43,15.92,611.64,0,0,1
2024-07-01,starter,enterprise,us,552.0,19.19,24.87,10.88,5.31,579.87,0,0,1
2024-07-01,starter,enterprise,eu,336.0,11.32,14.56,6.01,3.95,351.92,0,0,1
2024-07-01,starter,enterprise,apac,192.0,6.36,9.19,2.93,1.83,202.79,0,0,1
2024-07-01,starter,enterprise,latam,120.0,4.24,3.46,1.34,1.16,125.2,0,0,1
2024-07-01,pro,smb,us,12880.0,432.78,221.04,81.6,753.18,12699.05,5,8,141
2024-07-01,pro,smb,eu,7840.0,291.16,138.03,46.92,509.08,7713.19,3,6,86
2024-07-01,pro,smb,apac,4480.0,163.71,82.33,29.1,269.87,4427.06,2,3,49
2024-07-01,pro,smb,latam,2800.0,88.23,30.67,10.82,162.6,2745.48,1,2,31
2024-07-01,pro,mid_market,us,15640.0,484.66,467.75,197.57,400.27,15994.57,1,0,19
2024-07-01,pro,mid_market,eu,9520.0,288.45,260.98,89.63,214.22,9765.57,0,0,11
2024-07-01,pro,mid_market,apac,5440.0,178.42,182.9,50.13,134.73,5616.45,0,0,7
2024-07-01,pro,mid_market,latam,3400.0,124.8,65.23,21.3,83.98,3484.75,0,0,4
2024-07-01,pro,enterprise,us,2300.0,76.9,116.76,42.69,26.74,2424.23,0,0,1
2024-07-01,pro,enterprise,eu,1400.0,44.06,73.66,22.77,17.28,1477.67,0,0,1
2024-07-01,pro,enterprise,apac,800.0,25.78,38.23,12.48,10.04,841.5,0,0,1
2024-07-01,pro,enterprise,latam,500.0,16.35,14.19,5.06,5.66,519.82,0,0,1
2024-07-01,business,smb,us,4140.0,132.6,70.85,24.13,240.22,4079.1,1,3,45
2024-07-01,business,smb,eu,2520.0,96.18,40.3,13.96,165.17,2477.36,1,2,28
2024-07-01,business,smb,apac,1440.0,56.42,26.24,7.57,93.45,1421.64,1,1,16
2024-07-01,business,smb,latam,900.0,29.99,10.11,3.5,57.43,879.18,0,1,10
2024-07-01,business,mid_market,us,18860.0,694.62,568.88,216.7,444.87,19461.93,1,1,23
2024-07-01,business,mid_market,eu,11480.0,399.8,390.37,134.07,288.26,11847.85,0,0,14
2024-07-01,business,mid_market,apac,6560.0,211.18,212.44,63.24,160.64,6759.74,0,0,8
2024-07-01,business,mid_market,latam,4100.0,146.29,82.63,29.67,106.5,4192.75,0,0,5
2024-07-01,business,enterprise,us,10120.0,327.56,553.05,168.65,121.35,10710.61,0,0,1
2024-07-01,business,enterprise,eu,6160.0,231.72,300.64,96.49,70.67,6525.2,0,0,1
2024-07-01,business,enterprise,apac,3520.0,124.96,169.79,65.49,41.88,3707.37,0,0,1
2024-07-01,business,enterprise,latam,2200.0,85.6,54.42,22.17,22.29,2295.56,0,0,1
2024-07-01,enterprise,smb,us,690.0,23.38,12.55,3.84,38.54,683.54,0,0,8
2024-07-01,enterprise,smb,eu,420.0,13.82,7.79,2.2,22.46,416.95,0,0,5
2024-07-01,enterprise,smb,apac,240.0,9.51,4.09,1.25,12.66,239.69,0,0,3
2024-07-01,enterprise,smb,latam,150.0,4.93,1.29,0.53,9.75,145.93,0,0,2
2024-07-01,enterprise,mid_market,us,8280.0,291.9,290.99,82.77,226.03,8554.09,0,0,10
2024-07-01,enterprise,mid_market,eu,5040.0,192.2,151.33,50.03,103.44,5230.05,0,0,6
2024-07-01,enterprise,mid_market,apac,2880.0,109.36,92.07,31.2,67.68,2982.54,0,0,4
2024-07-01,enterprise,mid_market,latam,1800.0,68.55,31.63,11.56,41.89,1846.74,0,0,2
2024-07-01,enterprise,enterprise,us,30360.0,1203.5,1662.67,624.49,355.04,32246.64,0,0,4
2024-07-01,enterprise,enterprise,eu,18480.0,556.02,1029.35,344.53,228.75,19492.09,0,0,3
2024-07-01,enterprise,enterprise,apac,10560.0,315.57,537.12,151.28,125.5,11135.91,0,0,2
2024-07-01,enterprise,enterprise,latam,6600.0,250.83,209.42,69.42,72.43,6918.39,0,0,1
2024-08-01,starter,smb,us,18811.76,644.77,289.12,125.67,1160.08,18459.91,7,13,205
2024-08-01,starter,smb,eu,11703.79,400.39,218.55,64.58,586.2,11671.94,4,7,130
2024-08-01,starter,smb,apac,6652.21,211.96,100.29,34.62,365.49,6564.36,2,4,73
2024-08-01,starter,smb,latam,4132.8,133.96,42.13,15.84,257.23,4035.83,1,3,45
2024-08-01,starter,mid_market,us,2845.57,110.45,83.21,29.8,59.36,2950.06,0,0,3
2024-08-01,starter,mid_market,eu,1745.36,55.05,54.64,17.4,36.51,1801.15,0,0,2
2024-08-01,starter,mid_market,apac,992.84,37.24,28.24,10.19,21.0,1027.13,0,0,1
2024-08-01,starter,mid_market,latam,611.64,19.59,11.08,4.38,15.4,622.54,0,0,1
2024-08-01,starter,enterprise,us,579.87,23.12,30.65,10.43,6.78,616.44,0,0,1
2024-08-01,starter,enterprise,eu,351.92,10.63,18.0,5.77,4.37,370.42,0,0,1
2024-08-01,starter,enterprise,apac,202.79,7.22,8.9,3.3,2.0,213.61,0,0,1
2024-08-01,starter,enterprise,latam,125.2,4.86,3.29,1.26,1.52,130.57,0,0,1
2024-08-01,pro,smb,us,12699.05,378.17,239.07,86.33,840.59,12389.36,4,9,138
2024-08-01,pro,smb,eu,7713.19,259.36,144.52,45.16,453.08,7618.83,3,5,85
2024-08-01,pro,smb,apac,4427.06,149.77,74.53,26.35,222.33,4402.68,2,2,49
2024-08-01,pro,smb,latam,2745.48,88.87,25.03,9.04,173.07,2677.27,1,2,30
2024-08-01,pro,mid_market,us,15994.57,528.16,605.59,204.83,356.19,16567.3,1,0,19
2024-08-01,pro,mid_market,eu,9765.57,303.81,340.98,97.87,231.25,10081.23,0,0,12
2024-08-01,pro,mid_market,apac,5616.45,220.32,177.18,53.22,145.21,5815.52,0,0,7
2024-08-01,pro,mid_market,latam,3484.75,106.08,62.18,25.09,78.7,3549.22,0,0,4
2024-08-01,pro,enterprise,us,2424.23,85.12,132.81,38.77,27.39,2575.99,0,0,1
2024-08-01,pro,enterprise,eu,1477.67,52.57,64.92,28.19,15.1,1551.88,0,0,1
2024-08-01,pro,enterprise,apac,841.5,32.4,36.27,11.75,8.93,889.49,0,0,1
2024-08-01,pro,enterprise,latam,519.82,20.04,12.8,4.44,6.36,541.84,0,0,1
2024-08-01,business,smb,us,4079.1,144.36,83.2,27.84,236.52,4042.31,2,3,45
2024-08-01,business,smb,eu,2477.36,82.1,40.05,13.34,151.1,2435.08,1,2,27
2024-08-01,business,smb,apac,1421.64,50.46,21.8,7.68,74.91,1411.31,1,1,16
2024-08-01,business,smb,latam,879.18,28.79,9.92,3.17,56.78,857.94,0,1,10
2024-08-01,business,mid_market,us,19461.93,590.65,653.11,242.77,427.27,20035.65,1,1,24
2024-08-01,business,mid_market,eu,11847.85,422.65,416.12,134.0,258.23,12294.4,0,0,14
2024-08-01,business,mid_market,apac,6759.74,239.46,182.77,67.76,158.15,6956.06,0,0,8
2024-08-01,business,mid_market,latam,4192.75,136.6,83.24,23.52,96.61,4292.45,0,0,5
2024-08-01,business,enterprise,us,10710.61,331.75,627.6,222.13,104.14,11343.69,0,0,2
2024-08-01,business,enterprise,eu,6525.2,214.03,362.63,108.33,61.47,6932.07,0,0,1
2024-08-01,business,enterprise,apac,3707.37,148.99,186.07,57.61,46.22,3938.61,0,0,1
2024-08-01,business,enterprise,latam,2295.56,89.68,60.81,20.74,28.52,2396.78,0,0,1
2024-08-01,enterprise,smb,us,683.54,27.44,13.4,4.71,42.4,677.26,0,0,8
2024-08-01,enterprise,smb,eu,416.95,16.0,7.16,2.53,26.99,410.59,0,0,5
2024-08-01,enterprise,smb,apac,239.69,9.36,3.57,1.48,11.91,239.24,0,0,3
2024-08-01,enterprise,smb,latam,145.93,5.25,1.64,0.58,9.24,143.0,0,0,2
2024-08-01,enterprise,mid_market,us,8554.09,324.77,250.41,94.31,230.53,8804.43,0,0,10
2024-08-01,enterprise,mid_market,eu,5230.05,200.18,166.53,58.8,125.42,5412.55,0,0,6
2024-08-01,enterprise,mid_market,apac,2982.54,108.86,82.49,31.46,79.21,3063.22,0,0,4
2024-08-01,enterprise,mid_market,latam,1846.74,67.99,33.18,11.37,41.65,1894.88,0,0,2
2024-08-01,enterprise,enterprise,us,32246.64,969.22,1711.96,599.97,319.51,34008.33,0,0,5
2024-08-01,enterprise,enterprise,eu,19492.09,768.03,990.65,357.55,205.88,20687.34,0,0,3
2024-08-01,enterprise,enterprise,apac,11135.91,423.87,462.95,162.08,117.07,11743.58,0,0,2
2024-08-01,enterprise,enterprise,latam,6918.39,242.98,220.32,67.64,78.21,7235.85,0,0,1
2024-09-01,starter,smb,us,18459.91,583.38,327.65,108.35,1123.7,18138.89,6,12,202
2024-09-01,starter,smb,eu,11671.94,362.39,177.36,66.52,715.53,11429.65,4,8,127
2024-09-01,starter,smb,apac,6564.36,240.6,106.69,35.56,429.93,6446.15,3,5,72
2024-09-01,starter,smb,latam,4035.83,148.34,36.91,13.7,229.26,3978.11,2,3,44
2024-09-01,starter,mid_market,us,2950.06,98.75,100.97,33.53,71.66,3044.59,0,0,4
2024-09-01,starter,mid_market,eu,1801.15,62.66,61.76,19.4,46.27,1859.91,0,0,2
2024-09-01,starter,mid_market,apac,1027.13,32.15,25.98,9.58,26.41,1049.27,0,0,1
2024-09-01,starter,mid_market,latam,622.54,22.78,9.87,3.65,16.39,635.14,0,0,1
2024-09-01,starter,enterprise,us,616.44,20.84,35.93,10.15,5.99,657.06,0,0,1
2024-09-01,starter,enterprise,eu,370.42,11.53,20.72,6.8,4.15,391.71,0,0,1
2024-09-01,starter,enterprise,apac,213.61,6.55,10.15,3.18,2.22,224.9,0,0,1
2024-09-01,starter,enterprise,latam,130.57,5.14,3.44,1.2,1.27,136.69,0,0,1
2024-09-01,pro,smb,us,12389.36,453.78,198.54,79.55,796.22,12165.91,5,9,135
2024-09-01,pro,smb,eu,7618.83,280.73,146.07,43.37,412.9,7589.35,3,5,84
2024-09-01,pro,smb,apac,4402.68,136.83,79.84,28.13,267.27,4323.96,2,3,48
2024-09-01,pro,smb,latam,2677.27,89.81,28.75,10.15,176.97,2608.72,1,2,29
2024-09-01,pro,mid_market,us,16567.3,637.07,585.47,214.35,375.63,17199.87,1,0,20
2024-09-01,pro,mid_market,eu,10081.23,378.77,291.65,109.62,212.65,10429.38,0,0,12
2024-09-01,pro,mid_market,apac,5815.52,186.13,177.49,65.57,139.67,5973.9,0,0,7
2024-09-01,pro,mid_market,latam,3549.22,117.03,60.03,22.36,74.63,3629.3,0,0,4
2024-09-01,pro,enterprise,us,2575.99,82.93,140.1,47.4,25.47,2726.15,0,0,1
2024-09-01,pro,enterprise,eu,1551.88,57.66,77.91,25.11,18.56,1643.79,0,0,1
2024-09-01,pro,enterprise,apac,889.49,27.93,40.15,16.43,11.09,930.06,0,0,1
2024-09-01,pro,enterprise,latam,541.84,18.93,16.29,4.82,6.14,566.11,0,0,1
2024-09-01,business,smb,us,4042.31,161.37,79.33,24.77,228.06,4030.17,2,3,45
2024-09-01,business,smb,eu,2435.08,74.18,37.78,12.83,122.36,2411.86,1,1,27
2024-09-01,business,smb,apac,1411.31,51.31,23.72,7.55,88.76,1390.02,1,1,15
2024-09-01,business,smb,latam,857.94,27.92,7.34,2.71,50.4,840.1,0,1,9
2024-09-01,business,mid_market,us,20035.65,740.59,712.08,207.96,483.67,20796.69,1,1,24
2024-09-01,business,mid_market,eu,12294.4,420.95,432.65,121.03,338.64,12688.33,0,0,15
2024-09-01,business,mid_market,apac,6956.06,216.3,210.49,63.94,173.59,7145.32,0,0,8
2024-09-01,business,mid_market,latam,4292.45,151.34,81.27,29.65,108.42,4386.99,0,0,5
2024-09-01,business,enterprise,us,11343.69,361.92,656.98,205.37,116.22,12041.0,0,0,2
2024-09-01,business,enterprise,eu,6932.07,228.12,350.15,104.07,76.09,7330.17,0,0,1
2024-09-01,business,enterprise,apac,3938.61,121.61,201.68,71.06,45.26,4145.57,0,0,1
2024-09-01,business,enterprise,latam,2396.78,74.4,67.39,26.02,24.51,2488.04,0,0,1
2024-09-01,enterprise,smb,us,677.26,26.55,13.45,4.73,41.65,670.88,0,0,7
2024-09-01,enterprise,smb,eu,410.59,16.19,6.42,2.57,21.9,408.73,0,0,5
2024-09-01,enterprise,smb,apac,239.24,8.07,4.41,1.56,14.77,235.4,0,0,3
2024-09-01,enterprise,smb,latam,143.0,4.9,1.54,0.47,9.16,139.8,0,0,2
2024-09-01,enterprise,mid_market,us,8804.43,334.68,293.15,100.13,224.33,9107.81,0,0,11
2024-09-01,enterprise,mid_market,eu,5412.55,202.0,187.53,63.34,111.45,5627.28,0,0,7
2024-09-01,enterprise,mid_market,apac,3063.22,99.04,100.24,28.31,81.54,3152.66,0,0,4
2024-09-01,enterprise,mid_market,latam,1894.88,57.24,36.31,12.23,39.22,1936.98,0,0,2
2024-09-01,enterprise,enterprise,us,34008.33,1043.43,2023.86,540.61,363.77,36171.24,0,0,5
2024-09-01,enterprise,enterprise,eu,20687.34,752.35,1013.24,325.19,224.1,21903.63,0,0,3
2024-09-01,enterprise,enterprise,apac,11743.58,352.95,611.47,191.23,133.87,12382.89,0,0,2
2024-09-01,enterprise,enterprise,latam,7235.85,282.98,219.6,73.04,75.68,7589.7,0,0,1
2024-10-01,starter,smb,us,18138.89,560.33,319.03,114.57,1109.85,17793.83,6,12,198
2024-10-01,starter,smb,eu,11429.65,342.76,205.32,64.45,759.66,11153.61,4,8,124
2024-10-01,starter,smb,apac,6446.15,235.98,98.27,34.07,415.08,6331.25,3,5,70
2024-10-01,starter,smb,latam,3978.11,129.53,37.19,11.93,244.76,3888.15,1,3,43
2024-10-01,starter,mid_market,us,3044.59,93.07,99.87,35.91,66.99,3134.62,0,0,4
2024-10-01,starter,mid_market,eu,1859.91,61.0,56.33,20.93,41.87,1914.44,0,0,2
2024-10-01,starter,mid_market,apac,1049.27,36.36,27.25,9.87,28.08,1074.92,0,0,1
2024-10-01,starter,mid_market,latam,635.14,24.4,12.6,4.63,15.23,652.29,0,0,1
2024-10-01,starter,enterprise,us,657.06,20.07,31.85,10.23,6.52,692.23,0,0,1
2024-10-01,starter,enterprise,eu,391.71,14.06,18.39,6.39,4.19,413.59,0,0,1
2024-10-01,starter,enterprise,apac,224.9,8.49,10.09,3.81,2.69,236.98,0,0,1
2024-10-01,starter,enterprise,latam,136.69,5.15,4.26,1.55,1.64,142.9,0,0,1
2024-10-01,pro,smb,us,12165.91,485.32,228.94,66.23,689.71,12124.23,5,8,135
2024-10-01,pro,smb,eu,7589.35,293.04,112.22,45.96,453.4,7495.25,3,5,83
2024-10-01,pro,smb,apac,4323.96,144.97,62.12,26.74,252.04,4252.27,2,3,47
2024-10-01,pro,smb,latam,2608.72,82.68,28.76,10.01,159.65,2550.49,1,2,28
2024-10-01,pro,mid_market,us,17199.87,665.93,595.49,178.44,385.33,17897.51,1,0,21
2024-10-01,pro,mid_market,eu,10429.38,318.1,321.75,105.92,258.87,10704.43,0,0,13
2024-10-01,pro,mid_market,apac,5973.9,210.54,157.48,56.59,122.09,6163.23,0,0,7
2024-10-01,pro,mid_market,latam,3629.3,127.64,57.87,19.62,87.57,3707.61,0,0,4
2024-10-01,pro,enterprise,us,2726.15,107.7,135.47,50.4,29.69,2889.24,0,0,1
2024-10-01,pro,enterprise,eu,1643.79,57.37,81.1,26.15,17.1,1739.01,0,0,1
2024-10-01,pro,enterprise,apac,930.06,32.99,39.22,17.3,11.62,973.35,0,0,1
2024-10-01,pro,enterprise,latam,566.11,21.31,14.93,6.33,6.52,589.5,0,0,1
2024-10-01,business,smb,us,4030.17,148.82,79.28,26.36,248.97,3982.94,2,3,44
2024-10-01,business,smb,eu,2411.86,94.61,36.74,13.53,127.86,2401.81,1,1,27
2024-10-01,business,smb,apac,1390.02,54.56,24.7,6.98,71.64,1390.66,1,1,15
2024-10-01,business,smb,latam,840.1,31.54,7.58,3.15,53.04,823.02,0,1,9
2024-10-01,business,mid_market,us,20796.69,682.5,759.23,215.76,445.96,21576.7,1,1,25
2024-10-01,business,mid_market,eu,12688.33,420.57,408.17,154.55,286.79,13075.74,0,0,15
2024-10-01,business,mid_market,apac,7145.32,218.77,208.96,73.71,195.99,7303.35,0,0,9
2024-10-01,business,mid_market,latam,4386.99,165.76,75.58,26.37,100.13,4501.82,0,0,5
2024-10-01,business,enterprise,us,12041.0,406.39,657.69,206.39,122.17,12776.52,0,0,2
2024-10-01,business,enterprise,eu,7330.17,282.2,382.14,121.24,83.58,7789.68,0,0,1
2024-10-01,business,enterprise,apac,4145.57,133.4,184.53,71.0,47.24,4345.26,0,0,1
2024-10-01,business,enterprise,latam,2488.04,77.13,63.07,26.95,29.11,2572.19,0,0,1
2024-10-01,enterprise,smb,us,670.88,22.73,11.19,4.42,33.46,666.92,0,0,7
2024-10-01,enterprise,smb,eu,408.73,15.6,6.33,2.72,21.8,406.13,0,0,5
2024-10-01,enterprise,smb,apac,235.4,9.18,3.26,1.49,12.06,234.29,0,0,3
2024-10-01,enterprise,smb,latam,139.8,5.49,1.37,0.45,7.96,138.25,0,0,2
2024-10-01,enterprise,mid_market,us,9107.81,348.19,274.78,115.62,232.29,9382.87,0,0,11
2024-10-01,enterprise,mid_market,eu,5627.28,184.92,188.8,54.79,127.22,5819.01,0,0,7
2024-10-01,enterprise,mid_market,apac,3152.66,114.97,82.14,29.48,68.8,3251.49,0,0,4
2024-10-01,enterprise,mid_market,latam,1936.98,66.05,30.7,12.78,51.08,1969.88,0,0,2
2024-10-01,enterprise,enterprise,us,36171.24,1109.51,2119.39,627.57,448.28,38324.28,0,0,5
2024-10-01,enterprise,enterprise,eu,21903.63,882.24,1009.85,431.32,231.28,23133.13,0,0,3
2024-10-01,enterprise,enterprise,apac,12382.89,476.49,561.68,193.79,131.05,13096.22,0,0,2
2024-10-01,enterprise,enterprise,latam,7589.7,271.12,205.8,86.92,73.75,7905.96,0,0,1
2024-11-01,starter,smb,us,17793.83,623.71,320.65,107.95,1002.73,17627.52,7,11,196
2024-11-01,starter,smb,eu,11153.61,404.92,168.3,75.03,601.43,11050.38,4,7,123
2024-11-01,starter,smb,apac,6331.25,226.27,110.13,31.89,313.24,6322.53,3,3,70
2024-11-01,starter,smb,latam,3888.15,125.89,39.21,12.32,198.75,3842.19,1,2,43
2024-11-01,starter,mid_market,us,3134.62,98.55,105.42,31.27,76.55,3230.78,0,0,4
2024-11-01,starter,mid_market,eu,1914.44,69.47,65.75,21.9,50.76,1977.0,0,0,2
2024-11-01,starter,mid_market,apac,1074.92,34.99,36.11,10.01,22.64,1113.38,0,0,1
2024-11-01,starter,mid_market,latam,652.29,23.14,11.96,4.7,17.28,665.4,0,0,1
2024-11-01,starter,enterprise,us,692.23,25.03,33.97,11.14,8.27,731.81,0,0,1
2024-11-01,starter,enterprise,eu,413.59,15.05,18.02,8.13,4.1,434.43,0,0,1
2024-11-01,starter,enterprise,apac,236.98,8.5,11.08,4.44,2.88,249.23,0,0,1
2024-11-01,starter,enterprise,latam,142.9,4.95,4.44,1.45,1.48,149.37,0,0,1
2024-11-01,pro,smb,us,12124.23,484.71,200.32,77.3,794.61,11937.35,5,9,133
2024-11-01,pro,smb,eu,7495.25,266.24,132.52,45.34,371.49,7477.18,3,4,83
2024-11-01,pro,smb,apac,4252.27,149.29,77.5,22.59,275.38,4181.09,2,3,46
2024-11-01,pro,smb,latam,2550.49,91.1,25.32,7.57,146.68,2512.66,1,2,28
2024-11-01,pro,mid_market,us,17897.51,705.19,575.87,191.45,431.53,18555.58,1,1,22
2024-11-01,pro,mid_market,eu,10704.43,421.71,365.57,124.78,262.94,11103.99,0,0,13
2024-11-01,pro,mid_market,apac,6163.23,242.17,205.0,58.0,129.45,6422.95,0,0,8
2024-11-01,pro,mid_market,latam,3707.61,148.55,71.8,20.76,88.38,3818.82,0,0,4
2024-11-01,pro,enterprise,us,2889.24,96.91,158.56,60.34,34.47,3049.89,0,0,1
2024-11-01,pro,enterprise,eu,1739.01,56.53,98.62,25.77,19.33,1849.05,0,0,1
2024-11-01,pro,enterprise,apac,973.35,39.23,44.95,17.09,9.51,1030.93,0,0,1
2024-11-01,pro,enterprise,latam,589.5,23.69,18.75,6.26,6.09,619.59,0,0,1
2024-11-01,business,smb,us,3982.94,126.91,63.5,23.96,225.23,3924.15,1,3,44
2024-11-01,business,smb,eu,2401.81,95.99,45.11,14.91,149.82,2378.18,1,2,26
2024-11-01,business,smb,apac,1390.66,47.98,23.02,8.92,87.7,1365.04,1,1,15
2024-11-01,business,smb,latam,823.02,27.56,9.2,2.62,53.66,803.51,0,1,9
2024-11-01,business,mid_market,us,21576.7,723.08,660.14,228.61,572.31,22159.0,1,1,26
2024-11-01,business,mid_market,eu,13075.74,394.22,433.32,159.18,341.53,13402.58,0,0,16
2024-11-01,business,mid_market,apac,7303.35,268.05,247.22,83.05,164.21,7571.36,0,0,9
2024-11-01,business,mid_market,latam,4501.82,159.12,85.74,29.93,100.62,4616.12,0,0,5
2024-11-01,business,enterprise,us,12776.52,514.16,675.3,227.78,132.03,13606.17,0,0,2
2024-11-01,business,enterprise,eu,7789.68,264.34,378.06,153.68,94.86,8183.54,0,0,1
2024-11-01,business,enterprise,apac,4345.26,168.24,202.08,78.57,47.43,4589.58,0,0,1
2024-11-01,business,enterprise,latam,2572.19,94.7,84.52,28.56,24.52,2698.32,0,0,1
2024-11-01,enterprise,smb,us,666.92,22.46,13.49,4.33,43.39,655.14,0,0,7
2024-11-01,enterprise,smb,eu,406.13,15.71,6.72,2.46,23.38,402.72,0,0,4
2024-11-01,enterprise,smb,apac,234.29,8.36,4.22,1.35,11.76,233.75,0,0,3
2024-11-01,enterprise,smb,latam,138.25,5.16,1.28,0.43,7.27,137.0,0,0,2
2024-11-01,enterprise,mid_market,us,9382.87,294.58,293.03,102.08,238.53,9629.87,0,0,11
2024-11-01,enterprise,mid_market,eu,5819.01,202.17,175.26,72.03,147.6,5976.81,0,0,7
2024-11-01,enterprise,mid_market,apac,3251.49,97.57,89.52,35.93,84.54,3318.1,0,0,4
2024-11-01,enterprise,mid_market,latam,1969.88,73.49,32.64,11.71,42.33,2021.96,0,0,2
2024-11-01,enterprise,enterprise,us,38324.28,1200.17,1738.73,754.87,480.43,40027.88,0,0,6
2024-11-01,enterprise,enterprise,eu,23133.13,724.74,1039.98,356.92,226.3,24314.63,0,0,3
2024-11-01,enterprise,enterprise,apac,13096.22,435.95,532.6,209.53,148.39,13706.84,0,0,2
2024-11-01,enterprise,enterprise,latam,7905.96,281.17,232.77,71.89,76.04,8271.97,0,0,1
2024-12-01,starter,smb,us,17627.52,678.86,325.28,121.06,1121.8,17388.8,8,12,193
2024-12-01,starter,smb,eu,11050.38,387.07,200.78,63.3,737.01,10837.91,4,8,120
2024-12-01,starter,smb,apac,6322.53,194.62,106.41,37.33,346.78,6239.44,2,4,69
2024-12-01,starter,smb,latam,3842.19,132.27,33.68,13.52,191.94,3802.68,1,2,42
2024-12-01,starter,mid_market,us,3230.78,128.45,108.23,42.06,82.72,3342.68,0,0,4
2024-12-01,starter,mid_market,eu,1977.0,78.51,64.28,22.57,43.16,2054.06,0,0,2
2024-12-01,starter,mid_market,apac,1113.38,35.47,28.29,12.04,29.7,1135.4,0,0,1
2024-12-01,starter,mid_market,latam,665.4,23.11,12.08,3.85,17.17,679.58,0,0,1
2024-12-01,starter,enterprise,us,731.81,26.96,40.13,12.81,9.06,777.03,0,0,1
2024-12-01,starter,enterprise,eu,434.43,17.14,20.47,7.22,4.86,459.96,0,0,1
2024-12-01,starter,enterprise,apac,249.23,10.03,11.24,4.36,2.76,263.38,0,0,1
2024-12-01,starter,enterprise,latam,149.37,5.69,4.52,1.45,1.66,156.47,0,0,1
2024-12-01,pro,smb,us,11937.35,366.56,209.73,78.76,787.95,11646.93,4,9,129
2024-12-01,pro,smb,eu,7477.18,259.1,127.72,47.21,485.02,7331.78,3,5,81
2024-12-01,pro,smb,apac,4181.09,160.99,72.67,26.58,238.59,4149.58,2,3,46
2024-12-01,pro,smb,latam,2512.66,80.82,21.44,8.22,166.34,2440.37,1,2,27
2024-12-01,pro,mid_market,us,18555.58,698.01,582.4,230.2,409.98,19195.82,1,0,23
2024-12-01,pro,mid_market,eu,11103.99,421.66,299.09,106.16,304.89,11413.68,0,0,13
2024-12-01,pro,mid_market,apac,6422.95,193.86,173.07,66.9,156.19,6566.79,0,0,8
2024-12-01,pro,mid_market,latam,3818.82,134.62,60.2,25.58,87.94,3900.11,0,0,5
2024-12-01,pro,enterprise,us,3049.89,101.19,154.82,62.19,35.56,3208.15,0,0,1
2024-12-01,pro,enterprise,eu,1849.05,56.5,89.77,34.6,18.26,1942.47,0,0,1
2024-12-01,pro,enterprise,apac,1030.93,40.5,44.31,17.65,10.96,1087.14,0,0,1
2024-12-01,pro,enterprise,latam,619.59,22.65,19.21,6.54,6.93,647.98,0,0,1
2024-12-01,business,smb,us,3924.15,139.42,61.73,22.91,227.28,3875.12,2,3,43
2024-12-01,business,smb,eu,2378.18,92.16,37.9,13.35,133.52,2361.38,1,1,26
2024-12-01,business,smb,apac,1365.04,52.44,22.8,6.59,67.51,1366.17,1,1,15
2024-12-01,business,smb,latam,803.51,31.14,7.43,2.51,49.26,790.3,0,1,9
2024-12-01,business,mid_market,us,22159.0,672.91,741.11,275.37,504.69,22792.96,1,1,27
2024-12-01,business,mid_market,eu,13402.58,459.83,404.4,162.62,294.63,13809.57,1,0,16
2024-12-01,business,mid_market,apac,7571.36,282.66,223.02,71.82,167.79,7837.43,0,0,9
2024-12-01,business,mid_market,latam,4616.12,164.0,92.82,27.69,100.17,4745.09,0,0,6
2024-12-01,business,enterprise,us,13606.17,484.06,696.5,211.18,156.31,14419.23,0,0,2
2024-12-01,business,enterprise,eu,8183.54,277.41,359.6,125.78,86.05,8608.73,0,0,1
2024-12-01,business,enterprise,apac,4589.58,154.13,191.83,68.91,47.91,4818.71,0,0,1
2024-12-01,business,enterprise,latam,2698.32,83.53,68.22,24.78,26.03,2799.26,0,0,1
2024-12-01,enterprise,smb,us,655.14,23.82,13.16,4.33,35.78,652.01,0,0,7
2024-12-01,enterprise,smb,eu,402.72,15.51,6.47,2.57,25.17,396.95,0,0,4
2024-12-01,enterprise,smb,apac,233.75,7.09,3.29,1.34,15.0,227.8,0,0,3
2024-12-01,enterprise,smb,latam,137.0,5.4,1.53,0.42,8.92,134.59,0,0,1
2024-12-01,enterprise,mid_market,us,9629.87,366.56,311.14,109.27,245.39,9952.9,0,0,12
2024-12-01,enterprise,mid_market,eu,5976.81,224.18,189.9,72.31,158.34,6160.23,0,0,7
2024-12-01,enterprise,mid_market,apac,3318.1,110.23,104.22,38.66,68.07,3425.82,0,0,4
2024-12-01,enterprise,mid_market,latam,2021.96,78.07,33.74,12.43,49.28,2072.07,0,0,2
2024-12-01,enterprise,enterprise,us,40027.88,1427.28,2369.04,830.71,401.59,42591.9,0,0,6
2024-12-01,enterprise,enterprise,eu,24314.63,936.41,1026.78,409.49,266.17,25602.17,0,0,4
2024-12-01,enterprise,enterprise,apac,13706.84,488.63,565.25,195.31,130.14,14435.27,0,0,2
2024-12-01,enterprise,enterprise,latam,8271.97,319.21,207.78,74.31,101.24,8623.4,0,0,1
2025-01-01,starter,smb,us,17388.8,562.88,289.1,115.22,860.26,17265.3,6,10,192
2025-01-01,starter,smb,eu,10837.91,431.34,164.82,65.76,711.32,10656.99,5,8,118
2025-01-01,starter,smb,apac,6239.44,250.63,106.87,30.53,308.41,6258.01,3,3,70
2025-01-01,starter,smb,latam,3802.68,147.5,33.18,13.35,250.65,3719.36,2,3,41
2025-01-01,starter,mid_market,us,3342.68,105.33,116.08,36.4,72.6,3455.09,0,0,4
2025-01-01,starter,mid_market,eu,2054.06,82.47,63.4,21.79,53.72,2124.43,0,0,2
2025-01-01,starter,mid_market,apac,1135.4,36.28,36.43,11.2,29.27,1167.64,0,0,1
2025-01-01,starter,mid_market,latam,679.58,23.9,13.22,4.15,15.66,696.89,0,0,1
2025-01-01,starter,enterprise,us,777.03,25.94,46.43,12.17,8.26,828.98,0,0,1
2025-01-01,starter,enterprise,eu,459.96,15.69,23.17,7.34,5.19,486.29,0,0,1
2025-01-01,starter,enterprise,apac,263.38,10.58,11.35,4.44,2.55,278.32,0,0,1
2025-01-01,starter,enterprise,latam,156.47,5.99,4.29,1.48,1.81,163.46,0,0,1
2025-01-01,pro,smb,us,11646.93,379.9,226.43,75.62,609.22,11568.41,4,7,129
2025-01-01,pro,smb,eu,7331.78,250.66,136.08,44.14,456.98,7217.41,3,5,80
2025-01-01,pro,smb,apac,4149.58,158.14,71.07,20.48,215.5,4142.81,2,2,46
2025-01-01,pro,smb,latam,2440.37,77.16,27.35,7.71,122.76,2414.41,1,1,27
2025-01-01,pro,mid_market,us,19195.82,721.55,660.25,222.64,456.02,19898.96,1,1,23
2025-01-01,pro,mid_market,eu,11413.68,414.15,333.38,138.39,260.45,11762.38,0,0,14
2025-01-01,pro,mid_market,apac,6566.79,244.57,188.76,68.17,160.75,6771.21,0,0,8
2025-01-01,pro,mid_market,latam,3900.11,119.32,60.87,25.39,97.79,3957.13,0,0,5
2025-01-01,pro,enterprise,us,3208.15,96.13,156.52,63.65,39.97,3357.18,0,0,1
2025-01-01,pro,enterprise,eu,1942.47,62.79,105.63,35.43,21.68,2053.77,0,0,1
2025-01-01,pro,enterprise,apac,1087.14,38.86,44.07,17.54,10.41,1142.11,0,0,1
2025-01-01,pro,enterprise,latam,647.98,24.36,19.94,5.58,7.87,678.83,0,0,1
2025-01-01,business,smb,us,3875.12,138.67,74.4,27.97,257.85,3802.36,2,3,42
2025-01-01,business,smb,eu,2361.38,86.11,38.47,14.47,157.3,2314.19,1,2,26
2025-01-01,business,smb,apac,1366.17,52.13,22.57,7.64,87.17,1346.06,1,1,15
2025-01-01,business,smb,latam,790.3,23.91,7.88,2.5,50.81,768.79,0,1,9
2025-01-01,business,mid_market,us,22792.96,825.6,727.16,243.76,530.78,23571.18,1,1,28
2025-01-01,business,mid_market,eu,13809.57,525.35,486.19,136.35,372.91,14311.84,1,0,17
2025-01-01,business,mid_market,apac,7837.43,276.0,251.15,88.94,178.71,8096.93,0,0,10
2025-01-01,business,mid_market,latam,4745.09,156.38,73.69,29.41,127.01,4818.74,0,0,6
2025-01-01,business,enterprise,us,14419.23,521.62,836.45,261.81,170.39,15345.09,0,0,2
2025-01-01,business,enterprise,eu,8608.73,287.3,454.35,162.0,93.29,9095.09,0,0,1
2025-01-01,business,enterprise,apac,4818.71,176.91,199.78,67.5,58.13,5069.77,0,0,1
2025-01-01,business,enterprise,latam,2799.26,92.92,90.38,29.11,32.75,2920.7,0,0,1
2025-01-01,enterprise,smb,us,652.01,22.99,13.07,4.27,33.76,650.04,0,0,7
2025-01-01,enterprise,smb,eu,396.95,14.84,7.77,2.58,22.6,394.39,0,0,4
2025-01-01,enterprise,smb,apac,227.8,7.34,3.28,1.11,12.7,224.6,0,0,2
2025-01-01,enterprise,smb,latam,134.59,5.12,1.44,0.43,8.73,131.99,0,0,1
2025-01-01,enterprise,mid_market,us,9952.9,323.68,324.41,115.81,211.81,10273.37,0,0,12
2025-01-01,enterprise,mid_market,eu,6160.23,226.22,170.74,75.84,143.18,6338.17,0,0,7
2025-01-01,enterprise,mid_market,apac,3425.82,128.88,109.98,39.26,71.41,3554.01,0,0,4
2025-01-01,enterprise,mid_market,latam,2072.07,66.12,38.87,12.51,50.1,2114.45,0,0,2
2025-01-01,enterprise,enterprise,us,42591.9,1708.01,2158.7,881.35,492.02,45085.25,0,0,6
2025-01-01,enterprise,enterprise,eu,25602.17,917.54,1332.48,404.72,310.04,27137.44,0,0,4
2025-01-01,enterprise,enterprise,apac,14435.27,465.35,662.09,255.13,141.85,15165.73,0,0,2
2025-01-01,enterprise,enterprise,latam,8623.4,286.39,278.38,95.05,92.23,9000.89,0,0,1
2025-02-01,starter,smb,us,17265.3,547.23,270.02,103.7,1118.74,16860.11,6,12,187
2025-02-01,starter,smb,eu,10656.99,336.04,203.58,59.19,687.16,10450.26,4,8,116
2025-02-01,starter,smb,apac,6258.01,236.89,94.48,39.43,372.79,6177.14,3,4,69
2025-02-01,starter,smb,latam,3719.36,131.73,38.29,13.81,230.2,3645.37,1,3,41
2025-02-01,starter,mid_market,us,3455.09,108.8,114.16,39.25,74.78,3564.03,0,0,4
2025-02-01,starter,mid_market,eu,2124.43,68.29,66.58,26.59,45.68,2187.02,0,0,3
2025-02-01,starter,mid_market,apac,1167.64,43.64,36.44,10.35,29.66,1207.71,0,0,1
2025-02-01,starter,mid_market,latam,696.89,21.61,13.85,3.91,16.86,711.58,0,0,1
2025-02-01,starter,enterprise,us,828.98,30.29,43.2,14.44,10.17,877.85,0,0,1
2025-02-01,starter,enterprise,eu,486.29,15.13,21.61,9.5,4.79,508.74,0,0,1
2025-02-01,starter,enterprise,apac,278.32,8.77,13.39,4.4,2.77,293.32,0,0,1
2025-02-01,starter,enterprise,latam,163.46,5.06,4.36,1.57,1.59,169.71,0,0,1
2025-02-01,pro,smb,us,11568.41,368.06,226.32,73.58,577.04,11512.19,4,6,128
2025-02-01,pro,smb,eu,7217.41,264.42,108.15,48.31,407.97,7133.7,3,5,79
2025-02-01,pro,smb,apac,4142.81,153.18,64.3,21.28,246.9,4092.1,2,3,45
2025-02-01,pro,smb,latam,2414.41,81.71,20.39,9.31,146.46,2360.75,1,2,26
2025-02-01,pro,mid_market,us,19898.96,666.15,693.13,239.79,427.16,20591.3,1,1,24
2025-02-01,pro,mid_market,eu,11762.38,387.76,313.76,138.67,280.8,12044.43,0,0,14
2025-02-01,pro,mid_market,apac,6771.21,203.14,229.17,72.26,153.01,6978.24,0,0,8
2025-02-01,pro,mid_market,latam,3957.13,137.46,61.35,23.89,88.85,4043.2,0,0,5
2025-02-01,pro,enterprise,us,3357.18,134.5,166.58,57.35,32.88,3568.04,0,0,1
2025-02-01,pro,enterprise,eu,2053.77,68.44,96.52,35.08,21.91,2161.75,0,0,1
2025-02-01,pro,enterprise,apac,1142.11,38.48,52.16,19.14,10.78,1202.84,0,0,1
2025-02-01,pro,enterprise,latam,678.83,21.91,17.9,5.94,7.42,705.28,0,0,1
2025-02-01,business,smb,us,3802.36,151.92,77.66,22.23,213.18,3796.53,2,2,42
2025-02-01,business,smb,eu,2314.19,88.22,38.65,14.0,115.49,2311.57,1,1,26
2025-02-01,business,smb,apac,1346.06,45.14,23.34,7.17,67.87,1339.5,1,1,15
2025-02-01,business,smb,latam,768.79,30.96,8.39,2.54,40.49,765.1,0,0,9
2025-02-01,business,mid_market,us,23571.18,949.04,858.47,256.92,625.0,24496.77,1,1,29
2025-02-01,business,mid_market,eu,14311.84,490.4,411.96,171.8,343.67,14698.73,1,0,17
2025-02-01,business,mid_market,apac,8096.93,272.64,217.75,95.69,214.02,8277.6,0,0,10
2025-02-01,business,mid_market,latam,4818.74,177.95,93.57,32.69,121.68,4935.89,0,0,6
2025-02-01,business,enterprise,us,15345.09,526.32,882.63,267.48,148.33,16338.24,0,0,2
2025-02-01,business,enterprise,eu,9095.09,297.43,433.05,137.26,108.96,9579.35,0,0,1
2025-02-01,business,enterprise,apac,5069.77,203.97,227.67,87.17,63.16,5351.08,0,0,1
2025-02-01,business,enterprise,latam,2920.7,103.51,87.62,27.03,33.26,3051.54,0,0,1
2025-02-01,enterprise,smb,us,650.04,24.36,12.31,3.74,38.59,644.37,0,0,7
2025-02-01,enterprise,smb,eu,394.39,14.48,7.62,2.56,22.79,391.14,0,0,4
2025-02-01,enterprise,smb,apac,224.6,7.94,3.88,1.38,12.53,222.51,0,0,2
2025-02-01,enterprise,smb,latam,131.99,3.95,1.46,0.39,7.08,129.93,0,0,1
2025-02-01,enterprise,mid_market,us,10273.37,351.74,345.53,114.45,233.11,10623.08,0,0,12
2025-02-01,enterprise,mid_market,eu,6338.17,217.46,226.41,76.11,152.44,6553.49,0,0,8
2025-02-01,enterprise,mid_market,apac,3554.01,125.8,95.57,31.96,87.88,3655.55,0,0,4
2025-02-01,enterprise,mid_market,latam,2114.45,73.28,36.2,14.1,44.41,2165.41,0,0,3
2025-02-01,enterprise,enterprise,us,45085.25,1680.67,2460.66,702.91,423.33,48100.34,0,0,7
2025-02-01,enterprise,enterprise,eu,27137.44,964.72,1315.56,483.38,261.4,28672.93,0,0,4
2025-02-01,enterprise,enterprise,apac,15165.73,466.92,665.33,252.05,179.35,15866.58,0,0,2
2025-02-01,enterprise,enterprise,latam,9000.89,355.45,222.53,77.19,110.39,9391.29,0,0,1
2025-03-01,starter,smb,us,16860.11,532.86,301.83,91.95,1064.76,16538.11,6,12,184
2025-03-01,starter,smb,eu,10450.26,375.35,190.03,62.89,620.65,10332.1,4,7,115
2025-03-01,starter,smb,apac,6177.14,241.45,113.22,40.27,309.54,6182.01,3,3,69
2025-03-01,starter,smb,latam,3645.37,122.26,34.28,13.21,190.84,3597.86,1,2,40
2025-03-01,starter,mid_market,us,3564.03,138.32,101.97,38.85,95.62,3669.84,0,0,4
2025-03-01,starter,mid_market,eu,2187.02,68.29,64.45,24.33,56.92,2238.5,0,0,3
2025-03-01,starter,mid_market,apac,1207.71,44.76,39.98,13.16,30.49,1248.8,0,0,1
2025-03-01,starter,mid_market,latam,711.58,25.0,11.34,4.26,15.25,728.41,0,0,1
2025-03-01,starter,enterprise,us,877.85,31.15,46.58,17.73,8.55,929.3,0,0,1
2025-03-01,starter,enterprise,eu,508.74,16.51,21.84,7.8,5.16,534.13,0,0,1
2025-03-01,starter,enterprise,apac,293.32,10.11,15.55,5.37,3.61,309.99,0,0,1
2025-03-01,starter,enterprise,latam,169.71,5.64,5.39,1.46,1.74,177.55,0,0,1
2025-03-01,pro,smb,us,11512.19,418.87,233.67,69.18,681.48,11414.07,5,8,127
2025-03-01,pro,smb,eu,7133.7,276.8,135.91,45.03,368.15,7133.22,3,4,79
2025-03-01,pro,smb,apac,4092.1,156.49,68.12,21.23,242.37,4053.1,2,3,45
2025-03-01,pro,smb,latam,2360.75,72.08,23.93,7.66,117.97,2331.12,1,1,26
2025-03-01,pro,mid_market,us,20591.3,831.66,745.0,254.64,484.18,21429.13,1,1,25
2025-03-01,pro,mid_market,eu,12044.43,428.71,429.71,150.95,268.69,12483.2,1,0,15
2025-03-01,pro,mid_market,apac,6978.24,248.66,210.51,67.12,163.41,7206.87,0,0,8
2025-03-01,pro,mid_market,latam,4043.2,153.53,66.16,26.6,82.93,4153.36,0,0,5
2025-03-01,pro,enterprise,us,3568.04,114.49,212.93,65.33,36.02,3794.11,0,0,1
2025-03-01,pro,enterprise,eu,2161.75,65.01,98.98,38.23,20.41,2267.09,0,0,1
2025-03-01,pro,enterprise,apac,1202.84,41.98,52.5,17.54,12.03,1267.74,0,0,1
2025-03-01,pro,enterprise,latam,705.28,27.52,21.27,7.52,7.4,739.16,0,0,1
2025-03-01,business,smb,us,3796.53,152.07,68.19,24.23,200.18,3792.37,2,2,42
2025-03-01,business,smb,eu,2311.57,75.77,42.94,14.04,150.78,2265.46,1,2,25
2025-03-01,business,smb,apac,1339.5,53.32,23.02,8.45,68.12,1339.27,1,1,15
2025-03-01,business,smb,latam,765.1,23.88,8.32,2.78,40.04,754.47,0,0,8
2025-03-01,business,mid_market,us,24496.77,945.78,706.7,260.79,579.84,25308.62,1,1,30
2025-03-01,business,mid_market,eu,14698.73,502.47,479.04,174.23,333.52,15172.5,1,0,18
2025-03-01,business,mid_market,apac,8277.6,291.79,251.64,94.19,189.37,8537.46,0,0,10
2025-03-01,business,mid_market,latam,4935.89,183.95,84.01,27.84,134.2,5041.81,0,0,6
2025-03-01,business,enterprise,us,16338.24,652.83,844.7,284.97,186.97,17363.82,0,0,2
2025-03-01,business,enterprise,eu,9579.35,306.84,426.78,184.09,118.1,10010.78,0,0,1
2025-03-01,business,enterprise,apac,5351.08,184.87,280.15,89.4,56.01,5670.68,0,0,1
2025-03-01,business,enterprise,latam,3051.54,97.29,93.09,27.96,37.26,3176.7,0,0,1
2025-03-01,enterprise,smb,us,644.37,23.39,10.62,4.5,32.86,641.02,0,0,7
2025-03-01,enterprise,smb,eu,391.14,14.81,6.75,2.15,20.8,389.75,0,0,4
2025-03-01,enterprise,smb,apac,222.51,6.75,3.53,1.42,14.77,216.61,0,0,2
2025-03-01,enterprise,smb,latam,129.93,5.21,1.15,0.39,7.35,128.55,0,0,1
2025-03-01,enterprise,mid_market,us,10623.08,329.69,399.37,114.61,265.79,10971.73,0,0,13
2025-03-01,enterprise,mid_market,eu,6553.49,240.34,205.09,63.42,137.36,6798.15,0,0,8
2025-03-01,enterprise,mid_market,apac,3655.55,118.75,122.9,38.13,93.84,3765.23,0,0,4
2025-03-01,enterprise,mid_market,latam,2165.41,66.08,41.68,12.52,45.43,2215.23,0,0,3
2025-03-01,enterprise,enterprise,us,48100.34,1800.06,2592.27,808.6,541.05,51143.03,0,0,7
2025-03-01,enterprise,enterprise,eu,28672.93,868.03,1435.43,495.36,268.16,30212.88,0,0,4
2025-03-01,enterprise,enterprise,apac,15866.58,599.61,853.18,283.01,156.49,16879.86,0,0,2
2025-03-01,enterprise,enterprise,latam,9391.29,324.78,301.27,89.48,112.63,9815.23,0,0,1
2025-04-01,starter,smb,us,16538.11,517.76,282.65,107.33,1065.65,16165.54,6,12,180
2025-04-01,starter,smb,eu,10332.1,351.21,194.85,55.67,568.64,10253.86,4,6,114
2025-04-01,starter,smb,apac,6182.01,202.55,87.66,31.1,367.81,6073.32,2,4,67
2025-04-01,starter,smb,latam,3597.86,114.69,31.91,11.62,212.02,3520.81,1,2,39
2025-04-01,starter,mid_market,us,3669.84,120.93,109.2,36.85,84.76,3778.35,0,0,4
2025-04-01,starter,mid_market,eu,2238.5,87.52,75.61,21.46,58.49,2321.68,0,0,3
2025-04-01,starter,mid_market,apac,1248.8,49.55,34.73,14.38,26.76,1291.95,0,0,2
2025-04-01,starter,mid_market,latam,728.41,26.37,12.38,5.02,15.94,746.2,0,0,1
2025-04-01,starter,enterprise,us,929.3,28.21,41.1,16.87,9.94,971.8,0,0,1
2025-04-01,starter,enterprise,eu,534.13,17.1,28.63,9.28,5.06,565.52,0,0,1
2025-04-01,starter,enterprise,apac,309.99,12.52,13.12,5.45,3.3,326.88,0,0,1
2025-04-01,starter,enterprise,latam,177.55,6.59,4.91,1.68,2.19,185.19,0,0,1
2025-04-01,pro,smb,us,11414.07,449.41,200.22,82.33,602.13,11379.24,5,7,126
2025-04-01,pro,smb,eu,7133.22,288.47,130.33,38.02,430.27,7083.74,3,5,79
2025-04-01,pro,smb,apac,4053.1,151.45,72.06,24.09,245.62,4006.9,2,3,45
2025-04-01,pro,smb,latam,2331.12,70.39,24.54,8.17,122.1,2295.78,1,1,26
2025-04-01,pro,mid_market,us,21429.13,788.26,647.88,221.61,449.42,22194.24,1,1,26
2025-04-01,pro,mid_market,eu,12483.2,450.45,398.13,121.16,321.68,12888.93,1,0,15
2025-04-01,pro,mid_market,apac,7206.87,231.34,200.53,64.74,148.57,7425.44,0,0,9
2025-04-01,pro,mid_market,latam,4153.36,160.21,70.0,26.55,88.45,4268.57,0,0,5
2025-04-01,pro,enterprise,us,3794.11,132.89,176.33,66.75,44.95,3991.62,0,0,1
2025-04-01,pro,enterprise,eu,2267.09,88.88,116.82,34.29,21.24,2417.26,0,0,1
2025-04-01,pro,enterprise,apac,1267.74,48.36,57.58,20.34,12.27,1341.08,0,0,1
2025-04-01,pro,enterprise,latam,739.16,29.54,23.2,7.8,7.16,776.94,0,0,1
2025-04-01,business,smb,us,3792.37,146.66,66.1,22.9,234.03,3748.21,2,3,42
2025-04-01,business,smb,eu,2265.46,69.41,33.68,11.81,115.26,2241.49,1,1,25
2025-04-01,business,smb,apac,1339.27,41.32,20.8,6.49,70.18,1324.73,0,1,15
2025-04-01,business,smb,latam,754.47,25.08,7.41,2.78,42.93,741.25,0,0,8
2025-04-01,business,mid_market,us,25308.62,958.44,855.65,292.32,538.45,26291.94,1,1,31
2025-04-01,business,mid_market,eu,15172.5,615.19,546.92,149.72,382.62,15802.27,1,0,19
2025-04-01,business,mid_market,apac,8537.46,267.29,250.37,98.16,183.3,8773.67,0,0,10
2025-04-01,business,mid_market,latam,5041.81,159.38,81.71,36.07,135.28,5111.55,0,0,6
2025-04-01,business,enterprise,us,17363.82,575.64,967.19,299.73,200.19,18406.74,0,0,3
2025-04-01,business,enterprise,eu,10010.78,359.32,550.88,153.41,110.15,10657.41,0,0,1
2025-04-01,business,enterprise,apac,5670.68,211.98,289.22,79.2,54.47,6038.22,0,0,1
2025-04-01,business,enterprise,latam,3176.7,117.98,97.74,32.07,37.11,3323.24,0,0,1
2025-04-01,enterprise,smb,us,641.02,22.06,13.14,3.68,37.64,634.9,0,0,7
2025-04-01,enterprise,smb,eu,389.75,12.66,6.93,2.61,19.91,386.82,0,0,4
2025-04-01,enterprise,smb,apac,216.61,7.76,3.24,1.14,13.76,212.7,0,0,2
2025-04-01,enterprise,smb,latam,128.55,4.24,1.39,0.39,8.33,125.46,0,0,1
2025-04-01,enterprise,mid_market,us,10971.73,395.48,350.26,136.49,258.48,11322.5,0,0,13
2025-04-01,enterprise,mid_market,eu,6798.15,233.61,230.01,64.07,176.3,7021.41,0,0,8
2025-04-01,enterprise,mid_market,apac,3765.23,117.53,102.39,42.72,80.31,3862.11,0,0,5
2025-04-01,enterprise,mid_market,latam,2215.23,78.86,40.98,13.04,53.91,2268.12,0,0,3
2025-04-01,enterprise,enterprise,us,51143.03,1694.39,2774.66,1008.85,536.45,54066.78,0,0,8
2025-04-01,enterprise,enterprise,eu,30212.88,993.66,1462.81,568.83,321.87,31778.64,0,0,4
2025-04-01,enterprise,enterprise,apac,16879.86,577.53,840.87,294.63,202.92,17800.71,0,0,2
2025-04-01,enterprise,enterprise,latam,9815.23,333.35,298.61,94.62,120.14,10232.43,0,0,1
2025-05-01,starter,smb,us,16165.54,605.38,310.8,103.96,984.05,15993.71,7,11,178
2025-05-01,starter,smb,eu,10253.86,367.2,187.21,55.19,588.71,10164.36,4,7,113
2025-05-01,starter,smb,apac,6073.32,183.68,88.38,33.35,379.12,5932.91,2,4,66
2025-05-01,starter,smb,latam,3520.81,113.14,39.98,12.8,234.69,3426.43,1,3,38
2025-05-01,starter,mid_market,us,3778.35,121.26,132.83,46.09,82.67,3903.68,0,0,5
2025-05-01,starter,mid_market,eu,2321.68,82.25,68.37,24.78,59.04,2388.49,0,0,3
2025-05-01,starter,mid_market,apac,1291.95,47.44,34.73,13.45,31.9,1328.76,0,0,2
2025-05-01,starter,mid_market,latam,746.2,27.65,14.33,4.96,16.7,766.51,0,0,1
2025-05-01,starter,enterprise,us,971.8,29.18,45.98,18.39,10.25,1018.33,0,0,1
2025-05-01,starter,enterprise,eu,565.52,22.64,31.4,10.67,7.14,601.76,0,0,1
2025-05-01,starter,enterprise,apac,326.88,10.21,13.74,5.73,3.55,341.55,0,0,1
2025-05-01,starter,enterprise,latam,185.19,6.14,4.58,2.07,1.85,191.98,0,0,1
2025-05-01,pro,smb,us,11379.24,455.3,191.23,68.63,746.25,11210.89,5,8,125
2025-05-01,pro,smb,eu,7083.74,233.47,138.5,40.55,401.07,7014.07,3,4,78
2025-05-01,pro,smb,apac,4006.9,141.4,66.46,23.79,218.09,3972.89,2,2,44
2025-05-01,pro,smb,latam,2295.78,81.66,25.28,6.99,140.31,2255.42,1,2,25
2025-05-01,pro,mid_market,us,22194.24,740.81,717.66,236.56,475.65,22940.5,1,1,27
2025-05-01,pro,mid_market,eu,12888.93,469.79,351.49,139.81,340.49,13229.91,1,0,16
2025-05-01,pro,mid_market,apac,7425.44,292.43,209.59,69.68,188.04,7669.74,0,0,9
2025-05-01,pro,mid_market,latam,4268.57,143.72,87.32,24.18,96.77,4378.66,0,0,5
2025-05-01,pro,enterprise,us,3991.62,125.26,184.17,68.84,46.96,4185.25,0,0,1
2025-05-01,pro,enterprise,eu,2417.26,78.47,123.05,42.35,25.63,2550.79,0,0,1
2025-05-01,pro,enterprise,apac,1341.08,51.35,54.96,20.6,12.93,1413.86,0,0,1
2025-05-01,pro,enterprise,latam,776.94,23.69,21.07,8.43,8.06,805.21,0,0,1
2025-05-01,business,smb,us,3748.21,134.35,76.24,27.13,244.77,3686.9,1,3,41
2025-05-01,business,smb,eu,2241.49,71.19,43.26,12.48,111.88,2231.57,1,1,25
2025-05-01,business,smb,apac,1324.73,51.33,19.59,8.01,71.79,1315.85,1,1,15
2025-05-01,business,smb,latam,741.25,27.79,7.44,2.92,47.65,725.91,0,1,8
2025-05-01,business,mid_market,us,26291.94,1023.77,776.01,277.47,701.42,27112.83,1,1,32
2025-05-01,business,mid_market,eu,15802.27,538.97,528.18,183.05,335.26,16351.1,1,0,19
2025-05-01,business,mid_market,apac,8773.67,332.24,252.86,102.25,232.38,9024.15,0,0,11
2025-05-01,business,mid_market,latam,5111.55,204.71,85.7,34.37,121.89,5245.7,0,0,6
2025-05-01,business,enterprise,us,18406.74,721.59,1009.11,365.33,189.74,19582.37,0,0,3
2025-05-01,business,enterprise,eu,10657.41,394.32,507.55,209.96,131.17,11218.15,0,0,2
2025-05-01,business,enterprise,apac,6038.22,185.87,253.53,85.07,62.3,6330.24,0,0,1
2025-05-01,business,enterprise,latam,3323.24,100.7,97.8,30.1,39.88,3451.76,0,0,1
2025-05-01,enterprise,smb,us,634.9,22.57,10.94,4.56,34.43,629.42,0,0,7
2025-05-01,enterprise,smb,eu,386.82,13.4,5.83,2.26,19.43,384.36,0,0,4
2025-05-01,enterprise,smb,apac,212.7,8.56,3.56,1.14,10.98,212.69,0,0,2
2025-05-01,enterprise,smb,latam,125.46,4.05,1.13,0.4,6.27,123.96,0,0,1
2025-05-01,enterprise,mid_market,us,11322.5,429.94,359.11,147.69,299.18,11664.68,1,0,14
2025-05-01,enterprise,mid_market,eu,7021.41,252.38,218.21,82.01,161.51,7248.49,0,0,9
2025-05-01,enterprise,mid_market,apac,3862.11,128.57,108.45,37.77,82.44,3978.93,0,0,5
2025-05-01,enterprise,mid_market,latam,2268.12,91.87,41.71,13.06,61.21,2327.44,0,0,3
2025-05-01,enterprise,enterprise,us,54066.78,2058.48,3003.37,1119.16,598.25,57411.22,0,0,8
2025-05-01,enterprise,enterprise,eu,31778.64,1111.67,1603.4,554.93,340.27,33598.52,0,0,5
2025-05-01,enterprise,enterprise,apac,17800.71,683.69,862.92,279.14,180.29,18887.89,0,0,3
2025-05-01,enterprise,enterprise,latam,10232.43,313.73,261.16,106.87,98.48,10601.98,0,0,1
2025-06-01,starter,smb,us,15993.71,631.61,305.54,96.71,1045.01,15789.14,7,12,175
2025-06-01,starter,smb,eu,10164.36,362.65,162.26,59.2,650.21,9979.87,4,7,111
2025-06-01,starter,smb,apac,5932.91,212.4,93.88,37.7,377.78,5823.71,2,4,65
2025-06-01,starter,smb,latam,3426.43,134.87,38.83,12.72,193.03,3394.39,1,2,38
2025-06-01,starter,mid_market,us,3903.68,154.83,131.82,51.15,91.25,4047.92,0,0,5
2025-06-01,starter,mid_market,eu,2388.49,93.08,67.79,24.98,59.14,2465.24,0,0,3
2025-06-01,starter,mid_market,apac,1328.76,46.01,41.73,14.87,27.18,1374.46,0,0,2
2025-06-01,starter,mid_market,latam,766.51,26.37,12.06,5.55,19.1,780.3,0,0,1
2025-06-01,starter,enterprise,us,1018.33,39.84,57.64,20.39,10.64,1084.78,0,0,1
2025-06-01,starter,enterprise,eu,601.76,21.28,29.69,9.76,6.26,636.7,0,0,1
2025-06-01,starter,enterprise,apac,341.55,12.8,15.89,6.36,3.67,360.22,0,0,1
2025-06-01,starter,enterprise,latam,191.98,6.04,5.45,2.2,2.11,199.15,0,0,1
2025-06-01,pro,smb,us,11210.89,404.28,220.65,74.07,554.62,11207.13,4,6,125
2025-06-01,pro,smb,eu,7014.07,254.96,111.77,41.3,441.85,6897.66,3,5,77
2025-06-01,pro,smb,apac,3972.89,156.51,55.94,23.83,244.88,3916.64,2,3,44
2025-06-01,pro,smb,latam,2255.42,86.65,19.07,7.92,147.03,2206.19,1,2,25
2025-06-01,pro,mid_market,us,22940.5,907.08,778.72,290.33,530.33,23805.64,1,1,28
2025-06-01,pro,mid_market,eu,13229.91,458.95,451.38,161.8,275.23,13703.22,1,0,16
2025-06-01,pro,mid_market,apac,7669.74,264.79,206.56,76.11,174.96,7890.02,0,0,9
2025-06-01,pro,mid_market,latam,4378.66,161.36,70.62,31.31,116.38,4462.95,0,0,5
2025-06-01,pro,enterprise,us,4185.25,159.1,187.46,68.54,40.69,4422.58,0,0,1
2025-06-01,pro,enterprise,eu,2550.79,102.73,114.59,48.15,26.64,2693.32,0,0,1
2025-06-01,pro,enterprise,apac,1413.86,50.97,66.11,25.5,16.17,1489.26,0,0,1
2025-06-01,pro,enterprise,latam,805.21,30.11,20.13,8.82,9.48,837.15,0,0,1
2025-06-01,business,smb,us,3686.9,117.51,58.48,22.4,199.3,3641.19,1,2,40
2025-06-01,business,smb,eu,2231.57,70.95,37.76,11.48,112.71,2216.09,1,1,25
2025-06-01,business,smb,apac,1315.85,51.73,22.06,7.09,84.5,1298.05,1,1,14
2025-06-01,business,smb,latam,725.91,23.82,6.55,2.27,36.25,717.77,0,0,8
2025-06-01,business,mid_market,us,27112.83,1092.46,834.39,341.86,553.15,28144.68,1,1,33
2025-06-01,business,mid_market,eu,16351.1,661.39,549.88,180.79,423.95,16957.63,1,0,20
2025-06-01,business,mid_market,apac,9024.15,325.7,254.04,89.38,242.06,9272.45,0,0,11
2025-06-01,business,mid_market,latam,5245.7,170.9,92.43,36.49,135.23,5337.31,0,0,6
2025-06-01,business,enterprise,us,19582.37,606.18,904.95,347.36,224.49,20521.66,0,0,3
2025-06-01,business,enterprise,eu,11218.15,444.92,551.97,204.87,120.51,11889.66,0,0,2
2025-06-01,business,enterprise,apac,6330.24,237.45,303.1,91.43,73.28,6706.08,0,0,1
2025-06-01,business,enterprise,latam,3451.76,128.27,88.73,36.66,37.27,3594.82,0,0,1
2025-06-01,enterprise,smb,us,629.42,25.53,12.35,3.85,32.15,631.3,0,0,7
2025-06-01,enterprise,smb,eu,384.36,12.02,7.12,2.6,19.15,381.74,0,0,4
2025-06-01,enterprise,smb,apac,212.69,7.97,3.67,1.06,12.96,210.32,0,0,2
2025-06-01,enterprise,smb,latam,123.96,4.17,1.34,0.48,7.61,121.39,0,0,1
2025-06-01,enterprise,mid_market,us,11664.68,464.57,374.29,127.74,249.18,12126.62,1,0,14
2025-06-01,enterprise,mid_market,eu,7248.49,274.1,208.85,77.8,165.01,7488.64,0,0,9
2025-06-01,enterprise,mid_market,apac,3978.93,131.25,126.69,37.12,94.89,4104.86,0,0,5
2025-06-01,enterprise,mid_market,latam,2327.44,89.02,37.46,14.94,63.01,2375.97,0,0,3
2025-06-01,enterprise,enterprise,us,57411.22,1824.7,3106.48,895.56,626.18,60820.67,0,0,8
2025-06-01,enterprise,enterprise,eu,33598.52,1105.94,1709.46,544.95,373.31,35495.65,0,0,5
2025-06-01,enterprise,enterprise,apac,18887.89,729.95,777.9,285.9,198.72,19911.14,0,0,3
2025-06-01,enterprise,enterprise,latam,10601.98,402.07,329.6,115.06,119.98,11098.61,0,0,2
2025-07-01,starter,smb,us,15789.14,523.42,285.11,93.97,957.62,15546.07,6,11,173
2025-07-01,starter,smb,eu,9979.87,304.91,145.3,54.28,543.43,9832.38,3,6,109
2025-07-01,starter,smb,apac,5823.71,234.27,97.99,29.68,366.74,5759.55,3,4,64
2025-07-01,starter,smb,latam,3394.39,114.25,32.14,13.13,200.23,3327.43,1,2,37
2025-07-01,starter,mid_market,us,4047.92,153.74,134.59,45.39,96.98,4193.88,0,0,5
2025-07-01,starter,mid_market,eu,2465.24,90.76,71.39,26.23,64.27,2536.89,0,0,3
2025-07-01,starter,mid_market,apac,1374.46,55.05,40.79,15.28,36.22,1418.8,0,0,2
2025-07-01,starter,mid_market,latam,780.3,30.92,12.95,5.23,21.45,797.49,0,0,1
2025-07-01,starter,enterprise,us,1084.78,34.32,61.11,17.09,11.4,1151.72,0,0,1
2025-07-01,starter,enterprise,eu,636.7,23.03,29.51,10.63,6.72,671.89,0,0,1
2025-07-01,starter,enterprise,apac,360.22,11.93,14.66,5.53,3.78,377.5,0,0,1
2025-07-01,starter,enterprise,latam,199.15,7.1,5.34,2.28,2.09,207.22,0,0,1
2025-07-01,pro,smb,us,11207.13,446.42,228.44,73.96,697.43,11110.6,5,8,123
2025-07-01,pro,smb,eu,6897.66,250.44,133.58,39.34,419.91,6822.42,3,5,76
2025-07-01,pro,smb,apac,3916.64,136.45,56.82,23.15,223.42,3863.33,2,2,43
2025-07-01,pro,smb,latam,2206.19,66.84,19.49,6.77,124.17,2161.58,1,1,24
2025-07-01,pro,mid_market,us,23805.64,949.45,768.8,271.11,629.71,24623.07,1,1,29
2025-07-01,pro,mid_market,eu,13703.22,418.42,436.69,171.74,285.62,14100.97,0,0,17
2025-07-01,pro,mid_market,apac,7890.02,273.81,234.54,79.86,214.21,8104.29,0,0,10
2025-07-01,pro,mid_market,latam,4462.95,161.06,87.87,24.45,110.45,4576.98,0,0,5
2025-07-01,pro,enterprise,us,4422.58,140.74,208.91,89.19,52.95,4630.09,0,0,1
2025-07-01,pro,enterprise,eu,2693.32,107.63,119.27,44.09,27.29,2848.83,0,0,1
2025-07-01,pro,enterprise,apac,1489.26,50.76,65.74,23.34,13.97,1568.45,0,0,1
2025-07-01,pro,enterprise,latam,837.15,32.67,22.91,9.56,9.49,873.69,0,0,1
2025-07-01,business,smb,us,3641.19,129.57,58.86,24.98,222.25,3582.39,1,2,40
2025-07-01,business,smb,eu,2216.09,83.28,38.77,13.3,135.24,2189.6,1,2,24
2025-07-01,business,smb,apac,1298.05,42.76,21.58,6.37,68.26,1287.75,0,1,14
2025-07-01,business,smb,latam,717.77,22.85,7.96,2.14,45.03,701.4,0,1,8
2025-07-01,business,mid_market,us,28144.68,1035.46,824.58,355.6,757.59,28891.53,1,1,34
2025-07-01,business,mid_market,eu,16957.63,584.28,546.82,174.14,428.48,17486.12,1,1,21
2025-07-01,business,mid_market,apac,9272.45,295.5,270.14,110.33,226.76,9501.0,0,0,11
2025-07-01,business,mid_market,latam,5337.31,180.43,108.12,33.42,120.0,5472.43,0,0,6
2025-07-01,business,enterprise,us,20521.66,787.76,975.66,328.1,214.93,21742.05,0,0,3
2025-07-01,business,enterprise,eu,11889.66,376.93,668.86,229.12,139.27,12567.07,0,0,2
2025-07-01,business,enterprise,apac,6706.08,259.75,346.74,111.21,76.25,7125.12,0,0,1
2025-07-01,business,enterprise,latam,3594.82,123.97,92.37,38.07,38.3,3734.79,0,0,1
2025-07-01,enterprise,smb,us,631.3,23.97,12.43,3.7,33.3,630.69,0,0,7
2025-07-01,enterprise,smb,eu,381.74,14.13,5.56,2.57,23.49,375.38,0,0,4
2025-07-01,enterprise,smb,apac,210.32,7.81,3.19,1.33,12.27,207.72,0,0,2
2025-07-01,enterprise,smb,latam,121.39,3.76,1.33,0.38,7.18,118.92,0,0,1
2025-07-01,enterprise,mid_market,us,12126.62,424.14,399.88,123.08,325.94,12501.63,0,0,15
2025-07-01,enterprise,mid_market,eu,7488.64,255.25,215.24,91.05,172.76,7695.32,0,0,9
2025-07-01,enterprise,mid_market,apac,4104.86,132.56,125.91,37.05,87.71,4238.56,0,0,5
2025-07-01,enterprise,mid_market,latam,2375.97,90.84,44.22,13.54,57.31,2440.17,0,0,3
2025-07-01,enterprise,enterprise,us,60820.67,2456.59,3203.64,969.86,645.59,64865.44,0,0,9
2025-07-01,enterprise,enterprise,eu,35495.65,1368.18,1709.89,644.77,364.47,37564.48,0,0,5
2025-07-01,enterprise,enterprise,apac,19911.14,771.66,815.35,329.52,193.21,20975.41,0,0,3
2025-07-01,enterprise,enterprise,latam,11098.61,370.72,334.41,102.96,103.99,11596.78,0,0,2
2025-08-01,starter,smb,us,15546.07,618.03,318.32,96.57,987.06,15398.79,7,11,171
2025-08-01,starter,smb,eu,9832.38,343.94,188.45,59.1,623.52,9682.14,4,7,108
2025-08-01,starter,smb,apac,5759.55,221.36,101.85,30.2,338.46,5714.11,2,4,63
2025-08-01,starter,smb,latam,3327.43,115.44,37.62,9.85,193.92,3276.72,1,2,36
2025-08-01,starter,mid_market,us,4193.88,155.66,153.45,47.98,99.82,4355.19,0,0,5
2025-08-01,starter,mid_market,eu,2536.89,96.27,83.65,24.99,65.12,2626.69,0,0,3
2025-08-01,starter,mid_market,apac,1418.8,43.89,47.22,13.63,29.76,1466.52,0,0,2
2025-08-01,starter,mid_market,latam,797.49,25.07,14.9,5.02,18.27,814.18,0,0,1
2025-08-01,starter,enterprise,us,1151.72,40.84,52.07,19.4,12.98,1212.25,0,0,1
2025-08-01,starter,enterprise,eu,671.89,24.58,37.0,13.2,7.29,712.98,0,0,1
2025-08-01,starter,enterprise,apac,377.5,14.86,16.07,6.67,4.64,397.13,0,0,1
2025-08-01,starter,enterprise,latam,207.22,6.75,5.92,1.78,2.31,215.8,0,0,1
2025-08-01,pro,smb,us,11110.6,435.08,220.84,65.72,677.14,11023.67,5,8,122
2025-08-01,pro,smb,eu,6822.42,266.84,112.51,44.17,387.83,6769.77,3,4,75
2025-08-01,pro,smb,apac,3863.33,141.24,64.69,23.6,226.18,3819.47,2,3,42
2025-08-01,pro,smb,latam,2161.58,79.28,20.2,7.6,108.45,2145.01,1,1,24
2025-08-01,pro,mid_market,us,24623.07,962.84,752.79,314.26,610.36,25414.08,1,1,30
2025-08-01,pro,mid_market,eu,14100.97,567.93,436.36,172.03,317.13,14616.1,1,0,17
2025-08-01,pro,mid_market,apac,8104.29,286.17,209.49,89.27,219.18,8291.52,0,0,10
2025-08-01,pro,mid_market,latam,4576.98,142.42,91.97,30.51,97.83,4683.03,0,0,6
2025-08-01,pro,enterprise,us,4630.09,163.05,270.73,90.73,52.31,4920.83,0,0,1
2025-08-01,pro,enterprise,eu,2848.83,115.56,127.09,45.65,29.79,3016.04,0,0,1
2025-08-01,pro,enterprise,apac,1568.45,47.88,65.12,25.15,16.69,1639.6,0,0,1
2025-08-01,pro,enterprise,latam,873.69,35.17,26.94,7.94,8.77,919.09,0,0,1
2025-08-01,business,smb,us,3582.39,108.28,65.54,20.84,209.53,3525.84,1,2,39
2025-08-01,business,smb,eu,2189.6,77.93,39.13,15.01,130.73,2160.93,1,1,24
2025-08-01,business,smb,apac,1287.75,51.83,20.52,7.43,81.9,1270.77,1,1,14
2025-08-01,business,smb,latam,701.4,24.0,5.95,2.34,35.98,693.03,0,0,8
2025-08-01,business,mid_market,us,28891.53,1074.86,1074.08,334.23,620.72,30085.53,1,1,35
2025-08-01,business,mid_market,eu,17486.12,582.79,590.09,183.72,426.93,18048.35,1,1,21
2025-08-01,business,mid_market,apac,9501.0,328.56,269.08,105.33,248.72,9744.59,0,0,11
2025-08-01,business,mid_market,latam,5472.43,213.0,101.82,31.05,116.06,5640.13,0,0,7
2025-08-01,business,enterprise,us,21742.05,669.43,1178.06,411.36,268.15,22910.02,0,0,3
2025-08-01,business,enterprise,eu,12567.07,478.74,614.01,186.7,120.78,13352.35,0,0,2
2025-08-01,business,enterprise,apac,7125.12,218.78,359.01,133.86,75.39,7493.66,0,0,1
2025-08-01,business,enterprise,latam,3734.79,121.77,121.69,39.84,42.66,3895.74,0,0,1
2025-08-01,enterprise,smb,us,630.69,19.68,10.21,3.73,36.66,620.19,0,0,7
2025-08-01,enterprise,smb,eu,375.38,12.12,5.99,2.18,21.42,369.89,0,0,4
2025-08-01,enterprise,smb,apac,207.72,6.36,2.92,1.16,12.88,202.95,0,0,2
2025-08-01,enterprise,smb,latam,118.92,3.84,1.23,0.44,7.58,115.97,0,0,1
2025-08-01,enterprise,mid_market,us,12501.63,485.17,446.7,124.01,335.38,12974.1,1,0,15
2025-08-01,enterprise,mid_market,eu,7695.32,244.29,259.71,73.28,174.03,7952.02,0,0,9
2025-08-01,enterprise,mid_market,apac,4238.56,130.02,137.26,42.89,107.43,4355.52,0,0,5
2025-08-01,enterprise,mid_market,latam,2440.17,86.1,49.53,16.58,54.2,2505.01,0,0,3
2025-08-01,enterprise,enterprise,us,64865.44,2019.94,3211.95,1211.7,678.12,68207.51,0,0,9
2025-08-01,enterprise,enterprise,eu,37564.48,1182.89,1976.69,664.27,359.26,39700.52,0,0,6
2025-08-01,enterprise,enterprise,apac,20975.41,766.46,917.09,334.07,207.62,22117.27,0,0,3
2025-08-01,enterprise,enterprise,latam,11596.78,459.55,358.35,131.51,137.11,12146.06,0,0,2
2025-09-01,starter,smb,us,15398.79,507.79,236.09,85.79,897.75,15159.13,6,10,168
2025-09-01,starter,smb,eu,9682.14,364.39,152.53,60.01,516.48,9622.57,4,6,107
2025-09-01,starter,smb,apac,5714.11,213.83,94.53,34.16,322.51,5665.79,2,4,63
2025-09-01,starter,smb,latam,3276.72,105.67,30.79,12.58,212.24,3188.35,1,2,35
2025-09-01,starter,mid_market,us,4355.19,145.98,140.47,51.33,107.31,4482.99,0,0,5
2025-09-01,starter,mid_market,eu,2626.69,82.48,79.14,24.63,66.0,2697.67,0,0,3
2025-09-01,starter,mid_market,apac,1466.52,53.18,41.95,15.48,37.23,1508.95,0,0,2
2025-09-01,starter,mid_market,latam,814.18,26.57,15.38,5.83,22.26,828.03,0,0,1
2025-09-01,starter,enterprise,us,1212.25,42.08,62.81,20.99,13.92,1282.22,0,0,1
2025-09-01,starter,enterprise,eu,712.98,22.76,36.02,13.96,8.37,749.43,0,0,1
2025-09-01,starter,enterprise,apac,397.13,15.74,16.82,7.05,4.55,418.09,0,0,1
2025-09-01,starter,enterprise,latam,215.8,7.55,5.51,2.36,2.05,224.46,0,0,1
2025-09-01,pro,smb,us,11023.67,413.6,176.5,77.18,603.31,10933.28,5,7,121
2025-09-01,pro,smb,eu,6769.77,254.62,109.87,35.67,408.69,6689.9,3,5,74
2025-09-01,pro,smb,apac,3819.47,117.88,54.91,19.68,230.47,3742.11,1,3,42
2025-09-01,pro,smb,latam,2145.01,85.46,22.97,6.53,112.53,2134.37,1,1,24
2025-09-01,pro,mid_market,us,25414.08,826.29,714.08,294.07,604.66,26055.71,1,1,31
2025-09-01,pro,mid_market,eu,14616.1,513.18,446.11,178.16,312.39,15084.83,1,0,18
2025-09-01,pro,mid_market,apac,8291.52,288.96,283.19,98.09,169.69,8595.88,0,0,10
2025-09-01,pro,mid_market,latam,4683.03,154.36,88.97,29.84,112.52,4783.99,0,0,6
2025-09-01,pro,enterprise,us,4920.83,153.54,275.19,89.6,48.03,5211.95,0,0,1
2025-09-01,pro,enterprise,eu,3016.04,121.82,155.13,52.79,34.69,3205.51,0,0,1
2025-09-01,pro,enterprise,apac,1639.6,49.4,81.76,23.33,20.15,1727.28,0,0,1
2025-09-01,pro,enterprise,latam,919.09,36.72,25.22,8.84,10.33,961.85,0,0,1
2025-09-01,business,smb,us,3525.84,130.33,54.26,24.86,225.97,3459.61,1,3,38
2025-09-01,business,smb,eu,2160.93,80.01,40.29,14.71,127.0,2139.52,1,1,24
2025-09-01,business,smb,apac,1270.77,46.51,22.83,6.9,76.21,1257.0,1,1,14
2025-09-01,business,smb,latam,693.03,25.15,7.72,2.06,41.87,681.97,0,0,8
2025-09-01,business,mid_market,us,30085.53,1207.28,872.42,309.15,825.21,31030.86,1,1,37
2025-09-01,business,mid_market,eu,18048.35,648.03,490.11,177.12,465.78,18543.58,1,1,22
2025-09-01,business,mid_market,apac,9744.59,312.18,302.71,87.81,253.42,10018.25,0,0,12
2025-09-01,business,mid_market,latam,5640.13,225.89,111.04,37.33,121.3,5818.44,0,0,7
2025-09-01,business,enterprise,us,22910.02,733.07,1240.86,441.99,241.4,24200.56,0,0,3
2025-09-01,business,enterprise,eu,13352.35,475.78,693.5,254.12,130.6,14136.91,0,0,2
2025-09-01,business,enterprise,apac,7493.66,290.16,366.09,119.5,72.09,7958.32,0,0,1
2025-09-01,business,enterprise,latam,3895.74,149.49,123.03,39.5,43.14,4085.62,0,0,1
2025-09-01,enterprise,smb,us,620.19,22.37,12.61,4.21,35.32,615.64,0,0,7
2025-09-01,enterprise,smb,eu,369.89,11.76,5.81,2.21,23.65,361.6,0,0,4
2025-09-01,enterprise,smb,apac,202.95,7.54,3.58,1.02,10.73,202.32,0,0,2
2025-09-01,enterprise,smb,latam,115.97,4.34,1.24,0.42,7.49,113.65,0,0,1
2025-09-01,enterprise,mid_market,us,12974.1,525.18,418.57,167.58,282.54,13467.73,1,0,16
2025-09-01,enterprise,mid_market,eu,7952.02,269.43,227.51,81.62,167.72,8199.62,0,0,10
2025-09-01,enterprise,mid_market,apac,4355.52,157.21,128.74,49.17,94.44,4497.87,0,0,5
2025-09-01,enterprise,mid_market,latam,2505.01,81.03,47.55,16.75,68.63,2548.21,0,0,3
2025-09-01,enterprise,enterprise,us,68207.51,2315.7,3174.15,1117.73,862.56,71717.08,0,0,10
2025-09-01,enterprise,enterprise,eu,39700.52,1313.01,2169.38,776.07,441.61,41965.23,0,0,6
2025-09-01,enterprise,enterprise,apac,22117.27,855.24,1184.64,403.96,237.24,23515.96,0,0,3
2025-09-01,enterprise,enterprise,latam,12146.06,466.23,317.05,110.9,148.19,12670.25,0,0,2
2025-10-01,starter,smb,us,15159.13,526.54,304.89,107.59,828.23,15054.74,6,9,167
2025-10-01,starter,smb,eu,9622.57,365.08,141.76,49.4,526.78,9553.24,4,6,106
2025-10-01,starter,smb,apac,5665.79,205.51,82.16,33.17,347.53,5572.76,2,4,62
2025-10-01,starter,smb,latam,3188.35,117.78,33.77,12.69,165.12,3162.08,1,2,35
2025-10-01,starter,mid_market,us,4482.99,149.92,168.65,54.92,103.64,4643.01,0,0,5
2025-10-01,starter,mid_market,eu,2697.67,96.4,77.3,29.64,61.97,2779.75,0,0,3
2025-10-01,starter,mid_market,apac,1508.95,52.81,41.6,13.56,34.66,1555.14,0,0,2
2025-10-01,starter,mid_market,latam,828.03,31.21,13.69,5.0,21.84,846.09,0,0,1
2025-10-01,starter,enterprise,us,1282.22,42.12,70.3,23.41,12.68,1358.54,0,0,1
2025-10-01,starter,enterprise,eu,749.43,24.56,36.02,12.53,8.51,788.97,0,0,1
2025-10-01,starter,enterprise,apac,418.09,14.83,19.95,6.65,5.06,441.16,0,0,1
2025-10-01,starter,enterprise,latam,224.46,6.97,6.84,1.95,2.56,233.75,0,0,1
2025-10-01,pro,smb,us,10933.28,425.61,183.02,72.92,632.2,10836.78,5,7,120
2025-10-01,pro,smb,eu,6689.9,231.49,101.95,43.87,391.96,6587.51,3,4,73
2025-10-01,pro,smb,apac,3742.11,135.83,63.77,21.87,248.96,3670.89,2,3,41
2025-10-01,pro,smb,latam,2134.37,67.44,23.77,6.55,116.05,2102.98,1,1,23
2025-10-01,pro,mid_market,us,26055.71,802.8,889.91,342.04,593.9,26812.49,1,1,32
2025-10-01,pro,mid_market,eu,15084.83,570.89,531.88,174.72,392.68,15620.2,1,0,18
2025-10-01,pro,mid_market,apac,8595.88,290.06,224.03,77.34,219.15,8813.5,0,0,10
2025-10-01,pro,mid_market,latam,4783.99,144.51,82.25,28.89,103.53,4878.33,0,0,6
2025-10-01,pro,enterprise,us,5211.95,177.89,241.98,107.47,56.6,5467.74,0,0,1
2025-10-01,pro,enterprise,eu,3205.51,102.29,145.49,48.38,39.4,3365.51,0,0,1
2025-10-01,pro,enterprise,apac,1727.28,64.81,74.7,28.77,20.5,1817.52,0,0,1
2025-10-01,pro,enterprise,latam,961.85,38.67,27.36,8.26,9.49,1010.13,0,0,1
2025-10-01,business,smb,us,3459.61,131.48,62.36,24.34,198.25,3430.86,1,2,38
2025-10-01,business,smb,eu,2139.52,75.48,32.97,13.01,140.43,2094.53,1,2,23
2025-10-01,business,smb,apac,1257.0,41.73,23.15,6.2,80.91,1234.77,0,1,14
2025-10-01,business,smb,latam,681.97,25.06,6.73,2.24,43.69,667.83,0,0,7
2025-10-01,business,mid_market,us,31030.86,1075.73,1134.37,319.9,789.86,32131.2,1,1,38
2025-10-01,business,mid_market,eu,18543.58,681.8,527.62,195.99,384.48,19172.54,1,0,23
2025-10-01,business,mid_market,apac,10018.25,328.97,334.99,91.86,239.94,10350.41,0,0,12
2025-10-01,business,mid_market,latam,5818.44,183.51,95.44,42.41,159.79,5895.19,0,0,7
2025-10-01,business,enterprise,us,24200.56,870.03,1217.36,434.2,261.01,25592.74,0,0,4
2025-10-01,business,enterprise,eu,14136.91,482.6,732.61,223.96,174.24,14953.91,0,0,2
2025-10-01,business,enterprise,apac,7958.32,267.06,414.71,139.31,95.81,8404.98,0,0,1
2025-10-01,business,enterprise,latam,4085.62,138.63,112.71,43.25,44.68,4249.03,0,0,1
2025-10-01,enterprise,smb,us,615.64,22.34,10.41,3.35,31.73,613.31,0,0,7
2025-10-01,enterprise,smb,eu,361.6,13.03,5.65,2.27,21.64,356.38,0,0,4
2025-10-01,enterprise,smb,apac,202.32,7.35,3.04,1.22,12.99,198.51,0,0,2
2025-10-01,enterprise,smb,latam,113.65,3.78,1.09,0.36,6.89,111.26,0,0,1
2025-10-01,enterprise,mid_market,us,13467.73,538.53,470.05,155.99,351.43,13968.89,1,0,16
2025-10-01,enterprise,mid_market,eu,8199.62,319.47,237.92,81.51,209.72,8465.79,0,0,10
2025-10-01,enterprise,mid_market,apac,4497.87,164.21,152.05,48.55,121.64,4643.93,0,0,5
2025-10-01,enterprise,mid_market,latam,2548.21,83.39,44.96,14.92,68.05,2593.59,0,0,3
2025-10-01,enterprise,enterprise,us,71717.08,2698.65,4008.65,1421.63,728.0,76274.76,0,0,11
2025-10-01,enterprise,enterprise,eu,41965.23,1304.8,2233.76,803.36,502.47,44197.96,0,0,6
2025-10-01,enterprise,enterprise,apac,23515.96,790.58,1219.14,369.44,234.58,24921.66,0,0,3
2025-10-01,enterprise,enterprise,latam,12670.25,501.23,313.36,129.29,142.73,13212.81,0,0,2
2025-11-01,starter,smb,us,15054.74,566.69,267.55,105.44,797.81,14985.73,6,9,167
2025-11-01,starter,smb,eu,9553.24,308.72,152.82,53.28,622.21,9339.29,3,7,104
2025-11-01,starter,smb,apac,5572.76,212.56,82.81,31.64,315.91,5520.58,2,4,61
2025-11-01,starter,smb,latam,3162.08,109.29,27.29,11.51,203.79,3083.37,1,2,34
2025-11-01,starter,mid_market,us,4643.01,182.54,160.04,58.19,118.06,4809.35,0,0,6
2025-11-01,starter,mid_market,eu,2779.75,91.98,78.83,30.25,62.72,2857.58,0,0,3
2025-11-01,starter,mid_market,apac,1555.14,49.03,49.02,13.77,35.19,1604.23,0,0,2
2025-11-01,starter,mid_market,latam,846.09,28.03,15.55,5.18,21.7,862.79,0,0,1
2025-11-01,starter,enterprise,us,1358.54,55.22,74.0,25.41,16.95,1445.41,0,0,1
2025-11-01,starter,enterprise,eu,788.97,26.0,37.93,11.97,7.55,833.38,0,0,1
2025-11-01,starter,enterprise,apac,441.16,16.71,17.56,7.59,4.96,462.88,0,0,1
2025-11-01,starter,enterprise,latam,233.75,7.61,7.18,2.17,2.89,243.48,0,0,1
2025-11-01,pro,smb,us,10836.78,350.04,186.12,65.71,553.05,10754.17,4,6,119
2025-11-01,pro,smb,eu,6587.51,223.22,115.79,39.1,346.76,6540.65,2,4,73
2025-11-01,pro,smb,apac,3670.89,117.81,64.0,23.28,207.41,3622.01,1,2,40
2025-11-01,pro,smb,latam,2102.98,74.3,22.89,6.94,112.73,2080.51,1,1,23
2025-11-01,pro,mid_market,us,26812.49,1004.53,807.65,283.04,615.02,27726.6,1,1,33
2025-11-01,pro,mid_market,eu,15620.2,602.3,443.33,181.88,377.05,16106.89,1,0,19
2025-11-01,pro,mid_market,apac,8813.5,324.6,286.0,97.82,197.04,9129.24,0,0,11
2025-11-01,pro,mid_market,latam,4878.33,186.41,80.01,30.0,99.83,5014.91,0,0,6
2025-11-01,pro,enterprise,us,5467.74,204.03,248.85,92.12,59.07,5769.43,0,0,1
2025-11-01,pro,enterprise,eu,3365.51,109.95,171.61,66.68,35.22,3545.18,0,0,1
2025-11-01,pro,enterprise,apac,1817.52,65.69,94.3,26.75,22.49,1928.27,0,0,1
2025-11-01,pro,enterprise,latam,1010.13,31.86,33.17,9.73,10.23,1055.21,0,0,1
2025-11-01,business,smb,us,3430.86,108.85,59.82,22.64,216.13,3360.75,1,2,37
2025-11-01,business,smb,eu,2094.53,80.35,33.53,10.87,107.54,2090.0,1,1,23
2025-11-01,business,smb,apac,1234.77,39.72,20.08,8.03,81.83,1204.72,0,1,13
2025-11-01,business,smb,latam,667.83,25.28,6.94,2.05,34.02,663.98,0,0,7
2025-11-01,business,mid_market,us,32131.2,1122.18,1133.16,384.8,674.74,33327.0,1,1,39
2025-11-01,business,mid_market,eu,19172.54,606.79,517.89,209.16,412.36,19675.71,1,0,23
2025-11-01,business,mid_market,apac,10350.41,360.79,307.98,123.7,245.07,10650.42,0,0,13
2025-11-01,business,mid_market,latam,5895.19,217.39,95.45,34.22,139.36,6034.44,0,0,7
2025-11-01,business,enterprise,us,25592.74,874.89,1209.94,434.4,270.74,26972.42,0,0,4
2025-11-01,business,enterprise,eu,14953.91,552.6,845.39,253.66,148.68,15949.57,0,0,2
2025-11-01,business,enterprise,apac,8404.98,273.15,362.73,145.44,79.39,8816.03,0,0,1
2025-11-01,business,enterprise,latam,4249.03,169.7,112.4,39.65,51.73,4439.76,0,0,1
2025-11-01,enterprise,smb,us,613.31,21.57,11.55,3.29,37.84,605.3,0,0,7
2025-11-01,enterprise,smb,eu,356.38,13.54,6.89,2.44,19.32,355.05,0,0,4
2025-11-01,enterprise,smb,apac,198.51,7.17,3.13,1.04,10.96,196.8,0,0,2
2025-11-01,enterprise,smb,latam,111.26,4.26,1.19,0.35,6.6,109.76,0,0,1
2025-11-01,enterprise,mid_market,us,13968.89,512.37,444.55,183.75,289.43,14452.64,1,0,17
2025-11-01,enterprise,mid_market,eu,8465.79,305.44,244.25,105.67,183.46,8726.34,0,0,10
2025-11-01,enterprise,mid_market,apac,4643.93,176.95,148.28,51.86,115.36,4801.94,0,0,6
2025-11-01,enterprise,mid_market,latam,2593.59,105.48,45.19,18.5,67.57,2658.18,0,0,3
2025-11-01,enterprise,enterprise,us,76274.76,3070.92,4192.85,1192.1,831.44,81514.98,0,0,11
2025-11-01,enterprise,enterprise,eu,44197.96,1720.31,2109.95,872.2,533.65,46622.37,0,0,6
2025-11-01,enterprise,enterprise,apac,24921.66,810.65,1086.87,393.53,313.15,26112.49,0,0,4
2025-11-01,enterprise,enterprise,latam,13212.81,461.51,420.63,127.18,156.33,13811.45,0,0,2
2025-12-01,starter,smb,us,14985.73,515.19,268.92,106.5,911.0,14752.35,6,10,164
2025-12-01,starter,smb,eu,9339.29,363.24,163.35,50.36,507.72,9307.8,4,6,103
2025-12-01,starter,smb,apac,5520.58,220.51,84.92,30.48,336.41,5459.13,2,4,61
2025-12-01,starter,smb,latam,3083.37,101.3,27.04,11.25,162.45,3038.01,1,2,34
2025-12-01,starter,mid_market,us,4809.35,170.7,170.22,57.84,101.67,4990.77,0,0,6
2025-12-01,starter,mid_market,eu,2857.58,109.97,84.8,35.09,74.4,2942.86,0,0,3
2025-12-01,starter,mid_market,apac,1604.23,56.46,44.25,15.84,40.51,1648.58,0,0,2
2025-12-01,starter,mid_market,latam,862.79,26.39,14.18,5.37,18.24,879.75,0,0,1
2025-12-01,starter,enterprise,us,1445.41,49.76,75.56,26.83,16.66,1527.24,0,0,1
2025-12-01,starter,enterprise,eu,833.38,30.45,44.45,14.46,8.75,885.07,0,0,1
2025-12-01,starter,enterprise,apac,462.88,17.65,24.8,6.76,4.86,493.7,0,0,1
2025-12-01,starter,enterprise,latam,243.48,8.99,6.77,2.33,3.02,253.88,0,0,1
2025-12-01,pro,smb,us,10754.17,432.22,188.21,74.5,584.21,10715.89,5,6,119
2025-12-01,pro,smb,eu,6540.65,226.75,107.09,34.85,355.09,6484.55,3,4,72
2025-12-01,pro,smb,apac,3622.01,125.33,50.03,22.14,234.9,3540.32,1,3,39
2025-12-01,pro,smb,latam,2080.51,79.47,22.86,7.26,116.13,2059.45,1,1,23
2025-12-01,pro,mid_market,us,27726.6,952.2,818.96,284.12,700.54,28513.1,1,1,34
2025-12-01,pro,mid_market,eu,16106.89,656.88,495.47,186.17,442.46,16630.6,1,1,20
2025-12-01,pro,mid_market,apac,9129.24,333.57,309.22,92.87,238.27,9440.9,0,0,11
2025-12-01,pro,mid_market,latam,5014.91,170.87,86.66,32.03,138.2,5102.22,0,0,6
2025-12-01,pro,enterprise,us,5769.43,194.6,269.27,89.82,57.78,6085.7,0,0,1
2025-12-01,pro,enterprise,eu,3545.18,134.96,175.08,59.12,35.15,3760.96,0,0,1
2025-12-01,pro,enterprise,apac,1928.27,78.49,86.46,36.06,22.62,2034.54,0,0,1
2025-12-01,pro,enterprise,latam,1055.21,39.97,30.68,10.13,13.15,1102.58,0,0,1
2025-12-01,business,smb,us,3360.75,105.7,56.22,20.81,200.1,3301.76,1,2,37
2025-12-01,business,smb,eu,2090.0,79.81,30.82,13.7,115.27,2071.67,1,1,23
2025-12-01,business,smb,apac,1204.72,47.82,22.44,6.59,71.16,1197.23,1,1,13
2025-12-01,business,smb,latam,663.98,21.24,5.63,2.2,37.51,651.13,0,0,7
2025-12-01,business,mid_market,us,33327.0,1168.89,1250.46,354.33,684.64,34707.39,1,1,41
2025-12-01,business,mid_market,eu,19675.71,659.04,657.58,220.09,534.58,20237.66,1,1,24
2025-12-01,business,mid_market,apac,10650.42,380.53,333.57,124.25,263.07,10977.2,0,0,13
2025-12-01,business,mid_market,latam,6034.44,246.07,99.6,43.03,130.47,6206.62,0,0,7
2025-12-01,business,enterprise,us,26972.42,847.99,1271.61,439.95,253.55,28398.51,0,0,4
2025-12-01,business,enterprise,eu,15949.57,609.25,676.05,243.64,184.14,16807.09,0,0,2
2025-12-01,business,enterprise,apac,8816.03,337.44,450.96,158.11,95.27,9351.06,0,0,1
2025-12-01,business,enterprise,latam,4439.76,155.89,119.22,47.52,53.44,4613.9,0,0,1
2025-12-01,enterprise,smb,us,605.3,20.53,9.35,3.82,38.34,593.02,0,0,7
2025-12-01,enterprise,smb,eu,355.05,11.24,6.36,2.27,21.14,349.25,0,0,4
2025-12-01,enterprise,smb,apac,196.8,6.92,3.6,1.01,12.45,193.85,0,0,2
2025-12-01,enterprise,smb,latam,109.76,3.42,1.09,0.35,5.84,108.08,0,0,1
2025-12-01,enterprise,mid_market,us,14452.64,575.33,461.39,157.62,345.94,14985.79,1,0,18
2025-12-01,enterprise,mid_market,eu,8726.34,328.98,285.87,107.53,226.08,9007.58,0,0,11
2025-12-01,enterprise,mid_market,apac,4801.94,165.76,149.48,42.97,99.33,4974.89,0,0,6
2025-12-01,enterprise,mid_market,latam,2658.18,93.21,48.35,17.11,68.5,2714.14,0,0,3
2025-12-01,enterprise,enterprise,us,81514.98,2474.47,4362.05,1286.28,773.12,86292.11,0,0,12
2025-12-01,enterprise,enterprise,eu,46622.37,1586.21,2514.8,835.58,468.49,49419.32,0,0,7
2025-12-01,enterprise,enterprise,apac,26112.49,919.43,1134.23,459.9,261.34,27444.91,0,0,4
2025-12-01,enterprise,enterprise,latam,13811.45,473.8,425.11,157.72,165.12,14387.51,0,0,2
2026-01-01,starter,smb,us,14752.35,596.85,250.81,92.56,745.75,14761.69,7,8,164
2026-01-01,starter,smb,eu,9307.8,284.3,146.35,49.17,485.23,9204.05,3,5,102
2026-01-01,starter,smb,apac,5459.13,168.77,93.13,27.13,346.14,5347.75,2,4,59
2026-01-01,starter,smb,latam,3038.01,115.7,33.29,10.63,201.52,2974.85,1,2,33
2026-01-01,starter,mid_market,us,4990.77,185.52,154.19,53.78,105.59,5171.11,0,0,6
2026-01-01,starter,mid_market,eu,2942.86,95.83,88.1,29.33,74.52,3022.94,0,0,4
2026-01-01,starter,mid_market,apac,1648.58,59.75,43.91,18.49,40.93,1692.81,0,0,2
2026-01-01,starter,mid_market,latam,879.75,26.94,18.15,4.84,21.63,898.37,0,0,1
2026-01-01,starter,enterprise,us,1527.24,61.53,87.13,25.61,16.0,1634.29,0,0,1
2026-01-01,starter,enterprise,eu,885.07,29.66,41.57,13.74,8.87,933.69,0,0,1
2026-01-01,starter,enterprise,apac,493.7,16.69,22.42,8.04,5.82,518.96,0,0,1
2026-01-01,starter,enterprise,latam,253.88,8.12,8.05,2.45,2.54,265.06,0,0,1
2026-01-01,pro,smb,us,10715.89,354.64,185.96,67.35,648.74,10540.4,4,7,117
2026-01-01,pro,smb,eu,6484.55,263.57,124.57,37.28,420.0,6415.42,3,5,71
2026-01-01,pro,smb,apac,3540.32,108.29,52.79,18.17,176.42,3506.8,1,2,39
2026-01-01,pro,smb,latam,2059.45,66.87,21.74,7.01,103.89,2037.15,1,1,23
2026-01-01,pro,mid_market,us,28513.1,1097.67,802.37,348.71,592.19,29472.24,1,1,35
2026-01-01,pro,mid_market,eu,16630.6,527.37,560.04,184.17,444.18,17089.67,1,1,20
2026-01-01,pro,mid_market,apac,9440.9,362.55,262.25,103.24,226.59,9735.87,0,0,11
2026-01-01,pro,mid_market,latam,5102.22,206.25,83.99,35.2,130.87,5226.4,0,0,6
2026-01-01,pro,enterprise,us,6085.7,226.27,328.77,118.31,61.38,6461.04,0,0,1
2026-01-01,pro,enterprise,eu,3760.96,116.11,202.18,56.46,45.03,3977.76,0,0,1
2026-01-01,pro,enterprise,apac,2034.54,69.03,87.1,37.55,22.38,2130.74,0,0,1
2026-01-01,pro,enterprise,latam,1102.58,40.74,34.91,10.72,11.41,1156.1,0,0,1
2026-01-01,business,smb,us,3301.76,100.08,50.91,21.98,190.33,3240.43,1,2,36
2026-01-01,business,smb,eu,2071.67,72.93,33.67,14.05,117.33,2046.88,1,1,23
2026-01-01,business,smb,apac,1197.23,41.46,17.37,7.73,71.13,1177.19,0,1,13
2026-01-01,business,smb,latam,651.13,26.43,5.63,2.42,33.34,647.43,0,0,7
2026-01-01,business,mid_market,us,34707.39,1381.47,1029.58,387.74,743.37,35987.32,2,1,42
2026-01-01,business,mid_market,eu,20237.66,663.64,708.33,214.91,498.59,20896.13,1,1,25
2026-01-01,business,mid_market,apac,10977.2,387.46,285.44,121.85,251.21,11277.05,0,0,13
2026-01-01,business,mid_market,latam,6206.62,244.65,98.8,40.14,129.29,6380.64,0,0,8
2026-01-01,business,enterprise,us,28398.51,1133.06,1273.24,566.24,299.88,29938.69,0,0,4
2026-01-01,business,enterprise,eu,16807.09,572.12,726.48,323.62,177.78,17604.28,0,0,2
2026-01-01,business,enterprise,apac,9351.06,317.28,414.35,145.47,94.88,9842.34,0,0,1
2026-01-01,business,enterprise,latam,4613.9,146.54,125.48,41.06,49.46,4795.4,0,0,1
2026-01-01,enterprise,smb,us,593.02,20.01,11.14,3.25,31.96,588.96,0,0,7
2026-01-01,enterprise,smb,eu,349.25,10.77,6.06,2.25,19.3,344.53,0,0,4
2026-01-01,enterprise,smb,apac,193.85,7.56,2.7,1.25,12.49,190.37,0,0,2
2026-01-01,enterprise,smb,latam,108.08,3.97,0.94,0.41,6.51,106.07,0,0,1
2026-01-01,enterprise,mid_market,us,14985.79,534.35,490.0,162.1,331.02,15517.02,1,0,18
2026-01-01,enterprise,mid_market,eu,9007.58,328.55,306.67,112.23,189.67,9340.9,0,0,11
2026-01-01,enterprise,mid_market,apac,4974.89,169.87,142.08,56.22,119.68,5110.94,0,0,6
2026-01-01,enterprise,mid_market,latam,2714.14,89.09,42.95,16.4,56.47,2773.31,0,0,3
2026-01-01,enterprise,enterprise,us,86292.11,2979.97,4713.03,1544.33,987.98,91452.8,0,0,13
2026-01-01,enterprise,enterprise,eu,49419.32,1549.35,2289.83,862.07,607.97,51788.46,0,0,7
2026-01-01,enterprise,enterprise,apac,27444.91,922.34,1119.99,402.93,270.9,28813.41,0,0,4
2026-01-01,enterprise,enterprise,latam,14387.51,443.66,439.41,124.06,147.02,14999.51,0,0,2
2026-02-01,starter,smb,us,14761.69,582.79,245.08,102.71,920.68,14566.17,6,10,162
2026-02-01,starter,smb,eu,9204.05,372.4,180.31,50.64,476.88,9229.24,4,5,103
2026-02-01,starter,smb,apac,5347.75,165.21,80.76,27.1,274.16,5292.46,2,3,59
2026-02-01,starter,smb,latam,2974.85,93.38,28.61,11.05,151.13,2934.66,1,2,33
2026-02-01,starter,mid_market,us,5171.11,201.26,184.84,68.3,112.41,5376.5,0,0,6
2026-02-01,starter,mid_market,eu,3022.94,122.78,100.1,38.02,75.56,3132.23,0,0,4
2026-02-01,starter,mid_market,apac,1692.81,60.79,43.76,17.19,37.56,1742.62,0,0,2
2026-02-01,starter,mid_market,latam,898.37,29.47,17.55,6.03,22.66,916.69,0,0,1
2026-02-01,starter,enterprise,us,1634.29,64.5,93.25,33.82,15.83,1742.38,0,0,1
2026-02-01,starter,enterprise,eu,933.69,30.07,52.44,14.1,9.9,992.2,0,0,1
2026-02-01,starter,enterprise,apac,518.96,19.68,25.71,8.25,5.69,550.41,0,0,1
2026-02-01,starter,enterprise,latam,265.06,10.42,6.51,2.73,2.49,276.78,0,0,1
2026-02-01,pro,smb,us,10540.4,417.87,192.16,58.17,599.47,10492.78,5,7,117
2026-02-01,pro,smb,eu,6415.42,215.4,120.96,42.21,404.39,6305.19,2,4,70
2026-02-01,pro,smb,apac,3506.8,132.54,56.11,19.83,221.44,3454.19,1,2,38
2026-02-01,pro,smb,latam,2037.15,62.16,22.13,6.36,123.46,1991.63,1,1,22
2026-02-01,pro,mid_market,us,29472.24,1147.81,1090.45,329.16,735.6,30645.74,1,1,36
2026-02-01,pro,mid_market,eu,17089.67,553.68,547.62,211.08,383.12,17596.78,1,0,21
2026-02-01,pro,mid_market,apac,9735.87,393.34,269.82,101.71,259.32,10038.0,0,0,12
2026-02-01,pro,mid_market,latam,5226.4,176.19,81.48,33.95,125.36,5324.76,0,0,6
2026-02-01,pro,enterprise,us,6461.04,209.54,331.12,110.74,68.61,6822.35,0,0,1
2026-02-01,pro,enterprise,eu,3977.76,125.43,214.5,69.53,45.48,4202.68,0,0,1
2026-02-01,pro,enterprise,apac,2130.74,85.88,112.54,39.7,23.79,2265.67,0,0,1
2026-02-01,pro,enterprise,latam,1156.1,46.29,33.69,12.63,12.75,1210.69,0,0,1
2026-02-01,business,smb,us,3240.43,123.57,62.02,18.37,190.49,3217.16,1,2,36
2026-02-01,business,smb,eu,2046.88,74.8,31.82,12.99,102.01,2038.5,1,1,23
2026-02-01,business,smb,apac,1177.19,44.58,16.66,6.24,76.98,1155.21,0,1,13
2026-02-01,business,smb,latam,647.43,22.35,5.57,2.32,36.54,636.49,0,0,7
2026-02-01,business,mid_market,us,35987.32,1403.94,1136.87,385.73,770.34,37372.07,2,1,44
2026-02-01,business,mid_market,eu,20896.13,735.68,643.86,206.64,485.51,21583.51,1,1,25
2026-02-01,business,mid_market,apac,11277.05,387.13,288.5,119.99,245.68,11587.0,0,0,14
2026-02-01,business,mid_market,latam,6380.64,247.72,98.65,45.25,170.76,6511.0,0,0,8
2026-02-01,business,enterprise,us,29938.69,1218.99,1417.14,489.43,346.2,31739.19,0,0,4
2026-02-01,business,enterprise,eu,17604.28,597.1,818.83,314.74,212.21,18493.27,0,0,3
2026-02-01,business,enterprise,apac,9842.34,372.14,463.54,140.6,108.65,10428.77,0,0,1
2026-02-01,business,enterprise,latam,4795.4,167.05,149.78,50.87,57.14,5004.24,0,0,1
2026-02-01,enterprise,smb,us,588.96,20.3,11.45,4.26,36.18,580.28,0,0,6
2026-02-01,enterprise,smb,eu,344.53,13.18,6.44,1.92,18.37,343.86,0,0,4
2026-02-01,enterprise,smb,apac,190.37,6.78,3.24,0.96,12.09,187.34,0,0,2
2026-02-01,enterprise,smb,latam,106.07,3.6,1.1,0.36,5.82,104.58,0,0,1
2026-02-01,enterprise,mid_market,us,15517.02,534.21,572.57,204.88,331.34,16087.59,1,0,19
2026-02-01,enterprise,mid_market,eu,9340.9,326.4,257.72,88.53,191.24,9645.25,0,0,11
2026-02-01,enterprise,mid_market,apac,5110.94,188.58,160.56,50.84,135.07,5274.17,0,0,6
2026-02-01,enterprise,mid_market,latam,2773.31,107.18,53.48,17.4,67.11,2849.47,0,0,3
2026-02-01,enterprise,enterprise,us,91452.8,3645.66,4135.07,1690.24,893.77,96649.52,1,0,13
2026-02-01,enterprise,enterprise,eu,51788.46,2081.8,2593.28,806.79,512.22,55144.53,0,0,8
2026-02-01,enterprise,enterprise,apac,28813.41,1135.32,1407.53,455.57,292.35,30608.34,0,0,4
2026-02-01,enterprise,enterprise,latam,14999.51,606.05,432.98,142.73,148.98,15746.83,0,0,2
2026-03-01,starter,smb,us,14566.17,557.33,281.44,79.48,858.96,14466.5,6,10,161
2026-03-01,starter,smb,eu,9229.24,362.15,169.04,48.53,476.53,9235.36,4,5,103
2026-03-01,starter,smb,apac,5292.46,189.15,76.5,31.06,331.22,5195.82,2,4,58
2026-03-01,starter,smb,latam,2934.66,90.88,28.13,9.9,176.5,2867.27,1,2,32
2026-03-01,starter,mid_market,us,5376.5,165.7,178.28,53.79,119.49,5547.21,0,0,7
2026-03-01,starter,mid_market,eu,3132.23,114.23,102.12,32.61,70.07,3245.9,0,0,4
2026-03-01,starter,mid_market,apac,1742.62,61.12,47.77,17.25,40.18,1794.07,0,0,2
2026-03-01,starter,mid_market,latam,916.69,29.53,14.73,6.13,21.05,933.76,0,0,1
2026-03-01,starter,enterprise,us,1742.38,52.74,90.37,34.88,17.88,1832.73,0,0,1
2026-03-01,starter,enterprise,eu,992.2,33.17,52.6,19.0,10.19,1048.78,0,0,1
2026-03-01,starter,enterprise,apac,550.41,18.99,27.65,9.46,5.64,581.95,0,0,1
2026-03-01,starter,enterprise,latam,276.78,8.58,7.79,3.01,3.42,286.72,0,0,1
2026-03-01,pro,smb,us,10492.78,331.48,192.38,61.66,603.22,10351.77,4,7,115
2026-03-01,pro,smb,eu,6305.19,201.89,92.47,35.42,405.31,6158.81,2,5,68
2026-03-01,pro,smb,apac,3454.19,133.74,56.46,20.58,196.28,3427.53,1,2,38
2026-03-01,pro,smb,latam,1991.63,68.09,21.78,6.32,119.61,1955.57,1,1,22
2026-03-01,pro,mid_market,us,30645.74,1028.73,890.04,378.16,787.26,31399.09,1,1,37
2026-03-01,pro,mid_market,eu,17596.78,573.31,498.28,204.53,474.97,17988.86,1,1,21
2026-03-01,pro,mid_market,apac,10038.0,386.72,275.24,97.58,248.73,10353.66,0,0,12
2026-03-01,pro,mid_market,latam,5324.76,201.15,99.03,29.29,122.73,5472.93,0,0,6
2026-03-01,pro,enterprise,us,6822.35,238.27,334.56,137.27,66.63,7191.28,0,0,1
2026-03-01,pro,enterprise,eu,4202.68,163.65,181.87,64.74,48.12,4435.34,0,0,1
2026-03-01,pro,enterprise,apac,2265.67,71.86,94.01,34.6,28.59,2368.35,0,0,1
2026-03-01,pro,enterprise,latam,1210.69,37.24,34.69,11.55,12.39,1258.67,0,0,1
2026-03-01,business,smb,us,3217.16,121.27,65.92,20.95,159.42,3223.98,1,2,36
2026-03-01,business,smb,eu,2038.5,64.43,37.31,12.28,102.07,2025.89,1,1,23
2026-03-01,business,smb,apac,1155.21,47.25,21.2,7.01,69.67,1146.98,1,1,13
2026-03-01,business,smb,latam,636.49,22.32,5.61,2.0,32.18,630.24,0,0,7
2026-03-01,business,mid_market,us,37372.07,1457.63,1127.07,487.95,911.84,38556.98,2,1,45
2026-03-01,business,mid_market,eu,21583.51,774.64,656.05,241.77,510.96,22261.48,1,1,26
2026-03-01,business,mid_market,apac,11587.0,379.44,324.11,131.29,247.15,11912.12,0,0,14
2026-03-01,business,mid_market,latam,6511.0,213.24,129.9,38.16,167.15,6648.82,0,0,8
2026-03-01,business,enterprise,us,31739.19,1155.46,1418.74,563.49,372.08,33377.83,0,0,5
2026-03-01,business,enterprise,eu,18493.27,592.26,988.13,355.86,202.77,19515.04,0,0,3
2026-03-01,business,enterprise,apac,10428.77,344.47,420.83,179.11,112.24,10902.72,0,0,2
2026-03-01,business,enterprise,latam,5004.24,155.73,153.53,51.34,50.33,5211.83,0,0,1
2026-03-01,enterprise,smb,us,580.28,18.73,9.66,3.58,35.76,569.33,0,0,6
2026-03-01,enterprise,smb,eu,343.86,13.7,5.29,1.94,22.78,338.13,0,0,4
2026-03-01,enterprise,smb,apac,187.34,7.28,3.0,0.99,9.63,187.0,0,0,2
2026-03-01,enterprise,smb,latam,104.58,4.03,1.03,0.39,5.4,103.86,0,0,1
2026-03-01,enterprise,mid_market,us,16087.59,636.39,478.68,205.97,418.61,16578.08,1,0,20
2026-03-01,enterprise,mid_market,eu,9645.25,344.37,281.59,89.97,246.81,9934.43,0,0,12
2026-03-01,enterprise,mid_market,apac,5274.17,207.68,175.86,58.77,130.16,5468.78,0,0,6
2026-03-01,enterprise,mid_market,latam,2849.47,109.34,49.99,19.26,66.72,2922.83,0,0,3
2026-03-01,enterprise,enterprise,us,96649.52,3195.6,5405.55,1632.39,916.01,102702.27,0,0,14
2026-03-01,enterprise,enterprise,eu,55144.53,2099.0,2328.63,1011.51,638.76,57921.9,0,0,8
2026-03-01,enterprise,enterprise,apac,30608.34,1050.27,1539.15,534.85,295.74,32367.18,0,0,4
2026-03-01,enterprise,enterprise,latam,15746.83,567.39,470.51,168.42,160.57,16455.74,0,0,2
2026-04-01,starter,smb,us,14466.5,565.0,266.54,87.35,786.39,14424.3,6,9,160
2026-04-01,starter,smb,eu,9235.36,350.85,147.43,61.11,467.97,9204.56,4,5,102
2026-04-01,starter,smb,apac,5195.82,206.57,80.95,27.98,334.61,5120.75,2,4,57
2026-04-01,starter,smb,latam,2867.27,96.77,27.83,9.36,143.94,2838.56,1,2,32
2026-04-01,starter,mid_market,us,5547.21,219.66,190.7,66.84,151.33,5739.41,0,0,7
2026-04-01,starter,mid_market,eu,3245.9,111.86,115.59,39.47,85.38,3348.5,0,0,4
2026-04-01,starter,mid_market,apac,1794.07,70.29,56.63,20.97,47.24,1852.78,0,0,2
2026-04-01,starter,mid_market,latam,933.76,28.92,16.99,6.15,22.18,951.35,0,0,1
2026-04-01,starter,enterprise,us,1832.73,71.0,88.44,29.72,21.32,1941.13,0,0,1
2026-04-01,starter,enterprise,eu,1048.78,34.3,52.21,20.18,11.93,1103.17,0,0,1
2026-04-01,starter,enterprise,apac,581.95,21.32,26.07,10.95,6.74,611.65,0,0,1
2026-04-01,starter,enterprise,latam,286.72,10.01,9.17,2.86,3.52,299.53,0,0,1
2026-04-01,pro,smb,us,10351.77,411.34,185.02,62.51,521.19,10364.42,5,6,115
2026-04-01,pro,smb,eu,6158.81,205.29,101.28,32.34,376.37,6056.68,2,4,67
2026-04-01,pro,smb,apac,3427.53,124.74,62.44,20.53,186.32,3407.86,1,2,38
2026-04-01,pro,smb,latam,1955.57,75.04,17.19,7.74,120.58,1919.48,1,1,21
2026-04-01,pro,mid_market,us,31399.09,1234.69,1169.74,315.88,750.96,32736.68,1,1,39
2026-04-01,pro,mid_market,eu,17988.86,685.27,638.0,211.49,421.72,18678.91,1,0,22
2026-04-01,pro,mid_market,apac,10353.66,401.88,344.78,93.65,233.68,10772.97,0,0,13
2026-04-01,pro,mid_market,latam,5472.93,204.69,109.16,32.39,117.49,5636.89,0,0,7
2026-04-01,pro,enterprise,us,7191.28,267.15,348.49,123.7,83.51,7599.7,0,0,1
2026-04-01,pro,enterprise,eu,4435.34,175.2,208.97,76.18,50.52,4692.81,0,0,1
2026-04-01,pro,enterprise,apac,2368.35,92.27,105.45,38.37,26.57,2501.12,0,0,1
2026-04-01,pro,enterprise,latam,1258.67,48.35,34.32,12.04,15.74,1313.56,0,0,1
2026-04-01,business,smb,us,3223.98,130.68,61.77,17.79,193.03,3205.61,1,2,36
2026-04-01,business,smb,eu,2025.89,68.68,31.24,10.79,102.7,2012.31,1,1,22
2026-04-01,business,smb,apac,1146.98,36.99,15.93,6.7,59.5,1133.7,0,1,13
2026-04-01,business,smb,latam,630.24,20.52,6.7,2.39,39.24,615.82,0,0,7
2026-04-01,business,mid_market,us,38556.98,1313.44,1159.84,482.0,971.26,39576.99,2,1,47
2026-04-01,business,mid_market,eu,22261.48,908.88,727.24,230.39,587.76,23079.44,1,1,27
2026-04-01,business,mid_market,apac,11912.12,442.04,355.92,127.23,314.83,12268.02,1,0,14
2026-04-01,business,mid_market,latam,6648.82,244.65,110.37,41.55,145.52,6816.77,0,0,8
2026-04-01,business,enterprise,us,33377.83,1057.74,1613.39,533.86,419.58,35095.51,0,0,5
2026-04-01,business,enterprise,eu,19515.04,742.61,825.98,379.49,239.35,20464.78,0,0,3
2026-04-01,business,enterprise,apac,10902.72,370.59,510.07,193.6,123.46,11466.31,0,0,2
2026-04-01,business,enterprise,latam,5211.83,179.96,145.89,51.59,56.72,5429.37,0,0,1
2026-04-01,enterprise,smb,us,569.33,21.89,10.0,3.24,31.52,566.46,0,0,6
2026-04-01,enterprise,smb,eu,338.13,12.54,5.07,1.94,19.88,333.91,0,0,4
2026-04-01,enterprise,smb,apac,187.0,6.47,2.63,1.2,11.26,183.64,0,0,2
2026-04-01,enterprise,smb,latam,103.86,3.98,0.95,0.4,5.33,103.05,0,0,1
2026-04-01,enterprise,mid_market,us,16578.08,661.24,557.23,177.78,359.97,17258.8,1,0,20
2026-04-01,enterprise,mid_market,eu,9934.43,392.67,342.91,106.41,217.39,10346.21,0,0,12
2026-04-01,enterprise,mid_market,apac,5468.78,221.5,165.88,60.46,134.67,5661.03,0,0,7
2026-04-01,enterprise,mid_market,latam,2922.83,112.92,46.69,18.47,65.31,2998.66,0,0,4
2026-04-01,enterprise,enterprise,us,102702.27,3417.69,5214.85,1687.39,1257.41,108390.01,0,0,15
2026-04-01,enterprise,enterprise,eu,57921.9,1794.14,3163.01,1039.84,544.77,61294.43,0,0,9
2026-04-01,enterprise,enterprise,apac,32367.18,1172.56,1479.21,599.65,389.28,34030.02,0,0,5
2026-04-01,enterprise,enterprise,latam,16455.74,578.78,447.04,140.42,177.68,17163.47,0,0,2
2026-05-01,starter,smb,us,14424.3,573.6,288.81,90.24,957.72,14238.75,6,11,158
2026-05-01,starter,smb,eu,9204.56,374.85,163.46,46.9,606.21,9089.76,4,7,101
2026-05-01,starter,smb,apac,5120.75,160.97,95.01,28.09,260.56,5088.07,2,3,57
2026-05-01,starter,smb,latam,2838.56,113.0,31.15,9.95,141.28,2831.48,1,2,31
2026-05-01,starter,mid_market,us,5739.41,221.86,179.48,57.2,128.3,5955.26,0,0,7
2026-05-01,starter,mid_market,eu,3348.5,109.95,90.08,34.13,71.51,3442.88,0,0,4
2026-05-01,starter,mid_market,apac,1852.78,68.79,51.73,21.2,38.02,1914.07,0,0,2
2026-05-01,starter,mid_market,latam,951.35,29.88,19.09,5.83,20.38,974.1,0,0,1
2026-05-01,starter,enterprise,us,1941.13,59.55,91.47,37.1,20.62,2034.43,0,0,1
2026-05-01,starter,enterprise,eu,1103.17,42.93,49.52,17.93,13.3,1164.4,0,0,1
2026-05-01,starter,enterprise,apac,611.65,25.01,27.01,10.17,6.49,647.01,0,0,1
2026-05-01,starter,enterprise,latam,299.53,10.44,8.34,3.01,3.75,311.54,0,0,1
2026-05-01,pro,smb,us,10364.42,412.43,204.71,56.81,543.98,10380.77,5,6,115
2026-05-01,pro,smb,eu,6056.68,211.98,104.0,39.2,365.68,5967.78,2,4,66
2026-05-01,pro,smb,apac,3407.86,116.27,54.42,21.18,194.1,3363.27,1,2,37
2026-05-01,pro,smb,latam,1919.48,68.78,16.64,7.23,100.81,1896.85,1,1,21
2026-05-01,pro,mid_market,us,32736.68,1213.95,1129.82,379.47,681.59,34019.39,1,1,40
2026-05-01,pro,mid_market,eu,18678.91,603.2,572.35,207.53,495.41,19151.52,1,1,23
2026-05-01,pro,mid_market,apac,10772.97,369.49,333.11,119.21,286.46,11069.9,0,0,13
2026-05-01,pro,mid_market,latam,5636.89,216.03,97.55,37.91,122.9,5789.67,0,0,7
2026-05-01,pro,enterprise,us,7599.7,269.75,362.72,133.87,74.55,8023.76,0,0,1
2026-05-01,pro,enterprise,eu,4692.81,187.41,211.1,70.62,47.81,4972.89,0,0,1
2026-05-01,pro,enterprise,apac,2501.12,88.97,112.51,46.47,27.87,2628.26,0,0,1
2026-05-01,pro,enterprise,latam,1313.56,45.25,42.54,12.76,15.18,1373.41,0,0,1
2026-05-01,business,smb,us,3205.61,105.63,61.47,20.97,167.33,3184.41,1,2,35
2026-05-01,business,smb,eu,2012.31,62.79,32.26,13.53,127.77,1966.06,1,1,22
2026-05-01,business,smb,apac,1133.7,35.35,20.98,6.41,57.78,1125.83,0,1,13
2026-05-01,business,smb,latam,615.82,20.93,5.84,2.38,30.93,609.29,0,0,7
2026-05-01,business,mid_market,us,39576.99,1486.85,1223.16,488.56,1027.81,40770.63,2,1,48
2026-05-01,business,mid_market,eu,23079.44,852.67,769.43,259.45,526.51,23915.59,1,1,28
2026-05-01,business,mid_market,apac,12268.02,458.42,374.95,114.18,335.99,12651.22,1,0,15
2026-05-01,business,mid_market,latam,6816.77,237.32,128.73,44.93,154.52,6983.37,0,0,8
2026-05-01,business,enterprise,us,35095.51,1218.68,2039.03,628.54,404.65,37320.03,0,0,5
2026-05-01,business,enterprise,eu,20464.78,687.83,1148.35,319.89,195.92,21785.15,0,0,3
2026-05-01,business,enterprise,apac,11466.31,424.04,505.52,178.43,137.78,12079.67,0,0,2
2026-05-01,business,enterprise,latam,5429.37,164.83,167.94,57.37,62.16,5642.62,0,0,1
2026-05-01,enterprise,smb,us,566.46,19.68,8.77,3.66,35.2,556.05,0,0,6
2026-05-01,enterprise,smb,eu,333.91,12.83,6.0,2.27,18.42,332.05,0,0,4
2026-05-01,enterprise,smb,apac,183.64,7.52,2.65,1.03,10.97,181.82,0,0,2
2026-05-01,enterprise,smb,latam,103.05,3.4,1.16,0.37,6.53,100.71,0,0,1
2026-05-01,enterprise,mid_market,us,17258.8,657.19,497.96,219.79,365.09,17829.07,1,0,21
2026-05-01,enterprise,mid_market,eu,10346.21,409.0,293.66,98.31,217.74,10732.82,0,0,13
2026-05-01,enterprise,mid_market,apac,5661.03,224.04,172.51,56.69,129.89,5870.99,0,0,7
2026-05-01,enterprise,mid_market,latam,2998.66,117.8,49.57,18.71,62.37,3084.94,0,0,4
2026-05-01,enterprise,enterprise,us,108390.01,3898.82,5026.55,2130.16,1031.08,114154.14,1,0,16
2026-05-01,enterprise,enterprise,eu,61294.43,2306.4,3221.45,1161.41,655.69,65005.18,0,0,9
2026-05-01,enterprise,enterprise,apac,34030.02,1075.34,1485.39,553.87,369.3,35667.58,0,0,5
2026-05-01,enterprise,enterprise,latam,17163.47,640.95,501.44,193.36,174.17,17938.33,0,0,2
2026-06-01,starter,smb,us,14238.75,573.33,254.1,81.53,763.73,14220.9,6,8,158
2026-06-01,starter,smb,eu,9089.76,280.25,163.32,52.8,550.2,8930.33,3,6,99
2026-06-01,starter,smb,apac,5088.07,193.17,86.48,29.42,330.7,5007.6,2,4,56
2026-06-01,starter,smb,latam,2831.48,88.29,29.69,10.3,158.26,2780.9,1,2,31
2026-06-01,starter,mid_market,us,5955.26,233.62,219.2,67.79,150.84,6189.46,0,0,7
2026-06-01,starter,mid_market,eu,3442.88,109.23,104.82,37.61,75.89,3543.42,0,0,4
2026-06-01,starter,mid_market,apac,1914.07,58.96,53.39,20.96,41.37,1964.1,0,0,2
2026-06-01,starter,mid_market,latam,974.1,39.25,19.61,5.4,23.03,1004.52,0,0,1
2026-06-01,starter,enterprise,us,2034.43,78.83,92.99,39.43,25.13,2141.7,0,0,1
2026-06-01,starter,enterprise,eu,1164.4,42.58,65.03,20.79,13.12,1238.09,0,0,1
2026-06-01,starter,enterprise,apac,647.01,25.01,33.36,10.96,7.2,687.22,0,0,1
2026-06-01,starter,enterprise,latam,311.54,11.43,9.42,3.07,3.31,326.03,0,0,1
2026-06-01,pro,smb,us,10380.77,327.02,187.74,61.98,658.49,10175.07,4,7,113
2026-06-01,pro,smb,eu,5967.78,224.52,88.14,32.5,364.25,5883.69,2,4,65
2026-06-01,pro,smb,apac,3363.27,119.47,61.28,20.93,195.81,3327.28,1,2,37
2026-06-01,pro,smb,latam,1896.85,59.07,19.02,6.99,120.05,1847.9,1,1,21
2026-06-01,pro,mid_market,us,34019.39,1214.61,1082.03,367.63,922.59,35025.81,1,1,41
2026-06-01,pro,mid_market,eu,19151.52,685.3,648.81,191.28,518.15,19776.21,1,1,23
2026-06-01,pro,mid_market,apac,11069.9,387.9,307.35,128.31,241.03,11395.81,0,0,13
2026-06-01,pro,mid_market,latam,5789.67,228.34,99.18,31.53,138.43,5947.23,0,0,7
2026-06-01,pro,enterprise,us,8023.76,279.78,365.64,158.08,96.3,8414.81,0,0,1
2026-06-01,pro,enterprise,eu,4972.89,184.58,247.42,85.66,56.67,5262.55,0,0,1
2026-06-01,pro,enterprise,apac,2628.26,99.42,121.54,47.72,26.04,2775.46,0,0,1
2026-06-01,pro,enterprise,latam,1373.41,53.11,34.2,13.28,14.29,1433.16,0,0,1
2026-06-01,business,smb,us,3184.41,126.75,49.53,19.27,199.91,3141.51,1,2,35
2026-06-01,business,smb,eu,1966.06,72.08,38.63,12.43,104.57,1959.77,1,1,22
2026-06-01,business,smb,apac,1125.83,37.38,18.87,6.51,56.09,1119.48,0,1,12
2026-06-01,business,smb,latam,609.29,20.4,6.43,1.98,35.55,598.59,0,0,7
2026-06-01,business,mid_market,us,40770.63,1377.9,1202.99,525.74,1067.8,41757.98,2,1,49
2026-06-01,business,mid_market,eu,23915.59,844.1,816.62,281.72,495.01,24799.58,1,1,29
2026-06-01,business,mid_market,apac,12651.22,441.33,362.6,125.88,263.49,13065.78,1,0,15
2026-06-01,business,mid_market,latam,6983.37,253.72,142.99,48.15,150.09,7181.84,0,0,8
2026-06-01,business,enterprise,us,37320.03,1354.47,1836.72,698.69,388.0,39424.53,0,0,5
2026-06-01,business,enterprise,eu,21785.15,753.88,943.75,430.94,228.85,22822.99,0,0,3
2026-06-01,business,enterprise,apac,12079.67,422.22,547.02,222.81,148.94,12677.16,0,0,2
2026-06-01,business,enterprise,latam,5642.62,208.44,183.7,64.54,67.75,5902.46,0,0,1
2026-06-01,enterprise,smb,us,556.05,22.04,8.54,3.29,27.45,555.89,0,0,6
2026-06-01,enterprise,smb,eu,332.05,13.47,5.48,2.23,19.18,329.6,0,0,4
2026-06-01,enterprise,smb,apac,181.82,6.28,2.86,1.14,10.33,179.5,0,0,2
2026-06-01,enterprise,smb,latam,100.71,3.13,0.86,0.4,5.32,98.98,0,0,1
2026-06-01,enterprise,mid_market,us,17829.07,595.38,633.85,186.87,455.21,18416.22,1,1,22
2026-06-01,enterprise,mid_market,eu,10732.82,340.84,378.7,112.41,227.49,11112.46,0,0,13
2026-06-01,enterprise,mid_market,apac,5870.99,192.56,195.86,65.73,120.22,6073.45,0,0,7
2026-06-01,enterprise,mid_market,latam,3084.94,119.15,47.92,18.76,77.71,3155.54,0,0,4
2026-06-01,enterprise,enterprise,us,114154.14,4522.99,6276.09,2068.19,1231.91,121653.13,1,0,17
2026-06-01,enterprise,enterprise,eu,65005.18,2007.15,3427.44,1014.29,690.6,68734.88,0,0,10
2026-06-01,enterprise,enterprise,apac,35667.58,1371.77,1757.8,645.32,431.33,37720.49,0,0,5
2026-06-01,enterprise,enterprise,latam,17938.33,714.81,481.2,166.93,175.9,18791.51,0,0,3
