location_id,loc_date,latitude,longitude,date,temp_max,temp_min,precip,precip_hours,wind_max,weather_code,provider
1,1-2026-01-01,37.8037,-122.4368,2026-01-01,15.1,9.6,13.3,21.0,16.5,61,open_meteo
1,1-2026-01-02,37.8037,-122.4368,2026-01-02,15.9,12.1,10.1,9.0,31.5,63,open_meteo
1,1-2026-01-03,37.8037,-122.4368,2026-01-03,15.6,12.9,3.8,11.0,30.3,55,open_meteo
1,1-2026-01-04,37.8037,-122.4368,2026-01-04,12.9,10.4,21.6,20.0,22.3,63,open_meteo
1,1-2026-01-05,37.8037,-122.4368,2026-01-05,13.1,10.2,21.1,20.0,24.4,63,open_meteo
1,1-2026-01-06,37.8037,-122.4368,2026-01-06,15.0,10.6,2.6,9.0,13.8,53,open_meteo
1,1-2026-01-07,37.8037,-122.4368,2026-01-07,14.1,10.1,0.1,1.0,20.2,51,open_meteo
1,1-2026-01-08,37.8037,-122.4368,2026-01-08,12.9,8.1,0.0,0.0,21.6,2,open_meteo
1,1-2026-01-09,37.8037,-122.4368,2026-01-09,12.4,5.9,0.0,0.0,13.4,3,open_meteo
1,1-2026-01-10,37.8037,-122.4368,2026-01-10,13.5,5.6,0.0,0.0,12.8,3,open_meteo
1,1-2026-01-11,37.8037,-122.4368,2026-01-11,14.4,6.7,0.0,0.0,10.6,3,open_meteo
1,1-2026-01-12,37.8037,-122.4368,2026-01-12,13.9,6.2,0.0,0.0,14.7,3,open_meteo
1,1-2026-01-13,37.8037,-122.4368,2026-01-13,15.5,6.1,0.0,0.0,12.1,1,open_meteo
1,1-2026-01-14,37.8037,-122.4368,2026-01-14,16.3,6.8,0.0,0.0,14.1,0,open_meteo
1,1-2026-01-15,37.8037,-122.4368,2026-01-15,17.8,7.1,0.0,0.0,12.4,0,open_meteo
1,1-2026-01-16,37.8037,-122.4368,2026-01-16,18.0,7.2,0.0,0.0,12.3,0,open_meteo
1,1-2026-01-17,37.8037,-122.4368,2026-01-17,16.4,8.1,0.0,0.0,12.9,3,open_meteo
1,1-2026-01-18,37.8037,-122.4368,2026-01-18,16.5,7.7,0.0,0.0,11.9,3,open_meteo
1,1-2026-01-19,37.8037,-122.4368,2026-01-19,16.3,6.5,0.0,0.0,11.0,3,open_meteo
1,1-2026-01-20,37.8037,-122.4368,2026-01-20,13.9,7.8,0.0,0.0,13.0,3,open_meteo
1,1-2026-01-21,37.8037,-122.4368,2026-01-21,12.7,8.1,0.0,0.0,10.4,3,open_meteo
1,1-2026-01-22,37.8037,-122.4368,2026-01-22,14.1,7.9,0.0,0.0,10.4,3,open_meteo
1,1-2026-01-23,37.8037,-122.4368,2026-01-23,13.1,9.8,0.0,0.0,9.5,3,open_meteo
1,1-2026-01-24,37.8037,-122.4368,2026-01-24,17.0,7.3,0.0,0.0,13.8,3,open_meteo
1,1-2026-01-25,37.8037,-122.4368,2026-01-25,11.5,5.4,0.0,0.0,13.7,3,open_meteo
1,1-2026-01-26,37.8037,-122.4368,2026-01-26,14.6,6.1,0.0,0.0,11.8,3,open_meteo
1,1-2026-01-27,37.8037,-122.4368,2026-01-27,16.2,6.0,0.2,1.0,13.1,51,open_meteo
1,1-2026-01-28,37.8037,-122.4368,2026-01-28,16.5,10.6,1.5,4.0,12.0,53,open_meteo
1,1-2026-01-29,37.8037,-122.4368,2026-01-29,16.6,6.5,0.0,0.0,14.8,3,open_meteo
1,1-2026-01-30,37.8037,-122.4368,2026-01-30,15.9,7.7,0.0,0.0,16.2,3,open_meteo
1,1-2026-01-31,37.8037,-122.4368,2026-01-31,15.4,7.8,0.0,0.0,12.8,3,open_meteo
1,1-2026-02-01,37.8037,-122.4368,2026-02-01,16.0,7.4,0.0,0.0,10.1,3,open_meteo
1,1-2026-02-02,37.8037,-122.4368,2026-02-02,15.9,6.4,0.0,0.0,8.6,3,open_meteo
1,1-2026-02-03,37.8037,-122.4368,2026-02-03,18.4,7.2,0.0,0.0,14.8,3,open_meteo
1,1-2026-02-04,37.8037,-122.4368,2026-02-04,19.2,7.6,0.0,0.0,14.5,0,open_meteo
1,1-2026-02-05,37.8037,-122.4368,2026-02-05,19.8,7.8,0.0,0.0,10.8,3,open_meteo
1,1-2026-02-06,37.8037,-122.4368,2026-02-06,18.4,10.4,0.0,0.0,10.7,3,open_meteo
1,1-2026-02-07,37.8037,-122.4368,2026-02-07,16.6,10.6,0.0,0.0,13.9,3,open_meteo
1,1-2026-02-08,37.8037,-122.4368,2026-02-08,16.1,10.2,0.0,0.0,18.4,3,open_meteo
1,1-2026-02-09,37.8037,-122.4368,2026-02-09,18.4,9.7,0.0,0.0,16.0,3,open_meteo
1,1-2026-02-10,37.8037,-122.4368,2026-02-10,14.4,9.2,13.7,11.0,22.2,65,open_meteo
1,1-2026-02-11,37.8037,-122.4368,2026-02-11,13.7,11.4,7.2,15.0,31.3,63,open_meteo
1,1-2026-02-12,37.8037,-122.4368,2026-02-12,16.2,9.4,0.1,1.0,17.9,51,open_meteo
1,1-2026-02-13,37.8037,-122.4368,2026-02-13,14.9,8.6,0.0,0.0,16.9,3,open_meteo
1,1-2026-02-14,37.8037,-122.4368,2026-02-14,14.2,8.6,0.3,3.0,19.7,51,open_meteo
1,1-2026-02-15,37.8037,-122.4368,2026-02-15,14.2,11.4,20.1,19.0,22.6,63,open_meteo
1,1-2026-02-16,37.8037,-122.4368,2026-02-16,11.8,9.4,30.2,22.0,19.8,63,open_meteo
1,1-2026-02-17,37.8037,-122.4368,2026-02-17,11.1,6.0,17.2,17.0,29.8,71,open_meteo
1,1-2026-02-18,37.8037,-122.4368,2026-02-18,10.1,5.3,5.2,10.0,18.4,61,open_meteo
1,1-2026-02-19,37.8037,-122.4368,2026-02-19,10.9,6.7,12.9,11.0,35.9,63,open_meteo
1,1-2026-02-20,37.8037,-122.4368,2026-02-20,11.1,5.2,0.0,0.0,13.2,3,open_meteo
1,1-2026-02-21,37.8037,-122.4368,2026-02-21,14.8,7.2,0.0,0.0,21.0,3,open_meteo
1,1-2026-02-22,37.8037,-122.4368,2026-02-22,17.5,9.4,0.0,0.0,18.1,3,open_meteo
1,1-2026-02-23,37.8037,-122.4368,2026-02-23,17.4,8.5,0.2,1.0,11.2,51,open_meteo
1,1-2026-02-24,37.8037,-122.4368,2026-02-24,19.1,13.2,3.6,5.0,19.3,61,open_meteo
1,1-2026-02-25,37.8037,-122.4368,2026-02-25,16.6,13.2,1.2,5.0,16.8,53,open_meteo
1,1-2026-02-26,37.8037,-122.4368,2026-02-26,20.8,12.6,0.0,0.0,11.2,3,open_meteo
1,1-2026-02-27,37.8037,-122.4368,2026-02-27,23.5,11.9,0.0,0.0,10.8,3,open_meteo
1,1-2026-02-28,37.8037,-122.4368,2026-02-28,21.5,13.3,0.0,0.0,13.8,3,open_meteo
1,1-2026-03-01,37.8037,-122.4368,2026-03-01,17.0,12.9,0.1,1.0,16.0,51,open_meteo
1,1-2026-03-02,37.8037,-122.4368,2026-03-02,16.6,12.0,2.5,12.0,12.0,53,open_meteo
1,1-2026-03-03,37.8037,-122.4368,2026-03-03,16.5,11.4,0.0,0.0,18.3,3,open_meteo
1,1-2026-03-04,37.8037,-122.4368,2026-03-04,16.5,11.9,0.3,3.0,23.4,51,open_meteo
1,1-2026-03-05,37.8037,-122.4368,2026-03-05,18.2,9.1,0.0,0.0,17.9,0,open_meteo
1,1-2026-03-06,37.8037,-122.4368,2026-03-06,22.6,12.0,0.0,0.0,18.9,2,open_meteo
1,1-2026-03-07,37.8037,-122.4368,2026-03-07,25.6,14.2,0.0,0.0,16.4,2,open_meteo
1,1-2026-03-08,37.8037,-122.4368,2026-03-08,21.9,12.1,0.0,0.0,13.5,1,open_meteo
1,1-2026-03-09,37.8037,-122.4368,2026-03-09,20.5,10.8,0.0,0.0,16.7,3,open_meteo
1,1-2026-03-10,37.8037,-122.4368,2026-03-10,18.3,9.4,0.0,0.0,16.0,3,open_meteo
1,1-2026-03-11,37.8037,-122.4368,2026-03-11,21.9,9.1,0.0,0.0,14.1,0,open_meteo
1,1-2026-03-12,37.8037,-122.4368,2026-03-12,20.9,9.4,0.0,0.0,11.5,3,open_meteo
1,1-2026-03-13,37.8037,-122.4368,2026-03-13,19.1,9.9,0.0,0.0,14.3,3,open_meteo
1,1-2026-03-14,37.8037,-122.4368,2026-03-14,21.8,11.7,0.0,0.0,14.0,2,open_meteo
1,1-2026-03-15,37.8037,-122.4368,2026-03-15,22.0,11.4,0.0,0.0,16.6,3,open_meteo
1,1-2026-03-16,37.8037,-122.4368,2026-03-16,27.8,10.9,0.0,0.0,14.7,3,open_meteo
1,1-2026-03-17,37.8037,-122.4368,2026-03-17,31.0,12.0,0.0,0.0,11.5,1,open_meteo
1,1-2026-03-18,37.8037,-122.4368,2026-03-18,29.0,11.8,0.0,0.0,13.3,0,open_meteo
1,1-2026-03-19,37.8037,-122.4368,2026-03-19,30.3,10.8,0.0,0.0,10.9,0,open_meteo
1,1-2026-03-20,37.8037,-122.4368,2026-03-20,30.1,13.4,0.0,0.0,14.4,3,open_meteo
1,1-2026-03-21,37.8037,-122.4368,2026-03-21,24.3,12.9,0.0,0.0,17.2,3,open_meteo
1,1-2026-03-22,37.8037,-122.4368,2026-03-22,18.0,10.9,0.0,0.0,14.3,3,open_meteo
1,1-2026-03-23,37.8037,-122.4368,2026-03-23,22.0,11.5,0.0,0.0,14.3,3,open_meteo
1,1-2026-03-24,37.8037,-122.4368,2026-03-24,22.5,10.6,0.0,0.0,16.9,1,open_meteo
1,1-2026-03-25,37.8037,-122.4368,2026-03-25,21.4,12.3,0.0,0.0,21.1,3,open_meteo
1,1-2026-03-26,37.8037,-122.4368,2026-03-26,23.0,9.6,0.0,0.0,15.9,3,open_meteo
1,1-2026-03-27,37.8037,-122.4368,2026-03-27,26.7,10.9,0.0,0.0,17.7,3,open_meteo
1,1-2026-03-28,37.8037,-122.4368,2026-03-28,21.4,10.6,0.0,0.0,14.0,3,open_meteo
1,1-2026-03-29,37.8037,-122.4368,2026-03-29,26.9,11.0,0.0,0.0,15.4,3,open_meteo
1,1-2026-03-30,37.8037,-122.4368,2026-03-30,22.2,12.1,0.0,0.0,16.3,3,open_meteo
1,1-2026-03-31,37.8037,-122.4368,2026-03-31,19.5,13.5,6.5,12.0,24.6,61,open_meteo
1,1-2026-04-01,37.8037,-122.4368,2026-04-01,15.4,13.1,5.0,15.0,22.8,53,open_meteo
1,1-2026-04-02,37.8037,-122.4368,2026-04-02,17.9,9.9,2.8,3.0,24.4,61,open_meteo
1,1-2026-04-03,37.8037,-122.4368,2026-04-03,23.5,8.7,0.0,0.0,15.4,3,open_meteo
1,1-2026-04-04,37.8037,-122.4368,2026-04-04,27.9,11.3,0.0,0.0,14.0,3,open_meteo
1,1-2026-04-05,37.8037,-122.4368,2026-04-05,27.8,12.8,0.0,0.0,19.1,3,open_meteo
1,1-2026-04-06,37.8037,-122.4368,2026-04-06,14.8,11.9,0.0,0.0,22.5,3,open_meteo
1,1-2026-04-07,37.8037,-122.4368,2026-04-07,15.4,11.6,0.0,0.0,23.0,3,open_meteo
1,1-2026-04-08,37.8037,-122.4368,2026-04-08,18.1,12.4,1.4,2.0,18.8,61,open_meteo
1,1-2026-04-09,37.8037,-122.4368,2026-04-09,18.5,12.4,0.0,0.0,15.7,3,open_meteo
1,1-2026-04-10,37.8037,-122.4368,2026-04-10,17.1,13.4,13.7,20.0,17.2,63,open_meteo
1,1-2026-04-11,37.8037,-122.4368,2026-04-11,15.2,10.9,16.3,19.0,35.9,63,open_meteo
1,1-2026-04-12,37.8037,-122.4368,2026-04-12,13.4,9.8,12.2,19.0,22.8,63,open_meteo
1,1-2026-04-13,37.8037,-122.4368,2026-04-13,15.4,10.2,4.3,8.0,20.7,61,open_meteo
1,1-2026-04-14,37.8037,-122.4368,2026-04-14,14.2,11.2,0.0,0.0,21.5,1,open_meteo
1,1-2026-04-15,37.8037,-122.4368,2026-04-15,16.2,10.4,0.0,0.0,23.9,3,open_meteo
1,1-2026-04-16,37.8037,-122.4368,2026-04-16,20.8,10.6,0.0,0.0,15.7,3,open_meteo
1,1-2026-04-17,37.8037,-122.4368,2026-04-17,20.7,11.1,0.0,0.0,18.6,3,open_meteo
1,1-2026-04-18,37.8037,-122.4368,2026-04-18,23.4,10.6,0.0,0.0,15.9,3,open_meteo
1,1-2026-04-19,37.8037,-122.4368,2026-04-19,19.0,12.1,0.0,0.0,17.8,3,open_meteo
1,1-2026-04-20,37.8037,-122.4368,2026-04-20,17.4,12.6,43.0,16.0,20.3,65,open_meteo
1,1-2026-04-21,37.8037,-122.4368,2026-04-21,14.9,11.9,9.5,20.0,17.7,63,open_meteo
1,1-2026-04-22,37.8037,-122.4368,2026-04-22,16.5,11.5,8.8,12.0,13.9,63,open_meteo
1,1-2026-04-23,37.8037,-122.4368,2026-04-23,17.2,10.0,0.0,0.0,17.1,3,open_meteo
1,1-2026-04-24,37.8037,-122.4368,2026-04-24,15.1,11.5,0.0,0.0,19.7,3,open_meteo
1,1-2026-04-25,37.8037,-122.4368,2026-04-25,13.7,12.1,0.2,2.0,16.2,51,open_meteo
1,1-2026-04-26,37.8037,-122.4368,2026-04-26,14.9,11.9,0.4,3.0,18.5,51,open_meteo
1,1-2026-04-27,37.8037,-122.4368,2026-04-27,15.2,11.2,0.1,1.0,19.3,51,open_meteo
1,1-2026-04-28,37.8037,-122.4368,2026-04-28,17.6,11.5,0.0,0.0,15.5,3,open_meteo
1,1-2026-04-29,37.8037,-122.4368,2026-04-29,18.2,11.6,0.0,0.0,20.1,0,open_meteo
1,1-2026-04-30,37.8037,-122.4368,2026-04-30,17.5,12.2,0.0,0.0,20.4,0,open_meteo
2,2-2026-01-01,37.8044,-122.2712,2026-01-01,14.9,9.1,13.8,21.0,18.9,61,open_meteo
2,2-2026-01-02,37.8044,-122.2712,2026-01-02,16.7,12.4,9.0,8.0,23.2,63,open_meteo
2,2-2026-01-03,37.8044,-122.2712,2026-01-03,15.3,12.0,8.7,16.0,25.8,63,open_meteo
2,2-2026-01-04,37.8044,-122.2712,2026-01-04,12.0,9.6,21.4,21.0,19.9,63,open_meteo
2,2-2026-01-05,37.8044,-122.2712,2026-01-05,13.3,9.4,25.2,18.0,23.8,63,open_meteo
2,2-2026-01-06,37.8044,-122.2712,2026-01-06,15.5,9.4,0.7,4.0,11.1,51,open_meteo
2,2-2026-01-07,37.8044,-122.2712,2026-01-07,15.4,8.3,0.3,2.0,15.9,51,open_meteo
2,2-2026-01-08,37.8044,-122.2712,2026-01-08,12.7,6.4,0.1,1.0,18.5,51,open_meteo
2,2-2026-01-09,37.8044,-122.2712,2026-01-09,12.0,4.8,0.0,0.0,18.3,3,open_meteo
2,2-2026-01-10,37.8044,-122.2712,2026-01-10,13.6,2.8,0.0,0.0,14.0,3,open_meteo
2,2-2026-01-11,37.8044,-122.2712,2026-01-11,15.3,3.8,0.0,0.0,10.8,3,open_meteo
2,2-2026-01-12,37.8044,-122.2712,2026-01-12,13.8,3.4,0.0,0.0,14.8,3,open_meteo
2,2-2026-01-13,37.8044,-122.2712,2026-01-13,16.1,3.2,0.0,0.0,11.3,0,open_meteo
2,2-2026-01-14,37.8044,-122.2712,2026-01-14,16.6,5.3,0.0,0.0,13.1,0,open_meteo
2,2-2026-01-15,37.8044,-122.2712,2026-01-15,17.7,4.4,0.0,0.0,13.3,1,open_meteo
2,2-2026-01-16,37.8044,-122.2712,2026-01-16,18.2,7.8,0.0,0.0,13.3,0,open_meteo
2,2-2026-01-17,37.8044,-122.2712,2026-01-17,16.9,5.3,0.0,0.0,11.3,3,open_meteo
2,2-2026-01-18,37.8044,-122.2712,2026-01-18,17.4,5.6,0.0,0.0,12.2,3,open_meteo
2,2-2026-01-19,37.8044,-122.2712,2026-01-19,15.9,5.3,0.0,0.0,13.2,3,open_meteo
2,2-2026-01-20,37.8044,-122.2712,2026-01-20,14.9,5.7,0.0,0.0,11.6,3,open_meteo
2,2-2026-01-21,37.8044,-122.2712,2026-01-21,14.2,5.9,0.0,0.0,8.5,3,open_meteo
2,2-2026-01-22,37.8044,-122.2712,2026-01-22,16.9,6.9,0.0,0.0,6.7,3,open_meteo
2,2-2026-01-23,37.8044,-122.2712,2026-01-23,13.8,7.9,0.0,0.0,11.4,3,open_meteo
2,2-2026-01-24,37.8044,-122.2712,2026-01-24,17.0,6.6,0.0,0.0,17.3,3,open_meteo
2,2-2026-01-25,37.8044,-122.2712,2026-01-25,11.9,3.8,0.0,0.0,11.6,3,open_meteo
2,2-2026-01-26,37.8044,-122.2712,2026-01-26,15.5,4.8,0.0,0.0,9.2,3,open_meteo
2,2-2026-01-27,37.8044,-122.2712,2026-01-27,16.9,4.5,0.8,2.0,11.7,53,open_meteo
2,2-2026-01-28,37.8044,-122.2712,2026-01-28,16.6,9.2,1.0,3.0,15.5,51,open_meteo
2,2-2026-01-29,37.8044,-122.2712,2026-01-29,17.0,5.4,0.0,0.0,12.1,3,open_meteo
2,2-2026-01-30,37.8044,-122.2712,2026-01-30,15.4,5.0,0.0,0.0,15.6,3,open_meteo
2,2-2026-01-31,37.8044,-122.2712,2026-01-31,16.4,5.5,0.0,0.0,9.8,3,open_meteo
2,2-2026-02-01,37.8044,-122.2712,2026-02-01,18.5,6.1,0.0,0.0,8.9,3,open_meteo
2,2-2026-02-02,37.8044,-122.2712,2026-02-02,18.8,6.0,0.0,0.0,5.2,1,open_meteo
2,2-2026-02-03,37.8044,-122.2712,2026-02-03,18.2,5.6,0.0,0.0,13.4,1,open_meteo
2,2-2026-02-04,37.8044,-122.2712,2026-02-04,18.7,4.5,0.0,0.0,14.5,2,open_meteo
2,2-2026-02-05,37.8044,-122.2712,2026-02-05,20.7,5.7,0.0,0.0,11.9,3,open_meteo
2,2-2026-02-06,37.8044,-122.2712,2026-02-06,19.8,9.1,0.2,1.0,7.9,51,open_meteo
2,2-2026-02-07,37.8044,-122.2712,2026-02-07,17.4,8.7,0.0,0.0,10.9,3,open_meteo
2,2-2026-02-08,37.8044,-122.2712,2026-02-08,17.7,8.8,0.0,0.0,13.7,3,open_meteo
2,2-2026-02-09,37.8044,-122.2712,2026-02-09,17.8,9.9,0.0,0.0,13.2,3,open_meteo
2,2-2026-02-10,37.8044,-122.2712,2026-02-10,15.1,6.4,8.7,10.0,16.6,63,open_meteo
2,2-2026-02-11,37.8044,-122.2712,2026-02-11,14.2,10.2,5.2,18.0,26.2,55,open_meteo
2,2-2026-02-12,37.8044,-122.2712,2026-02-12,16.8,7.7,0.0,0.0,13.5,3,open_meteo
2,2-2026-02-13,37.8044,-122.2712,2026-02-13,15.7,8.5,0.0,0.0,13.9,3,open_meteo
2,2-2026-02-14,37.8044,-122.2712,2026-02-14,14.3,6.7,0.0,0.0,15.5,3,open_meteo
2,2-2026-02-15,37.8044,-122.2712,2026-02-15,15.1,11.1,19.1,16.0,20.1,63,open_meteo
2,2-2026-02-16,37.8044,-122.2712,2026-02-16,11.3,8.1,36.6,23.0,16.2,63,open_meteo
2,2-2026-02-17,37.8044,-122.2712,2026-02-17,9.2,5.2,16.4,17.0,26.0,71,open_meteo
2,2-2026-02-18,37.8044,-122.2712,2026-02-18,10.2,2.5,4.3,14.0,14.9,55,open_meteo
2,2-2026-02-19,37.8044,-122.2712,2026-02-19,11.0,5.2,10.5,9.0,27.6,63,open_meteo
2,2-2026-02-20,37.8044,-122.2712,2026-02-20,12.0,1.4,0.0,0.0,7.9,3,open_meteo
2,2-2026-02-21,37.8044,-122.2712,2026-02-21,15.3,4.7,0.0,0.0,19.9,3,open_meteo
2,2-2026-02-22,37.8044,-122.2712,2026-02-22,18.1,9.3,0.0,0.0,17.8,3,open_meteo
2,2-2026-02-23,37.8044,-122.2712,2026-02-23,19.5,8.2,0.1,1.0,8.1,51,open_meteo
2,2-2026-02-24,37.8044,-122.2712,2026-02-24,19.9,13.0,4.0,6.0,17.4,61,open_meteo
2,2-2026-02-25,37.8044,-122.2712,2026-02-25,18.0,13.8,2.2,10.0,14.6,53,open_meteo
2,2-2026-02-26,37.8044,-122.2712,2026-02-26,22.3,12.5,0.0,0.0,9.7,3,open_meteo
2,2-2026-02-27,37.8044,-122.2712,2026-02-27,24.0,13.1,0.0,0.0,11.2,3,open_meteo
2,2-2026-02-28,37.8044,-122.2712,2026-02-28,23.8,14.0,0.0,0.0,9.1,3,open_meteo
2,2-2026-03-01,37.8044,-122.2712,2026-03-01,18.0,11.5,0.1,1.0,13.5,51,open_meteo
2,2-2026-03-02,37.8044,-122.2712,2026-03-02,17.3,11.0,0.8,7.0,10.4,51,open_meteo
2,2-2026-03-03,37.8044,-122.2712,2026-03-03,18.4,9.7,0.0,0.0,11.9,3,open_meteo
2,2-2026-03-04,37.8044,-122.2712,2026-03-04,18.0,10.7,0.2,1.0,17.7,51,open_meteo
2,2-2026-03-05,37.8044,-122.2712,2026-03-05,19.0,8.0,0.0,0.0,19.4,0,open_meteo
2,2-2026-03-06,37.8044,-122.2712,2026-03-06,21.7,9.6,0.0,0.0,15.0,3,open_meteo
2,2-2026-03-07,37.8044,-122.2712,2026-03-07,24.4,12.7,0.0,0.0,20.4,3,open_meteo
2,2-2026-03-08,37.8044,-122.2712,2026-03-08,23.4,10.8,0.0,0.0,9.2,1,open_meteo
2,2-2026-03-09,37.8044,-122.2712,2026-03-09,22.2,9.8,0.0,0.0,12.9,3,open_meteo
2,2-2026-03-10,37.8044,-122.2712,2026-03-10,20.3,9.1,0.0,0.0,12.5,3,open_meteo
2,2-2026-03-11,37.8044,-122.2712,2026-03-11,24.3,7.1,0.0,0.0,9.5,0,open_meteo
2,2-2026-03-12,37.8044,-122.2712,2026-03-12,24.6,9.9,0.0,0.0,9.1,2,open_meteo
2,2-2026-03-13,37.8044,-122.2712,2026-03-13,22.5,9.3,0.0,0.0,10.6,3,open_meteo
2,2-2026-03-14,37.8044,-122.2712,2026-03-14,23.9,9.6,0.0,0.0,11.4,3,open_meteo
2,2-2026-03-15,37.8044,-122.2712,2026-03-15,27.7,9.1,0.0,0.0,9.5,3,open_meteo
2,2-2026-03-16,37.8044,-122.2712,2026-03-16,29.5,13.5,0.0,0.0,9.0,3,open_meteo
2,2-2026-03-17,37.8044,-122.2712,2026-03-17,29.8,13.7,0.0,0.0,12.5,1,open_meteo
2,2-2026-03-18,37.8044,-122.2712,2026-03-18,31.3,15.0,0.0,0.0,8.4,0,open_meteo
2,2-2026-03-19,37.8044,-122.2712,2026-03-19,31.3,12.6,0.0,0.0,10.3,0,open_meteo
2,2-2026-03-20,37.8044,-122.2712,2026-03-20,32.1,15.5,0.0,0.0,7.9,3,open_meteo
2,2-2026-03-21,37.8044,-122.2712,2026-03-21,26.7,13.2,0.0,0.0,10.6,3,open_meteo
2,2-2026-03-22,37.8044,-122.2712,2026-03-22,23.1,9.7,0.0,0.0,13.0,3,open_meteo
2,2-2026-03-23,37.8044,-122.2712,2026-03-23,24.7,10.9,0.0,0.0,11.2,3,open_meteo
2,2-2026-03-24,37.8044,-122.2712,2026-03-24,26.3,11.1,0.0,0.0,10.6,1,open_meteo
2,2-2026-03-25,37.8044,-122.2712,2026-03-25,24.8,10.8,0.0,0.0,13.5,3,open_meteo
2,2-2026-03-26,37.8044,-122.2712,2026-03-26,25.6,9.1,0.0,0.0,12.2,3,open_meteo
2,2-2026-03-27,37.8044,-122.2712,2026-03-27,26.3,11.8,0.0,0.0,13.4,3,open_meteo
2,2-2026-03-28,37.8044,-122.2712,2026-03-28,25.5,10.6,0.0,0.0,10.5,3,open_meteo
2,2-2026-03-29,37.8044,-122.2712,2026-03-29,28.9,11.6,0.0,0.0,10.9,3,open_meteo
2,2-2026-03-30,37.8044,-122.2712,2026-03-30,25.3,14.5,0.0,0.0,11.8,3,open_meteo
2,2-2026-03-31,37.8044,-122.2712,2026-03-31,19.7,13.0,10.2,14.0,24.4,63,open_meteo
2,2-2026-04-01,37.8044,-122.2712,2026-04-01,15.5,12.7,10.2,18.0,21.5,63,open_meteo
2,2-2026-04-02,37.8044,-122.2712,2026-04-02,17.8,8.2,3.5,3.0,21.5,61,open_meteo
2,2-2026-04-03,37.8044,-122.2712,2026-04-03,23.0,7.6,0.0,0.0,16.6,3,open_meteo
2,2-2026-04-04,37.8044,-122.2712,2026-04-04,27.1,8.9,0.0,0.0,16.2,3,open_meteo
2,2-2026-04-05,37.8044,-122.2712,2026-04-05,28.4,11.4,0.0,0.0,11.8,3,open_meteo
2,2-2026-04-06,37.8044,-122.2712,2026-04-06,17.7,10.6,0.0,0.0,16.3,3,open_meteo
2,2-2026-04-07,37.8044,-122.2712,2026-04-07,18.6,10.5,0.0,0.0,14.5,3,open_meteo
2,2-2026-04-08,37.8044,-122.2712,2026-04-08,22.2,11.0,0.0,0.0,13.1,2,open_meteo
2,2-2026-04-09,37.8044,-122.2712,2026-04-09,20.3,12.3,0.2,2.0,14.9,51,open_meteo
2,2-2026-04-10,37.8044,-122.2712,2026-04-10,17.3,12.6,20.2,21.0,15.2,63,open_meteo
2,2-2026-04-11,37.8044,-122.2712,2026-04-11,15.4,10.2,23.0,21.0,26.5,63,open_meteo
2,2-2026-04-12,37.8044,-122.2712,2026-04-12,13.3,8.9,31.2,21.0,24.3,63,open_meteo
2,2-2026-04-13,37.8044,-122.2712,2026-04-13,16.5,9.3,0.9,7.0,16.6,51,open_meteo
2,2-2026-04-14,37.8044,-122.2712,2026-04-14,15.5,9.8,0.0,0.0,17.6,3,open_meteo
2,2-2026-04-15,37.8044,-122.2712,2026-04-15,17.7,8.7,0.0,0.0,17.6,3,open_meteo
2,2-2026-04-16,37.8044,-122.2712,2026-04-16,20.5,10.1,0.0,0.0,18.7,3,open_meteo
2,2-2026-04-17,37.8044,-122.2712,2026-04-17,20.8,9.2,0.0,0.0,18.8,3,open_meteo
2,2-2026-04-18,37.8044,-122.2712,2026-04-18,23.4,9.1,0.0,0.0,12.5,3,open_meteo
2,2-2026-04-19,37.8044,-122.2712,2026-04-19,19.7,10.1,0.0,0.0,15.9,3,open_meteo
2,2-2026-04-20,37.8044,-122.2712,2026-04-20,18.3,10.6,28.4,13.0,17.5,63,open_meteo
2,2-2026-04-21,37.8044,-122.2712,2026-04-21,14.2,10.4,16.6,22.0,19.0,63,open_meteo
2,2-2026-04-22,37.8044,-122.2712,2026-04-22,17.2,10.4,4.5,13.0,13.8,55,open_meteo
2,2-2026-04-23,37.8044,-122.2712,2026-04-23,19.4,8.9,0.0,0.0,12.9,3,open_meteo
2,2-2026-04-24,37.8044,-122.2712,2026-04-24,16.5,10.6,0.0,0.0,17.0,3,open_meteo
2,2-2026-04-25,37.8044,-122.2712,2026-04-25,13.7,11.0,1.3,8.0,16.1,51,open_meteo
2,2-2026-04-26,37.8044,-122.2712,2026-04-26,15.1,10.7,1.6,7.0,17.9,51,open_meteo
2,2-2026-04-27,37.8044,-122.2712,2026-04-27,16.1,9.0,0.0,0.0,16.2,3,open_meteo
2,2-2026-04-28,37.8044,-122.2712,2026-04-28,18.9,10.1,0.0,0.0,12.0,3,open_meteo
2,2-2026-04-29,37.8044,-122.2712,2026-04-29,20.2,10.6,0.0,0.0,14.3,3,open_meteo
2,2-2026-04-30,37.8044,-122.2712,2026-04-30,19.3,10.9,0.0,0.0,15.0,3,open_meteo
3,3-2026-01-01,37.321,-121.9486,2026-01-01,14.9,11.1,16.1,22.0,12.9,63,open_meteo
3,3-2026-01-02,37.321,-121.9486,2026-01-02,15.9,10.3,4.0,7.0,18.8,61,open_meteo
3,3-2026-01-03,37.321,-121.9486,2026-01-03,14.8,12.3,6.1,17.0,18.9,61,open_meteo
3,3-2026-01-04,37.321,-121.9486,2026-01-04,12.6,9.9,25.6,23.0,14.3,63,open_meteo
3,3-2026-01-05,37.321,-121.9486,2026-01-05,12.6,9.9,41.5,17.0,19.3,63,open_meteo
3,3-2026-01-06,37.321,-121.9486,2026-01-06,16.5,9.6,5.7,7.0,11.4,61,open_meteo
3,3-2026-01-07,37.321,-121.9486,2026-01-07,14.0,7.1,0.7,7.0,14.7,51,open_meteo
3,3-2026-01-08,37.321,-121.9486,2026-01-08,11.8,6.1,1.6,4.0,14.8,53,open_meteo
3,3-2026-01-09,37.321,-121.9486,2026-01-09,11.3,4.0,0.0,0.0,10.3,3,open_meteo
3,3-2026-01-10,37.321,-121.9486,2026-01-10,12.1,3.8,0.0,0.0,5.9,3,open_meteo
3,3-2026-01-11,37.321,-121.9486,2026-01-11,13.8,4.5,0.0,0.0,5.4,3,open_meteo
3,3-2026-01-12,37.321,-121.9486,2026-01-12,13.2,5.3,0.0,0.0,4.5,3,open_meteo
3,3-2026-01-13,37.321,-121.9486,2026-01-13,15.5,5.8,0.0,0.0,5.3,0,open_meteo
3,3-2026-01-14,37.321,-121.9486,2026-01-14,15.6,7.1,0.0,0.0,4.7,0,open_meteo
3,3-2026-01-15,37.321,-121.9486,2026-01-15,16.9,7.2,0.0,0.0,3.9,0,open_meteo
3,3-2026-01-16,37.321,-121.9486,2026-01-16,17.0,9.4,0.0,0.0,4.9,0,open_meteo
3,3-2026-01-17,37.321,-121.9486,2026-01-17,15.8,7.8,0.0,0.0,3.6,3,open_meteo
3,3-2026-01-18,37.321,-121.9486,2026-01-18,16.1,8.7,0.1,1.0,4.9,51,open_meteo
3,3-2026-01-19,37.321,-121.9486,2026-01-19,16.0,8.4,0.0,0.0,5.2,3,open_meteo
3,3-2026-01-20,37.321,-121.9486,2026-01-20,13.7,7.7,0.0,0.0,4.2,3,open_meteo
3,3-2026-01-21,37.321,-121.9486,2026-01-21,15.1,8.3,1.2,1.0,5.1,55,open_meteo
3,3-2026-01-22,37.321,-121.9486,2026-01-22,17.3,8.3,0.0,0.0,9.1,3,open_meteo
3,3-2026-01-23,37.321,-121.9486,2026-01-23,12.8,6.2,0.0,0.0,7.4,3,open_meteo
3,3-2026-01-24,37.321,-121.9486,2026-01-24,15.4,6.1,0.0,0.0,10.1,3,open_meteo
3,3-2026-01-25,37.321,-121.9486,2026-01-25,13.6,5.2,0.0,0.0,6.6,3,open_meteo
3,3-2026-01-26,37.321,-121.9486,2026-01-26,16.2,6.0,0.0,0.0,6.1,3,open_meteo
3,3-2026-01-27,37.321,-121.9486,2026-01-27,17.5,5.5,0.6,2.0,10.5,53,open_meteo
3,3-2026-01-28,37.321,-121.9486,2026-01-28,16.3,8.4,0.0,0.0,10.6,3,open_meteo
3,3-2026-01-29,37.321,-121.9486,2026-01-29,16.0,7.1,0.0,0.0,4.3,3,open_meteo
3,3-2026-01-30,37.321,-121.9486,2026-01-30,16.5,8.6,0.0,0.0,6.4,3,open_meteo
3,3-2026-01-31,37.321,-121.9486,2026-01-31,17.8,8.4,0.0,0.0,5.4,3,open_meteo
3,3-2026-02-01,37.321,-121.9486,2026-02-01,16.8,7.8,0.0,0.0,8.3,3,open_meteo
3,3-2026-02-02,37.321,-121.9486,2026-02-02,18.0,7.7,0.0,0.0,7.1,0,open_meteo
3,3-2026-02-03,37.321,-121.9486,2026-02-03,18.3,6.9,0.0,0.0,4.1,0,open_meteo
3,3-2026-02-04,37.321,-121.9486,2026-02-04,19.0,7.4,0.0,0.0,4.2,0,open_meteo
3,3-2026-02-05,37.321,-121.9486,2026-02-05,20.9,7.8,0.0,0.0,8.0,3,open_meteo
3,3-2026-02-06,37.321,-121.9486,2026-02-06,20.9,11.1,0.0,0.0,8.0,3,open_meteo
3,3-2026-02-07,37.321,-121.9486,2026-02-07,17.9,8.4,0.0,0.0,11.5,3,open_meteo
3,3-2026-02-08,37.321,-121.9486,2026-02-08,18.9,8.8,0.0,0.0,10.4,3,open_meteo
3,3-2026-02-09,37.321,-121.9486,2026-02-09,16.1,9.6,0.1,1.0,11.9,51,open_meteo
3,3-2026-02-10,37.321,-121.9486,2026-02-10,17.2,8.4,6.8,11.0,15.1,61,open_meteo
3,3-2026-02-11,37.321,-121.9486,2026-02-11,13.4,10.6,7.2,22.0,20.7,55,open_meteo
3,3-2026-02-12,37.321,-121.9486,2026-02-12,15.6,8.1,4.8,6.0,10.6,61,open_meteo
3,3-2026-02-13,37.321,-121.9486,2026-02-13,16.1,6.9,0.0,0.0,9.9,3,open_meteo
3,3-2026-02-14,37.321,-121.9486,2026-02-14,16.5,5.1,0.0,0.0,14.1,3,open_meteo
3,3-2026-02-15,37.321,-121.9486,2026-02-15,15.4,10.9,22.7,17.0,16.7,63,open_meteo
3,3-2026-02-16,37.321,-121.9486,2026-02-16,11.7,8.6,60.4,23.0,11.9,63,open_meteo
3,3-2026-02-17,37.321,-121.9486,2026-02-17,8.9,5.2,35.3,16.0,15.6,71,open_meteo
3,3-2026-02-18,37.321,-121.9486,2026-02-18,9.4,2.4,5.2,15.0,9.1,73,open_meteo
3,3-2026-02-19,37.321,-121.9486,2026-02-19,10.4,5.5,18.2,11.0,21.9,65,open_meteo
3,3-2026-02-20,37.321,-121.9486,2026-02-20,12.5,2.2,0.0,0.0,6.4,3,open_meteo
3,3-2026-02-21,37.321,-121.9486,2026-02-21,14.8,4.1,0.0,0.0,17.5,3,open_meteo
3,3-2026-02-22,37.321,-121.9486,2026-02-22,19.2,6.7,0.0,0.0,9.5,3,open_meteo
3,3-2026-02-23,37.321,-121.9486,2026-02-23,20.5,7.9,0.0,0.0,5.3,3,open_meteo
3,3-2026-02-24,37.321,-121.9486,2026-02-24,20.5,12.4,1.0,3.0,12.2,53,open_meteo
3,3-2026-02-25,37.321,-121.9486,2026-02-25,19.8,14.0,1.7,3.0,10.5,55,open_meteo
3,3-2026-02-26,37.321,-121.9486,2026-02-26,20.9,12.1,0.0,0.0,7.4,3,open_meteo
3,3-2026-02-27,37.321,-121.9486,2026-02-27,23.0,14.4,0.0,0.0,6.4,3,open_meteo
3,3-2026-02-28,37.321,-121.9486,2026-02-28,24.8,13.8,0.0,0.0,7.9,3,open_meteo
3,3-2026-03-01,37.321,-121.9486,2026-03-01,20.0,11.9,0.1,1.0,12.4,51,open_meteo
3,3-2026-03-02,37.321,-121.9486,2026-03-02,17.3,9.8,0.8,6.0,8.6,51,open_meteo
3,3-2026-03-03,37.321,-121.9486,2026-03-03,18.6,8.3,0.0,0.0,10.8,3,open_meteo
3,3-2026-03-04,37.321,-121.9486,2026-03-04,17.8,10.2,0.1,1.0,15.2,51,open_meteo
3,3-2026-03-05,37.321,-121.9486,2026-03-05,17.1,7.9,0.0,0.0,18.4,0,open_meteo
3,3-2026-03-06,37.321,-121.9486,2026-03-06,20.6,9.6,0.0,0.0,14.7,2,open_meteo
3,3-2026-03-07,37.321,-121.9486,2026-03-07,23.1,11.4,0.0,0.0,12.9,3,open_meteo
3,3-2026-03-08,37.321,-121.9486,2026-03-08,24.5,11.9,0.0,0.0,13.0,1,open_meteo
3,3-2026-03-09,37.321,-121.9486,2026-03-09,22.0,9.4,0.0,0.0,14.1,2,open_meteo
3,3-2026-03-10,37.321,-121.9486,2026-03-10,20.9,8.0,0.0,0.0,12.7,3,open_meteo
3,3-2026-03-11,37.321,-121.9486,2026-03-11,22.9,7.9,0.0,0.0,10.2,0,open_meteo
3,3-2026-03-12,37.321,-121.9486,2026-03-12,24.9,11.9,0.0,0.0,10.0,1,open_meteo
3,3-2026-03-13,37.321,-121.9486,2026-03-13,22.3,9.9,0.0,0.0,9.8,3,open_meteo
3,3-2026-03-14,37.321,-121.9486,2026-03-14,23.0,9.3,0.0,0.0,12.2,3,open_meteo
3,3-2026-03-15,37.321,-121.9486,2026-03-15,25.2,11.3,0.0,0.0,11.0,3,open_meteo
3,3-2026-03-16,37.321,-121.9486,2026-03-16,28.5,13.9,0.0,0.0,10.5,3,open_meteo
3,3-2026-03-17,37.321,-121.9486,2026-03-17,30.6,15.6,0.0,0.0,8.1,0,open_meteo
3,3-2026-03-18,37.321,-121.9486,2026-03-18,31.9,16.5,0.0,0.0,11.7,0,open_meteo
3,3-2026-03-19,37.321,-121.9486,2026-03-19,30.6,14.6,0.0,0.0,9.0,0,open_meteo
3,3-2026-03-20,37.321,-121.9486,2026-03-20,32.1,17.0,0.0,0.0,11.8,3,open_meteo
3,3-2026-03-21,37.321,-121.9486,2026-03-21,27.3,15.8,0.0,0.0,12.9,3,open_meteo
3,3-2026-03-22,37.321,-121.9486,2026-03-22,26.0,11.2,0.0,0.0,11.3,3,open_meteo
3,3-2026-03-23,37.321,-121.9486,2026-03-23,26.9,12.8,0.0,0.0,13.3,3,open_meteo
3,3-2026-03-24,37.321,-121.9486,2026-03-24,27.2,13.5,0.0,0.0,13.1,0,open_meteo
3,3-2026-03-25,37.321,-121.9486,2026-03-25,23.5,12.1,0.0,0.0,14.5,3,open_meteo
3,3-2026-03-26,37.321,-121.9486,2026-03-26,23.6,8.4,0.0,0.0,12.1,3,open_meteo
3,3-2026-03-27,37.321,-121.9486,2026-03-27,27.1,13.4,0.0,0.0,9.6,3,open_meteo
3,3-2026-03-28,37.321,-121.9486,2026-03-28,26.6,11.9,0.0,0.0,12.3,3,open_meteo
3,3-2026-03-29,37.321,-121.9486,2026-03-29,29.3,14.4,0.0,0.0,13.2,3,open_meteo
3,3-2026-03-30,37.321,-121.9486,2026-03-30,29.1,15.8,0.0,0.0,8.1,3,open_meteo
3,3-2026-03-31,37.321,-121.9486,2026-03-31,18.9,13.6,16.4,15.0,10.8,63,open_meteo
3,3-2026-04-01,37.321,-121.9486,2026-04-01,18.7,12.6,0.7,4.0,15.5,51,open_meteo
3,3-2026-04-02,37.321,-121.9486,2026-04-02,16.4,10.4,2.9,5.0,15.5,55,open_meteo
3,3-2026-04-03,37.321,-121.9486,2026-04-03,22.1,8.8,0.0,0.0,10.1,2,open_meteo
3,3-2026-04-04,37.321,-121.9486,2026-04-04,28.9,10.5,0.0,0.0,12.8,3,open_meteo
3,3-2026-04-05,37.321,-121.9486,2026-04-05,29.6,13.7,0.2,2.0,11.8,51,open_meteo
3,3-2026-04-06,37.321,-121.9486,2026-04-06,22.7,11.4,0.0,0.0,13.1,3,open_meteo
3,3-2026-04-07,37.321,-121.9486,2026-04-07,22.6,9.6,0.0,0.0,12.4,3,open_meteo
3,3-2026-04-08,37.321,-121.9486,2026-04-08,24.5,12.1,0.0,0.0,11.4,3,open_meteo
3,3-2026-04-09,37.321,-121.9486,2026-04-09,25.2,12.9,0.5,3.0,9.2,51,open_meteo
3,3-2026-04-10,37.321,-121.9486,2026-04-10,17.4,13.3,4.7,14.0,14.8,63,open_meteo
3,3-2026-04-11,37.321,-121.9486,2026-04-11,15.7,10.2,17.5,16.0,20.6,63,open_meteo
3,3-2026-04-12,37.321,-121.9486,2026-04-12,14.8,9.8,2.8,13.0,16.4,55,open_meteo
3,3-2026-04-13,37.321,-121.9486,2026-04-13,16.8,8.8,1.1,8.0,12.7,51,open_meteo
3,3-2026-04-14,37.321,-121.9486,2026-04-14,17.7,8.8,0.1,1.0,14.9,51,open_meteo
3,3-2026-04-15,37.321,-121.9486,2026-04-15,17.9,7.8,0.0,0.0,13.9,3,open_meteo
3,3-2026-04-16,37.321,-121.9486,2026-04-16,19.2,10.0,0.0,0.0,17.1,3,open_meteo
3,3-2026-04-17,37.321,-121.9486,2026-04-17,21.2,9.4,0.0,0.0,11.9,3,open_meteo
3,3-2026-04-18,37.321,-121.9486,2026-04-18,26.0,9.7,0.0,0.0,5.7,3,open_meteo
3,3-2026-04-19,37.321,-121.9486,2026-04-19,25.1,12.1,0.0,0.0,15.0,3,open_meteo
3,3-2026-04-20,37.321,-121.9486,2026-04-20,20.6,10.2,21.2,12.0,15.7,63,open_meteo
3,3-2026-04-21,37.321,-121.9486,2026-04-21,14.4,10.2,14.1,18.0,9.7,63,open_meteo
3,3-2026-04-22,37.321,-121.9486,2026-04-22,17.4,8.1,3.3,8.0,7.9,61,open_meteo
3,3-2026-04-23,37.321,-121.9486,2026-04-23,19.9,9.8,0.0,0.0,14.3,3,open_meteo
3,3-2026-04-24,37.321,-121.9486,2026-04-24,20.3,9.6,0.0,0.0,11.3,3,open_meteo
3,3-2026-04-25,37.321,-121.9486,2026-04-25,15.3,9.3,0.2,2.0,7.3,51,open_meteo
3,3-2026-04-26,37.321,-121.9486,2026-04-26,15.9,9.6,1.3,6.0,10.8,53,open_meteo
3,3-2026-04-27,37.321,-121.9486,2026-04-27,16.7,8.1,0.8,6.0,12.5,51,open_meteo
3,3-2026-04-28,37.321,-121.9486,2026-04-28,20.5,6.3,0.0,0.0,13.3,3,open_meteo
3,3-2026-04-29,37.321,-121.9486,2026-04-29,24.1,10.5,0.0,0.0,14.1,0,open_meteo
3,3-2026-04-30,37.321,-121.9486,2026-04-30,24.5,9.1,0.0,0.0,13.0,2,open_meteo
4,4-2026-01-01,38.5689,-121.4688,2026-01-01,15.2,7.8,18.7,22.0,20.0,63,open_meteo
4,4-2026-01-02,38.5689,-121.4688,2026-01-02,16.1,11.0,13.5,9.0,22.6,63,open_meteo
4,4-2026-01-03,38.5689,-121.4688,2026-01-03,16.0,11.8,24.0,17.0,25.2,63,open_meteo
4,4-2026-01-04,38.5689,-121.4688,2026-01-04,11.8,9.6,33.1,24.0,16.3,63,open_meteo
4,4-2026-01-05,38.5689,-121.4688,2026-01-05,13.6,9.1,21.2,18.0,20.8,63,open_meteo
4,4-2026-01-06,38.5689,-121.4688,2026-01-06,15.1,9.4,0.8,2.0,17.3,51,open_meteo
4,4-2026-01-07,38.5689,-121.4688,2026-01-07,15.1,8.6,0.2,2.0,11.9,51,open_meteo
4,4-2026-01-08,38.5689,-121.4688,2026-01-08,12.6,5.3,0.1,1.0,19.4,51,open_meteo
4,4-2026-01-09,38.5689,-121.4688,2026-01-09,11.6,2.3,0.0,0.0,16.7,3,open_meteo
4,4-2026-01-10,38.5689,-121.4688,2026-01-10,11.6,1.5,0.0,0.0,7.1,3,open_meteo
4,4-2026-01-11,38.5689,-121.4688,2026-01-11,11.6,1.5,0.0,0.0,3.1,3,open_meteo
4,4-2026-01-12,38.5689,-121.4688,2026-01-12,13.0,1.8,0.0,0.0,5.6,3,open_meteo
4,4-2026-01-13,38.5689,-121.4688,2026-01-13,13.1,1.2,0.0,0.0,4.9,3,open_meteo
4,4-2026-01-14,38.5689,-121.4688,2026-01-14,13.5,2.0,0.0,0.0,4.4,3,open_meteo
4,4-2026-01-15,38.5689,-121.4688,2026-01-15,14.5,3.3,0.0,0.0,7.6,3,open_meteo
4,4-2026-01-16,38.5689,-121.4688,2026-01-16,14.2,2.7,0.0,0.0,5.5,3,open_meteo
4,4-2026-01-17,38.5689,-121.4688,2026-01-17,13.6,2.5,0.0,0.0,6.6,3,open_meteo
4,4-2026-01-18,38.5689,-121.4688,2026-01-18,13.9,3.5,0.0,0.0,6.1,3,open_meteo
4,4-2026-01-19,38.5689,-121.4688,2026-01-19,11.6,4.8,0.0,0.0,7.8,3,open_meteo
4,4-2026-01-20,38.5689,-121.4688,2026-01-20,11.6,5.5,0.0,0.0,7.0,3,open_meteo
4,4-2026-01-21,38.5689,-121.4688,2026-01-21,12.6,5.2,0.0,0.0,5.2,3,open_meteo
4,4-2026-01-22,38.5689,-121.4688,2026-01-22,13.7,6.8,0.0,0.0,8.5,3,open_meteo
4,4-2026-01-23,38.5689,-121.4688,2026-01-23,10.0,5.3,0.0,0.0,5.5,3,open_meteo
4,4-2026-01-24,38.5689,-121.4688,2026-01-24,16.9,5.8,0.0,0.0,17.0,3,open_meteo
4,4-2026-01-25,38.5689,-121.4688,2026-01-25,10.1,4.7,0.0,0.0,6.6,3,open_meteo
4,4-2026-01-26,38.5689,-121.4688,2026-01-26,12.9,3.0,0.0,0.0,7.5,3,open_meteo
4,4-2026-01-27,38.5689,-121.4688,2026-01-27,13.8,2.1,4.6,3.0,7.6,61,open_meteo
4,4-2026-01-28,38.5689,-121.4688,2026-01-28,16.0,7.4,0.8,3.0,15.2,53,open_meteo
4,4-2026-01-29,38.5689,-121.4688,2026-01-29,14.2,3.8,0.0,0.0,7.6,3,open_meteo
4,4-2026-01-30,38.5689,-121.4688,2026-01-30,14.8,4.3,0.0,0.0,8.2,3,open_meteo
4,4-2026-01-31,38.5689,-121.4688,2026-01-31,13.8,5.2,0.0,0.0,5.5,3,open_meteo
4,4-2026-02-01,38.5689,-121.4688,2026-02-01,16.9,4.7,0.0,0.0,8.8,3,open_meteo
4,4-2026-02-02,38.5689,-121.4688,2026-02-02,15.7,3.3,0.0,0.0,6.9,3,open_meteo
4,4-2026-02-03,38.5689,-121.4688,2026-02-03,17.2,4.2,0.0,0.0,8.4,3,open_meteo
4,4-2026-02-04,38.5689,-121.4688,2026-02-04,17.3,5.0,0.0,0.0,7.0,3,open_meteo
4,4-2026-02-05,38.5689,-121.4688,2026-02-05,19.0,4.0,0.0,0.0,6.4,3,open_meteo
4,4-2026-02-06,38.5689,-121.4688,2026-02-06,19.6,7.8,0.4,2.0,6.4,51,open_meteo
4,4-2026-02-07,38.5689,-121.4688,2026-02-07,18.0,6.8,0.0,0.0,6.1,3,open_meteo
4,4-2026-02-08,38.5689,-121.4688,2026-02-08,19.5,7.1,0.0,0.0,11.3,3,open_meteo
4,4-2026-02-09,38.5689,-121.4688,2026-02-09,18.0,8.9,0.0,0.0,19.7,3,open_meteo
4,4-2026-02-10,38.5689,-121.4688,2026-02-10,15.6,7.7,12.2,8.0,15.8,63,open_meteo
4,4-2026-02-11,38.5689,-121.4688,2026-02-11,14.6,10.8,9.7,20.0,25.5,61,open_meteo
4,4-2026-02-12,38.5689,-121.4688,2026-02-12,17.5,6.6,0.0,0.0,11.9,3,open_meteo
4,4-2026-02-13,38.5689,-121.4688,2026-02-13,17.5,5.6,0.0,0.0,8.8,3,open_meteo
4,4-2026-02-14,38.5689,-121.4688,2026-02-14,15.9,6.4,0.1,1.0,10.9,51,open_meteo
4,4-2026-02-15,38.5689,-121.4688,2026-02-15,16.9,9.4,6.7,8.0,15.8,61,open_meteo
4,4-2026-02-16,38.5689,-121.4688,2026-02-16,11.2,7.9,44.6,20.0,19.7,63,open_meteo
4,4-2026-02-17,38.5689,-121.4688,2026-02-17,9.4,5.8,14.1,16.0,23.9,61,open_meteo
4,4-2026-02-18,38.5689,-121.4688,2026-02-18,8.9,1.6,3.1,10.0,18.5,61,open_meteo
4,4-2026-02-19,38.5689,-121.4688,2026-02-19,12.1,4.9,13.3,16.0,25.8,61,open_meteo
4,4-2026-02-20,38.5689,-121.4688,2026-02-20,11.1,1.3,0.0,0.0,10.1,3,open_meteo
4,4-2026-02-21,38.5689,-121.4688,2026-02-21,15.1,3.5,0.0,0.0,7.8,3,open_meteo
4,4-2026-02-22,38.5689,-121.4688,2026-02-22,18.4,4.6,0.0,0.0,9.3,3,open_meteo
4,4-2026-02-23,38.5689,-121.4688,2026-02-23,18.8,6.6,0.0,0.0,8.5,3,open_meteo
4,4-2026-02-24,38.5689,-121.4688,2026-02-24,17.4,13.1,8.2,11.0,14.9,61,open_meteo
4,4-2026-02-25,38.5689,-121.4688,2026-02-25,19.5,13.9,1.0,5.0,9.0,51,open_meteo
4,4-2026-02-26,38.5689,-121.4688,2026-02-26,21.2,10.9,0.0,0.0,8.9,3,open_meteo
4,4-2026-02-27,38.5689,-121.4688,2026-02-27,22.9,10.6,0.0,0.0,9.0,3,open_meteo
4,4-2026-02-28,38.5689,-121.4688,2026-02-28,23.0,13.2,0.0,0.0,5.0,3,open_meteo
4,4-2026-03-01,38.5689,-121.4688,2026-03-01,19.8,12.4,0.0,0.0,8.8,3,open_meteo
4,4-2026-03-02,38.5689,-121.4688,2026-03-02,18.6,10.1,0.1,1.0,6.4,51,open_meteo
4,4-2026-03-03,38.5689,-121.4688,2026-03-03,20.4,8.6,0.0,0.0,6.9,3,open_meteo
4,4-2026-03-04,38.5689,-121.4688,2026-03-04,19.5,10.1,0.1,1.0,16.3,51,open_meteo
4,4-2026-03-05,38.5689,-121.4688,2026-03-05,18.5,8.2,0.0,0.0,22.2,0,open_meteo
4,4-2026-03-06,38.5689,-121.4688,2026-03-06,20.5,8.2,0.0,0.0,20.9,3,open_meteo
4,4-2026-03-07,38.5689,-121.4688,2026-03-07,24.9,10.6,0.0,0.0,21.4,3,open_meteo
4,4-2026-03-08,38.5689,-121.4688,2026-03-08,23.3,9.9,0.0,0.0,8.9,2,open_meteo
4,4-2026-03-09,38.5689,-121.4688,2026-03-09,24.1,9.6,0.0,0.0,10.0,3,open_meteo
4,4-2026-03-10,38.5689,-121.4688,2026-03-10,22.0,9.6,0.0,0.0,8.2,3,open_meteo
4,4-2026-03-11,38.5689,-121.4688,2026-03-11,24.3,8.9,0.0,0.0,9.9,3,open_meteo
4,4-2026-03-12,38.5689,-121.4688,2026-03-12,26.4,8.4,0.0,0.0,5.8,1,open_meteo
4,4-2026-03-13,38.5689,-121.4688,2026-03-13,25.0,8.4,0.0,0.0,4.8,3,open_meteo
4,4-2026-03-14,38.5689,-121.4688,2026-03-14,25.6,10.2,0.0,0.0,9.7,3,open_meteo
4,4-2026-03-15,38.5689,-121.4688,2026-03-15,28.0,12.6,0.0,0.0,11.0,3,open_meteo
4,4-2026-03-16,38.5689,-121.4688,2026-03-16,28.6,10.9,0.0,0.0,6.5,3,open_meteo
4,4-2026-03-17,38.5689,-121.4688,2026-03-17,30.0,13.3,0.0,0.0,6.9,3,open_meteo
4,4-2026-03-18,38.5689,-121.4688,2026-03-18,31.1,13.8,0.0,0.0,6.1,0,open_meteo
4,4-2026-03-19,38.5689,-121.4688,2026-03-19,30.9,15.0,0.0,0.0,8.4,0,open_meteo
4,4-2026-03-20,38.5689,-121.4688,2026-03-20,30.9,13.3,0.0,0.0,8.0,1,open_meteo
4,4-2026-03-21,38.5689,-121.4688,2026-03-21,30.2,16.1,0.0,0.0,8.3,3,open_meteo
4,4-2026-03-22,38.5689,-121.4688,2026-03-22,28.8,14.7,0.0,0.0,8.7,3,open_meteo
4,4-2026-03-23,38.5689,-121.4688,2026-03-23,29.5,12.5,0.0,0.0,9.3,3,open_meteo
4,4-2026-03-24,38.5689,-121.4688,2026-03-24,30.2,11.9,0.0,0.0,7.7,0,open_meteo
4,4-2026-03-25,38.5689,-121.4688,2026-03-25,28.7,12.1,0.0,0.0,10.0,3,open_meteo
4,4-2026-03-26,38.5689,-121.4688,2026-03-26,25.9,13.4,0.0,0.0,16.2,3,open_meteo
4,4-2026-03-27,38.5689,-121.4688,2026-03-27,27.0,10.9,0.0,0.0,6.7,3,open_meteo
4,4-2026-03-28,38.5689,-121.4688,2026-03-28,28.9,11.6,0.0,0.0,7.3,3,open_meteo
4,4-2026-03-29,38.5689,-121.4688,2026-03-29,31.5,14.5,0.0,0.0,11.8,3,open_meteo
4,4-2026-03-30,38.5689,-121.4688,2026-03-30,28.1,14.2,0.0,0.0,10.6,3,open_meteo
4,4-2026-03-31,38.5689,-121.4688,2026-03-31,21.0,13.7,31.3,13.0,16.0,65,open_meteo
4,4-2026-04-01,38.5689,-121.4688,2026-04-01,15.9,12.7,13.0,18.0,15.4,63,open_meteo
4,4-2026-04-02,38.5689,-121.4688,2026-04-02,17.0,8.2,0.4,1.0,14.7,51,open_meteo
4,4-2026-04-03,38.5689,-121.4688,2026-04-03,23.1,7.7,0.0,0.0,14.2,0,open_meteo
4,4-2026-04-04,38.5689,-121.4688,2026-04-04,25.1,8.8,0.0,0.0,6.2,3,open_meteo
4,4-2026-04-05,38.5689,-121.4688,2026-04-05,27.0,9.9,0.0,0.0,6.5,3,open_meteo
4,4-2026-04-06,38.5689,-121.4688,2026-04-06,27.5,10.9,0.0,0.0,11.9,3,open_meteo
4,4-2026-04-07,38.5689,-121.4688,2026-04-07,25.3,10.1,0.0,0.0,10.4,3,open_meteo
4,4-2026-04-08,38.5689,-121.4688,2026-04-08,27.8,10.4,0.0,0.0,10.2,3,open_meteo
4,4-2026-04-09,38.5689,-121.4688,2026-04-09,24.6,13.8,0.2,1.0,13.9,51,open_meteo
4,4-2026-04-10,38.5689,-121.4688,2026-04-10,18.7,13.1,13.4,17.0,10.0,63,open_meteo
4,4-2026-04-11,38.5689,-121.4688,2026-04-11,18.3,9.9,46.0,22.0,23.5,63,open_meteo
4,4-2026-04-12,38.5689,-121.4688,2026-04-12,13.7,8.5,17.7,17.0,20.3,63,open_meteo
4,4-2026-04-13,38.5689,-121.4688,2026-04-13,18.0,8.9,0.9,8.0,12.5,51,open_meteo
4,4-2026-04-14,38.5689,-121.4688,2026-04-14,19.6,8.9,0.0,0.0,13.0,3,open_meteo
4,4-2026-04-15,38.5689,-121.4688,2026-04-15,19.8,8.9,0.2,1.0,12.3,51,open_meteo
4,4-2026-04-16,38.5689,-121.4688,2026-04-16,19.1,9.0,0.0,0.0,22.3,2,open_meteo
4,4-2026-04-17,38.5689,-121.4688,2026-04-17,21.5,8.6,0.0,0.0,17.7,3,open_meteo
4,4-2026-04-18,38.5689,-121.4688,2026-04-18,23.9,8.2,0.0,0.0,6.2,3,open_meteo
4,4-2026-04-19,38.5689,-121.4688,2026-04-19,24.7,11.4,0.0,0.0,12.6,3,open_meteo
4,4-2026-04-20,38.5689,-121.4688,2026-04-20,19.2,9.9,7.5,8.0,12.2,61,open_meteo
4,4-2026-04-21,38.5689,-121.4688,2026-04-21,16.6,10.1,35.9,18.0,14.2,63,open_meteo
4,4-2026-04-22,38.5689,-121.4688,2026-04-22,17.5,9.4,9.3,12.0,13.1,63,open_meteo
4,4-2026-04-23,38.5689,-121.4688,2026-04-23,21.9,8.1,0.0,0.0,8.0,3,open_meteo
4,4-2026-04-24,38.5689,-121.4688,2026-04-24,20.2,10.8,0.0,0.0,12.0,3,open_meteo
4,4-2026-04-25,38.5689,-121.4688,2026-04-25,16.9,10.3,0.0,0.0,15.3,3,open_meteo
4,4-2026-04-26,38.5689,-121.4688,2026-04-26,16.6,10.6,2.7,8.0,16.3,53,open_meteo
4,4-2026-04-27,38.5689,-121.4688,2026-04-27,19.2,10.1,0.0,0.0,10.1,3,open_meteo
4,4-2026-04-28,38.5689,-121.4688,2026-04-28,22.1,9.1,0.0,0.0,6.9,3,open_meteo
4,4-2026-04-29,38.5689,-121.4688,2026-04-29,26.4,10.4,0.0,0.0,12.2,0,open_meteo
4,4-2026-04-30,38.5689,-121.4688,2026-04-30,28.9,10.9,0.0,0.0,13.3,0,open_meteo
5,5-2026-01-01,47.6253,-122.3222,2026-01-01,3.9,0.8,1.2,8.0,7.9,51,open_meteo
5,5-2026-01-02,47.6253,-122.3222,2026-01-02,6.3,3.7,7.2,16.0,9.5,53,open_meteo
5,5-2026-01-03,47.6253,-122.3222,2026-01-03,12.0,5.0,12.5,15.0,20.9,63,open_meteo
5,5-2026-01-04,47.6253,-122.3222,2026-01-04,8.5,4.7,11.6,12.0,25.6,63,open_meteo
5,5-2026-01-05,47.6253,-122.3222,2026-01-05,6.3,3.8,3.4,9.0,16.2,61,open_meteo
5,5-2026-01-06,47.6253,-122.3222,2026-01-06,6.5,4.2,12.7,11.0,33.9,61,open_meteo
5,5-2026-01-07,47.6253,-122.3222,2026-01-07,4.8,3.2,2.7,5.0,25.3,71,open_meteo
5,5-2026-01-08,47.6253,-122.3222,2026-01-08,6.3,1.8,7.7,7.0,22.5,75,open_meteo
5,5-2026-01-09,47.6253,-122.3222,2026-01-09,9.9,5.2,0.3,3.0,17.7,51,open_meteo
5,5-2026-01-10,47.6253,-122.3222,2026-01-10,8.7,3.4,7.9,6.0,16.8,61,open_meteo
5,5-2026-01-11,47.6253,-122.3222,2026-01-11,8.7,5.8,29.2,20.0,19.2,63,open_meteo
5,5-2026-01-12,47.6253,-122.3222,2026-01-12,10.9,8.5,16.5,12.0,21.4,63,open_meteo
5,5-2026-01-13,47.6253,-122.3222,2026-01-13,12.4,9.8,0.0,0.0,18.4,3,open_meteo
5,5-2026-01-14,47.6253,-122.3222,2026-01-14,10.0,7.9,0.2,2.0,9.3,51,open_meteo
5,5-2026-01-15,47.6253,-122.3222,2026-01-15,8.4,6.4,0.0,0.0,18.7,3,open_meteo
5,5-2026-01-16,47.6253,-122.3222,2026-01-16,9.2,4.3,0.0,0.0,14.9,3,open_meteo
5,5-2026-01-17,47.6253,-122.3222,2026-01-17,8.8,1.9,0.0,0.0,9.5,1,open_meteo
5,5-2026-01-18,47.6253,-122.3222,2026-01-18,8.4,1.0,0.0,0.0,9.9,2,open_meteo
5,5-2026-01-19,47.6253,-122.3222,2026-01-19,7.5,0.5,0.0,0.0,7.9,2,open_meteo
5,5-2026-01-20,47.6253,-122.3222,2026-01-20,7.1,0.8,0.0,0.0,10.6,3,open_meteo
5,5-2026-01-21,47.6253,-122.3222,2026-01-21,6.3,-0.2,0.0,0.0,6.3,3,open_meteo
5,5-2026-01-22,47.6253,-122.3222,2026-01-22,4.2,-0.4,0.0,0.0,5.6,3,open_meteo
5,5-2026-01-23,47.6253,-122.3222,2026-01-23,6.2,-0.0,0.0,0.0,12.2,3,open_meteo
5,5-2026-01-24,47.6253,-122.3222,2026-01-24,4.6,-1.6,0.0,0.0,7.0,3,open_meteo
5,5-2026-01-25,47.6253,-122.3222,2026-01-25,4.4,-2.2,0.0,0.0,6.5,3,open_meteo
5,5-2026-01-26,47.6253,-122.3222,2026-01-26,6.9,-1.2,0.0,0.0,10.2,3,open_meteo
5,5-2026-01-27,47.6253,-122.3222,2026-01-27,9.2,1.4,0.8,2.0,14.9,51,open_meteo
5,5-2026-01-28,47.6253,-122.3222,2026-01-28,8.5,5.0,7.0,17.0,16.6,53,open_meteo
5,5-2026-01-29,47.6253,-122.3222,2026-01-29,10.0,7.2,11.9,22.0,18.3,61,open_meteo
5,5-2026-01-30,47.6253,-122.3222,2026-01-30,11.2,6.5,5.1,10.0,18.8,63,open_meteo
5,5-2026-01-31,47.6253,-122.3222,2026-01-31,12.8,6.9,2.3,3.0,10.1,61,open_meteo
5,5-2026-02-01,47.6253,-122.3222,2026-02-01,11.4,7.0,7.0,7.0,23.0,63,open_meteo
5,5-2026-02-02,47.6253,-122.3222,2026-02-02,10.6,5.7,17.1,9.0,19.0,63,open_meteo
5,5-2026-02-03,47.6253,-122.3222,2026-02-03,10.7,6.1,0.0,0.0,11.1,3,open_meteo
5,5-2026-02-04,47.6253,-122.3222,2026-02-04,13.0,6.7,0.0,0.0,12.9,3,open_meteo
5,5-2026-02-05,47.6253,-122.3222,2026-02-05,11.5,4.3,0.0,0.0,10.7,3,open_meteo
5,5-2026-02-06,47.6253,-122.3222,2026-02-06,13.4,2.6,0.0,0.0,14.9,3,open_meteo
5,5-2026-02-07,47.6253,-122.3222,2026-02-07,10.2,6.7,18.6,12.0,28.4,63,open_meteo
5,5-2026-02-08,47.6253,-122.3222,2026-02-08,8.7,5.1,0.0,0.0,17.7,3,open_meteo
5,5-2026-02-09,47.6253,-122.3222,2026-02-09,9.7,5.1,1.1,5.0,21.1,53,open_meteo
5,5-2026-02-10,47.6253,-122.3222,2026-02-10,10.6,3.0,0.0,0.0,16.6,3,open_meteo
5,5-2026-02-11,47.6253,-122.3222,2026-02-11,8.6,3.3,0.0,0.0,15.8,3,open_meteo
5,5-2026-02-12,47.6253,-122.3222,2026-02-12,10.2,1.8,0.0,0.0,12.4,3,open_meteo
5,5-2026-02-13,47.6253,-122.3222,2026-02-13,7.6,5.2,9.7,17.0,17.5,61,open_meteo
5,5-2026-02-14,47.6253,-122.3222,2026-02-14,8.2,3.4,0.0,0.0,16.0,3,open_meteo
5,5-2026-02-15,47.6253,-122.3222,2026-02-15,6.9,3.2,0.0,0.0,20.0,3,open_meteo
5,5-2026-02-16,47.6253,-122.3222,2026-02-16,6.1,1.9,0.4,2.0,22.9,51,open_meteo
5,5-2026-02-17,47.6253,-122.3222,2026-02-17,6.6,0.0,1.9,6.0,12.6,73,open_meteo
5,5-2026-02-18,47.6253,-122.3222,2026-02-18,5.0,0.2,8.2,10.0,10.7,75,open_meteo
5,5-2026-02-19,47.6253,-122.3222,2026-02-19,3.6,1.1,0.9,4.0,20.3,71,open_meteo
5,5-2026-02-20,47.6253,-122.3222,2026-02-20,4.3,-0.7,0.0,0.0,7.0,3,open_meteo
5,5-2026-02-21,47.6253,-122.3222,2026-02-21,7.3,3.2,3.3,7.0,20.3,55,open_meteo
5,5-2026-02-22,47.6253,-122.3222,2026-02-22,10.6,6.0,10.5,18.0,26.9,61,open_meteo
5,5-2026-02-23,47.6253,-122.3222,2026-02-23,8.3,4.9,10.5,9.0,20.4,63,open_meteo
5,5-2026-02-24,47.6253,-122.3222,2026-02-24,7.7,3.5,0.0,0.0,16.9,3,open_meteo
5,5-2026-02-25,47.6253,-122.3222,2026-02-25,10.5,1.2,0.0,0.0,23.2,3,open_meteo
5,5-2026-02-26,47.6253,-122.3222,2026-02-26,10.3,5.1,0.0,0.0,30.5,3,open_meteo
5,5-2026-02-27,47.6253,-122.3222,2026-02-27,10.8,5.8,1.3,10.0,19.1,51,open_meteo
5,5-2026-02-28,47.6253,-122.3222,2026-02-28,9.0,4.9,0.0,0.0,19.3,3,open_meteo
5,5-2026-03-01,47.6253,-122.3222,2026-03-01,9.7,2.7,0.0,0.0,14.3,3,open_meteo
5,5-2026-03-02,47.6253,-122.3222,2026-03-02,12.7,0.9,0.0,0.0,11.2,3,open_meteo
5,5-2026-03-03,47.6253,-122.3222,2026-03-03,11.1,6.7,7.1,12.0,18.4,63,open_meteo
5,5-2026-03-04,47.6253,-122.3222,2026-03-04,11.2,6.3,21.0,16.0,22.7,61,open_meteo
5,5-2026-03-05,47.6253,-122.3222,2026-03-05,9.9,5.3,0.4,3.0,12.3,51,open_meteo
5,5-2026-03-06,47.6253,-122.3222,2026-03-06,9.9,6.8,6.1,20.0,22.3,53,open_meteo
5,5-2026-03-07,47.6253,-122.3222,2026-03-07,12.2,9.0,0.1,1.0,25.5,51,open_meteo
5,5-2026-03-08,47.6253,-122.3222,2026-03-08,10.3,4.8,3.3,13.0,32.8,55,open_meteo
5,5-2026-03-09,47.6253,-122.3222,2026-03-09,7.3,1.7,2.6,7.0,24.7,73,open_meteo
5,5-2026-03-10,47.6253,-122.3222,2026-03-10,7.9,1.6,1.1,4.0,23.5,71,open_meteo
5,5-2026-03-11,47.6253,-122.3222,2026-03-11,10.6,4.4,19.3,21.0,46.9,63,open_meteo
5,5-2026-03-12,47.6253,-122.3222,2026-03-12,9.4,2.9,7.1,12.0,31.4,55,open_meteo
5,5-2026-03-13,47.6253,-122.3222,2026-03-13,2.7,1.2,20.8,23.0,6.1,73,open_meteo
5,5-2026-03-14,47.6253,-122.3222,2026-03-14,6.9,2.1,1.1,7.0,8.9,51,open_meteo
5,5-2026-03-15,47.6253,-122.3222,2026-03-15,7.0,1.8,1.7,7.0,13.6,51,open_meteo
5,5-2026-03-16,47.6253,-122.3222,2026-03-16,12.2,5.7,4.4,10.0,22.4,53,open_meteo
5,5-2026-03-17,47.6253,-122.3222,2026-03-17,11.7,8.8,22.3,20.0,28.7,63,open_meteo
5,5-2026-03-18,47.6253,-122.3222,2026-03-18,13.9,9.5,16.6,20.0,20.7,63,open_meteo
5,5-2026-03-19,47.6253,-122.3222,2026-03-19,11.9,9.4,16.4,20.0,24.5,63,open_meteo
5,5-2026-03-20,47.6253,-122.3222,2026-03-20,13.7,7.1,9.3,15.0,26.2,61,open_meteo
5,5-2026-03-21,47.6253,-122.3222,2026-03-21,8.5,5.3,0.0,0.0,14.2,3,open_meteo
5,5-2026-03-22,47.6253,-122.3222,2026-03-22,8.7,2.6,0.0,0.0,15.9,3,open_meteo
5,5-2026-03-23,47.6253,-122.3222,2026-03-23,8.6,3.9,0.0,0.0,13.1,3,open_meteo
5,5-2026-03-24,47.6253,-122.3222,2026-03-24,12.1,5.9,25.8,16.0,34.4,65,open_meteo
5,5-2026-03-25,47.6253,-122.3222,2026-03-25,9.2,3.2,3.7,3.0,25.7,61,open_meteo
5,5-2026-03-26,47.6253,-122.3222,2026-03-26,10.5,2.5,0.0,0.0,11.6,2,open_meteo
5,5-2026-03-27,47.6253,-122.3222,2026-03-27,11.9,2.4,0.0,0.0,15.4,3,open_meteo
5,5-2026-03-28,47.6253,-122.3222,2026-03-28,12.1,5.1,0.0,0.0,16.6,3,open_meteo
5,5-2026-03-29,47.6253,-122.3222,2026-03-29,7.0,3.6,5.5,10.0,16.8,55,open_meteo
5,5-2026-03-30,47.6253,-122.3222,2026-03-30,8.4,1.1,0.1,1.0,14.3,51,open_meteo
5,5-2026-03-31,47.6253,-122.3222,2026-03-31,11.7,2.6,0.3,2.0,13.4,51,open_meteo
5,5-2026-04-01,47.6253,-122.3222,2026-04-01,8.7,6.2,18.8,19.0,24.5,61,open_meteo
5,5-2026-04-02,47.6253,-122.3222,2026-04-02,12.6,4.9,1.1,2.0,23.2,55,open_meteo
5,5-2026-04-03,47.6253,-122.3222,2026-04-03,12.9,6.0,0.0,0.0,14.4,3,open_meteo
5,5-2026-04-04,47.6253,-122.3222,2026-04-04,14.1,5.4,0.0,0.0,16.4,3,open_meteo
5,5-2026-04-05,47.6253,-122.3222,2026-04-05,14.9,7.1,0.0,0.0,14.4,3,open_meteo
5,5-2026-04-06,47.6253,-122.3222,2026-04-06,18.4,5.9,0.0,0.0,13.3,3,open_meteo
5,5-2026-04-07,47.6253,-122.3222,2026-04-07,11.2,6.9,0.0,0.0,14.1,3,open_meteo
5,5-2026-04-08,47.6253,-122.3222,2026-04-08,13.1,3.5,0.0,0.0,12.0,1,open_meteo
5,5-2026-04-09,47.6253,-122.3222,2026-04-09,14.7,5.3,0.0,0.0,14.5,3,open_meteo
5,5-2026-04-10,47.6253,-122.3222,2026-04-10,17.9,5.7,0.2,1.0,11.6,51,open_meteo
5,5-2026-04-11,47.6253,-122.3222,2026-04-11,12.5,8.6,5.0,10.0,14.1,61,open_meteo
5,5-2026-04-12,47.6253,-122.3222,2026-04-12,14.3,8.0,0.1,1.0,17.4,51,open_meteo
5,5-2026-04-13,47.6253,-122.3222,2026-04-13,11.4,7.6,3.7,10.0,20.3,53,open_meteo
5,5-2026-04-14,47.6253,-122.3222,2026-04-14,8.3,6.8,18.0,16.0,31.9,61,open_meteo
5,5-2026-04-15,47.6253,-122.3222,2026-04-15,8.2,3.9,13.6,20.0,15.2,75,open_meteo
5,5-2026-04-16,47.6253,-122.3222,2026-04-16,11.7,2.3,0.6,2.0,12.0,51,open_meteo
5,5-2026-04-17,47.6253,-122.3222,2026-04-17,11.7,4.4,0.0,0.0,8.9,3,open_meteo
5,5-2026-04-18,47.6253,-122.3222,2026-04-18,17.3,5.4,0.0,0.0,8.0,3,open_meteo
5,5-2026-04-19,47.6253,-122.3222,2026-04-19,18.1,7.3,0.0,0.0,14.0,3,open_meteo
5,5-2026-04-20,47.6253,-122.3222,2026-04-20,18.2,9.9,0.0,0.0,13.4,3,open_meteo
5,5-2026-04-21,47.6253,-122.3222,2026-04-21,15.4,9.8,1.5,6.0,15.7,51,open_meteo
5,5-2026-04-22,47.6253,-122.3222,2026-04-22,13.5,9.0,12.7,14.0,19.5,61,open_meteo
5,5-2026-04-23,47.6253,-122.3222,2026-04-23,13.5,7.7,0.0,0.0,16.9,3,open_meteo
5,5-2026-04-24,47.6253,-122.3222,2026-04-24,15.1,6.1,0.0,0.0,18.0,3,open_meteo
5,5-2026-04-25,47.6253,-122.3222,2026-04-25,16.0,4.8,0.0,0.0,13.3,2,open_meteo
5,5-2026-04-26,47.6253,-122.3222,2026-04-26,17.8,5.3,0.0,0.0,10.2,0,open_meteo
5,5-2026-04-27,47.6253,-122.3222,2026-04-27,14.0,7.7,0.5,4.0,17.8,51,open_meteo
5,5-2026-04-28,47.6253,-122.3222,2026-04-28,13.3,8.6,0.9,6.0,14.9,51,open_meteo
5,5-2026-04-29,47.6253,-122.3222,2026-04-29,16.0,7.6,0.0,0.0,15.8,1,open_meteo
5,5-2026-04-30,47.6253,-122.3222,2026-04-30,20.7,7.9,0.0,0.0,12.5,3,open_meteo
6,6-2026-01-01,45.5289,-122.6839,2026-01-01,4.9,2.8,10.1,17.0,16.9,61,open_meteo
6,6-2026-01-02,45.5289,-122.6839,2026-01-02,11.1,5.2,4.4,12.0,18.7,53,open_meteo
6,6-2026-01-03,45.5289,-122.6839,2026-01-03,10.4,5.6,17.1,16.0,20.4,63,open_meteo
6,6-2026-01-04,45.5289,-122.6839,2026-01-04,10.1,5.8,9.3,11.0,30.6,61,open_meteo
6,6-2026-01-05,45.5289,-122.6839,2026-01-05,7.8,2.5,0.0,0.0,14.6,3,open_meteo
6,6-2026-01-06,45.5289,-122.6839,2026-01-06,7.4,1.5,23.5,15.0,31.3,63,open_meteo
6,6-2026-01-07,45.5289,-122.6839,2026-01-07,6.8,2.2,8.1,14.0,24.8,63,open_meteo
6,6-2026-01-08,45.5289,-122.6839,2026-01-08,6.9,0.4,0.2,1.0,16.5,51,open_meteo
6,6-2026-01-09,45.5289,-122.6839,2026-01-09,10.1,3.2,0.1,1.0,16.6,51,open_meteo
6,6-2026-01-10,45.5289,-122.6839,2026-01-10,7.4,0.6,0.0,0.0,7.4,3,open_meteo
6,6-2026-01-11,45.5289,-122.6839,2026-01-11,11.1,3.5,0.3,1.0,9.3,51,open_meteo
6,6-2026-01-12,45.5289,-122.6839,2026-01-12,10.6,5.0,0.0,0.0,10.8,3,open_meteo
6,6-2026-01-13,45.5289,-122.6839,2026-01-13,8.6,2.2,0.0,0.0,4.3,3,open_meteo
6,6-2026-01-14,45.5289,-122.6839,2026-01-14,8.2,2.2,0.0,0.0,5.6,3,open_meteo
6,6-2026-01-15,45.5289,-122.6839,2026-01-15,12.4,4.3,0.0,0.0,18.6,3,open_meteo
6,6-2026-01-16,45.5289,-122.6839,2026-01-16,7.1,4.3,0.0,0.0,23.8,2,open_meteo
6,6-2026-01-17,45.5289,-122.6839,2026-01-17,6.1,1.5,0.0,0.0,25.7,3,open_meteo
6,6-2026-01-18,45.5289,-122.6839,2026-01-18,6.1,0.5,0.0,0.0,22.1,3,open_meteo
6,6-2026-01-19,45.5289,-122.6839,2026-01-19,6.2,0.6,0.0,0.0,24.5,3,open_meteo
6,6-2026-01-20,45.5289,-122.6839,2026-01-20,4.9,-0.2,0.0,0.0,24.5,3,open_meteo
6,6-2026-01-21,45.5289,-122.6839,2026-01-21,4.7,-0.9,0.0,0.0,22.1,3,open_meteo
6,6-2026-01-22,45.5289,-122.6839,2026-01-22,3.7,-1.4,0.2,1.0,16.1,71,open_meteo
6,6-2026-01-23,45.5289,-122.6839,2026-01-23,4.8,0.1,0.0,0.0,20.8,3,open_meteo
6,6-2026-01-24,45.5289,-122.6839,2026-01-24,5.8,-1.6,0.0,0.0,15.9,1,open_meteo
6,6-2026-01-25,45.5289,-122.6839,2026-01-25,6.2,-4.8,0.0,0.0,12.7,3,open_meteo
6,6-2026-01-26,45.5289,-122.6839,2026-01-26,6.7,-2.0,2.3,3.0,5.6,61,open_meteo
6,6-2026-01-27,45.5289,-122.6839,2026-01-27,5.9,1.9,1.5,4.0,19.8,53,open_meteo
6,6-2026-01-28,45.5289,-122.6839,2026-01-28,10.4,1.9,8.9,11.0,12.2,63,open_meteo
6,6-2026-01-29,45.5289,-122.6839,2026-01-29,9.4,6.4,8.5,13.0,13.3,61,open_meteo
6,6-2026-01-30,45.5289,-122.6839,2026-01-30,10.6,5.6,7.4,6.0,14.8,63,open_meteo
6,6-2026-01-31,45.5289,-122.6839,2026-01-31,14.9,5.3,0.0,0.0,12.0,3,open_meteo
6,6-2026-02-01,45.5289,-122.6839,2026-02-01,13.1,6.2,12.5,10.0,18.4,63,open_meteo
6,6-2026-02-02,45.5289,-122.6839,2026-02-02,14.0,4.5,1.9,4.0,8.4,55,open_meteo
6,6-2026-02-03,45.5289,-122.6839,2026-02-03,14.4,4.2,0.0,0.0,13.8,3,open_meteo
6,6-2026-02-04,45.5289,-122.6839,2026-02-04,15.0,7.3,0.0,0.0,18.7,3,open_meteo
6,6-2026-02-05,45.5289,-122.6839,2026-02-05,12.4,5.4,0.0,0.0,27.2,3,open_meteo
6,6-2026-02-06,45.5289,-122.6839,2026-02-06,12.4,3.8,0.0,0.0,13.5,3,open_meteo
6,6-2026-02-07,45.5289,-122.6839,2026-02-07,10.9,4.6,13.1,13.0,23.0,63,open_meteo
6,6-2026-02-08,45.5289,-122.6839,2026-02-08,9.9,6.4,23.9,24.0,17.1,63,open_meteo
6,6-2026-02-09,45.5289,-122.6839,2026-02-09,11.6,4.8,6.0,12.0,15.1,61,open_meteo
6,6-2026-02-10,45.5289,-122.6839,2026-02-10,11.4,2.5,0.0,0.0,14.3,3,open_meteo
6,6-2026-02-11,45.5289,-122.6839,2026-02-11,13.1,2.3,0.0,0.0,11.4,2,open_meteo
6,6-2026-02-12,45.5289,-122.6839,2026-02-12,11.5,1.0,0.0,0.0,5.2,3,open_meteo
6,6-2026-02-13,45.5289,-122.6839,2026-02-13,8.9,4.2,6.5,9.0,14.4,61,open_meteo
6,6-2026-02-14,45.5289,-122.6839,2026-02-14,8.4,2.8,3.4,7.0,16.2,55,open_meteo
6,6-2026-02-15,45.5289,-122.6839,2026-02-15,10.1,4.7,1.6,7.0,9.7,51,open_meteo
6,6-2026-02-16,45.5289,-122.6839,2026-02-16,5.8,1.8,3.0,15.0,20.5,53,open_meteo
6,6-2026-02-17,45.5289,-122.6839,2026-02-17,6.4,-0.8,11.4,13.0,15.5,75,open_meteo
6,6-2026-02-18,45.5289,-122.6839,2026-02-18,4.9,-1.5,13.5,19.0,14.9,75,open_meteo
6,6-2026-02-19,45.5289,-122.6839,2026-02-19,6.3,0.9,3.5,12.0,6.5,71,open_meteo
6,6-2026-02-20,45.5289,-122.6839,2026-02-20,8.2,-0.2,1.2,6.0,14.0,53,open_meteo
6,6-2026-02-21,45.5289,-122.6839,2026-02-21,6.7,2.9,5.0,11.0,26.1,71,open_meteo
6,6-2026-02-22,45.5289,-122.6839,2026-02-22,9.1,5.3,18.8,20.0,23.8,63,open_meteo
6,6-2026-02-23,45.5289,-122.6839,2026-02-23,8.9,4.8,26.5,23.0,15.7,61,open_meteo
6,6-2026-02-24,45.5289,-122.6839,2026-02-24,7.0,5.0,11.6,22.0,8.7,61,open_meteo
6,6-2026-02-25,45.5289,-122.6839,2026-02-25,9.4,0.3,0.0,0.0,8.3,3,open_meteo
6,6-2026-02-26,45.5289,-122.6839,2026-02-26,10.8,0.8,0.0,0.0,5.1,3,open_meteo
6,6-2026-02-27,45.5289,-122.6839,2026-02-27,11.8,0.9,0.0,0.0,7.0,3,open_meteo
6,6-2026-02-28,45.5289,-122.6839,2026-02-28,11.4,2.0,0.0,0.0,9.4,3,open_meteo
6,6-2026-03-01,45.5289,-122.6839,2026-03-01,14.5,3.6,0.0,0.0,9.4,3,open_meteo
6,6-2026-03-02,45.5289,-122.6839,2026-03-02,15.2,6.4,0.0,0.0,5.0,3,open_meteo
6,6-2026-03-03,45.5289,-122.6839,2026-03-03,13.4,5.9,2.3,14.0,13.9,51,open_meteo
6,6-2026-03-04,45.5289,-122.6839,2026-03-04,11.1,7.4,16.6,18.0,19.0,63,open_meteo
6,6-2026-03-05,45.5289,-122.6839,2026-03-05,10.1,5.8,2.0,8.0,11.7,53,open_meteo
6,6-2026-03-06,45.5289,-122.6839,2026-03-06,9.6,6.3,6.2,22.0,13.0,53,open_meteo
6,6-2026-03-07,45.5289,-122.6839,2026-03-07,16.2,8.9,0.4,4.0,11.3,51,open_meteo
6,6-2026-03-08,45.5289,-122.6839,2026-03-08,11.9,5.8,0.6,4.0,19.6,51,open_meteo
6,6-2026-03-09,45.5289,-122.6839,2026-03-09,8.6,2.2,1.4,8.0,13.2,51,open_meteo
6,6-2026-03-10,45.5289,-122.6839,2026-03-10,7.2,-0.9,10.3,13.0,14.5,75,open_meteo
6,6-2026-03-11,45.5289,-122.6839,2026-03-11,10.4,6.0,29.7,24.0,31.2,63,open_meteo
6,6-2026-03-12,45.5289,-122.6839,2026-03-12,10.9,6.3,36.3,24.0,27.1,63,open_meteo
6,6-2026-03-13,45.5289,-122.6839,2026-03-13,12.4,10.5,14.3,23.0,25.6,61,open_meteo
6,6-2026-03-14,45.5289,-122.6839,2026-03-14,11.1,4.4,10.3,5.0,16.5,63,open_meteo
6,6-2026-03-15,45.5289,-122.6839,2026-03-15,8.6,3.5,1.4,4.0,10.8,53,open_meteo
6,6-2026-03-16,45.5289,-122.6839,2026-03-16,20.0,6.7,0.3,2.0,9.0,51,open_meteo
6,6-2026-03-17,45.5289,-122.6839,2026-03-17,15.8,10.1,0.3,2.0,7.3,51,open_meteo
6,6-2026-03-18,45.5289,-122.6839,2026-03-18,18.4,7.8,0.0,0.0,9.3,3,open_meteo
6,6-2026-03-19,45.5289,-122.6839,2026-03-19,17.1,11.2,0.3,3.0,9.4,51,open_meteo
6,6-2026-03-20,45.5289,-122.6839,2026-03-20,15.4,10.2,2.4,9.0,13.8,53,open_meteo
6,6-2026-03-21,45.5289,-122.6839,2026-03-21,13.4,5.9,0.1,1.0,14.0,51,open_meteo
6,6-2026-03-22,45.5289,-122.6839,2026-03-22,13.6,2.2,0.0,0.0,16.5,3,open_meteo
6,6-2026-03-23,45.5289,-122.6839,2026-03-23,11.3,3.4,0.0,0.0,10.4,3,open_meteo
6,6-2026-03-24,45.5289,-122.6839,2026-03-24,14.3,8.6,8.8,13.0,26.4,61,open_meteo
6,6-2026-03-25,45.5289,-122.6839,2026-03-25,13.1,3.8,3.0,5.0,20.4,61,open_meteo
6,6-2026-03-26,45.5289,-122.6839,2026-03-26,12.1,0.1,0.0,0.0,11.9,3,open_meteo
6,6-2026-03-27,45.5289,-122.6839,2026-03-27,17.2,3.1,0.0,0.0,11.4,3,open_meteo
6,6-2026-03-28,45.5289,-122.6839,2026-03-28,15.8,6.4,0.0,0.0,11.3,3,open_meteo
6,6-2026-03-29,45.5289,-122.6839,2026-03-29,10.0,5.8,1.2,9.0,13.9,51,open_meteo
6,6-2026-03-30,45.5289,-122.6839,2026-03-30,13.9,2.5,0.0,0.0,14.9,3,open_meteo
6,6-2026-03-31,45.5289,-122.6839,2026-03-31,12.7,5.7,0.4,3.0,13.2,51,open_meteo
6,6-2026-04-01,45.5289,-122.6839,2026-04-01,10.1,4.8,12.0,19.0,32.5,73,open_meteo
6,6-2026-04-02,45.5289,-122.6839,2026-04-02,12.5,3.0,1.8,9.0,15.3,51,open_meteo
6,6-2026-04-03,45.5289,-122.6839,2026-04-03,14.7,2.9,0.0,0.0,9.0,3,open_meteo
6,6-2026-04-04,45.5289,-122.6839,2026-04-04,20.1,4.2,0.0,0.0,11.1,3,open_meteo
6,6-2026-04-05,45.5289,-122.6839,2026-04-05,24.6,8.9,0.0,0.0,8.8,3,open_meteo
6,6-2026-04-06,45.5289,-122.6839,2026-04-06,24.0,7.8,0.0,0.0,11.4,3,open_meteo
6,6-2026-04-07,45.5289,-122.6839,2026-04-07,15.7,6.7,0.0,0.0,10.5,3,open_meteo
6,6-2026-04-08,45.5289,-122.6839,2026-04-08,18.6,4.8,0.0,0.0,8.6,3,open_meteo
6,6-2026-04-09,45.5289,-122.6839,2026-04-09,23.0,5.1,0.0,0.0,10.6,3,open_meteo
6,6-2026-04-10,45.5289,-122.6839,2026-04-10,21.5,9.6,3.3,4.0,14.0,61,open_meteo
6,6-2026-04-11,45.5289,-122.6839,2026-04-11,17.1,10.1,14.2,20.0,11.9,63,open_meteo
6,6-2026-04-12,45.5289,-122.6839,2026-04-12,12.5,10.0,5.2,14.0,15.4,61,open_meteo
6,6-2026-04-13,45.5289,-122.6839,2026-04-13,13.2,7.4,2.0,13.0,13.8,51,open_meteo
6,6-2026-04-14,45.5289,-122.6839,2026-04-14,9.4,6.2,6.4,12.0,25.5,55,open_meteo
6,6-2026-04-15,45.5289,-122.6839,2026-04-15,9.4,3.8,23.3,23.0,30.5,73,open_meteo
6,6-2026-04-16,45.5289,-122.6839,2026-04-16,12.3,0.6,0.4,4.0,11.7,51,open_meteo
6,6-2026-04-17,45.5289,-122.6839,2026-04-17,13.2,4.1,0.1,1.0,8.4,51,open_meteo
6,6-2026-04-18,45.5289,-122.6839,2026-04-18,20.7,5.6,0.0,0.0,5.9,3,open_meteo
6,6-2026-04-19,45.5289,-122.6839,2026-04-19,22.4,8.6,0.0,0.0,18.6,3,open_meteo
6,6-2026-04-20,45.5289,-122.6839,2026-04-20,18.9,10.6,2.5,4.0,17.5,61,open_meteo
6,6-2026-04-21,45.5289,-122.6839,2026-04-21,13.9,10.6,12.5,20.0,10.9,63,open_meteo
6,6-2026-04-22,45.5289,-122.6839,2026-04-22,12.1,8.6,8.8,15.0,17.7,61,open_meteo
6,6-2026-04-23,45.5289,-122.6839,2026-04-23,13.7,7.2,0.1,1.0,7.8,51,open_meteo
6,6-2026-04-24,45.5289,-122.6839,2026-04-24,18.5,5.2,0.0,0.0,15.7,3,open_meteo
6,6-2026-04-25,45.5289,-122.6839,2026-04-25,18.8,4.2,0.0,0.0,15.6,3,open_meteo
6,6-2026-04-26,45.5289,-122.6839,2026-04-26,19.0,3.9,0.0,0.0,9.7,2,open_meteo
6,6-2026-04-27,45.5289,-122.6839,2026-04-27,14.4,7.0,0.1,1.0,10.6,51,open_meteo
6,6-2026-04-28,45.5289,-122.6839,2026-04-28,14.6,8.6,0.5,3.0,10.5,51,open_meteo
6,6-2026-04-29,45.5289,-122.6839,2026-04-29,20.6,5.6,0.0,0.0,13.4,3,open_meteo
6,6-2026-04-30,45.5289,-122.6839,2026-04-30,25.3,6.7,0.0,0.0,10.0,3,open_meteo
7,7-2026-01-01,30.25,-97.75,2026-01-01,22.5,5.3,0.0,0.0,16.3,3,open_meteo
7,7-2026-01-02,30.25,-97.75,2026-01-02,30.0,15.4,0.0,0.0,17.4,3,open_meteo
7,7-2026-01-03,30.25,-97.75,2026-01-03,23.7,14.9,0.0,0.0,19.5,0,open_meteo
7,7-2026-01-04,30.25,-97.75,2026-01-04,19.9,6.6,0.0,0.0,10.3,3,open_meteo
7,7-2026-01-05,30.25,-97.75,2026-01-05,23.8,10.6,0.1,1.0,16.6,51,open_meteo
7,7-2026-01-06,30.25,-97.75,2026-01-06,27.5,14.0,0.0,0.0,12.9,3,open_meteo
7,7-2026-01-07,30.25,-97.75,2026-01-07,26.0,9.1,0.0,0.0,18.8,3,open_meteo
7,7-2026-01-08,30.25,-97.75,2026-01-08,26.0,19.6,0.2,2.0,28.5,51,open_meteo
7,7-2026-01-09,30.25,-97.75,2026-01-09,21.9,14.3,0.2,1.0,12.0,51,open_meteo
7,7-2026-01-10,30.25,-97.75,2026-01-10,14.8,5.4,0.0,0.0,24.6,3,open_meteo
7,7-2026-01-11,30.25,-97.75,2026-01-11,16.1,2.9,0.0,0.0,15.2,3,open_meteo
7,7-2026-01-12,30.25,-97.75,2026-01-12,17.4,4.6,0.0,0.0,7.5,3,open_meteo
7,7-2026-01-13,30.25,-97.75,2026-01-13,15.8,7.0,2.8,6.0,14.8,61,open_meteo
7,7-2026-01-14,30.25,-97.75,2026-01-14,19.2,8.5,0.0,0.0,23.4,1,open_meteo
7,7-2026-01-15,30.25,-97.75,2026-01-15,17.5,3.0,0.0,0.0,16.7,0,open_meteo
7,7-2026-01-16,30.25,-97.75,2026-01-16,22.2,8.9,0.0,0.0,20.4,1,open_meteo
7,7-2026-01-17,30.25,-97.75,2026-01-17,11.9,4.3,0.0,0.0,21.8,0,open_meteo
7,7-2026-01-18,30.25,-97.75,2026-01-18,17.0,-1.4,0.0,0.0,13.9,0,open_meteo
7,7-2026-01-19,30.25,-97.75,2026-01-19,18.6,2.1,0.0,0.0,12.5,3,open_meteo
7,7-2026-01-20,30.25,-97.75,2026-01-20,14.4,3.7,0.9,2.0,12.9,53,open_meteo
7,7-2026-01-21,30.25,-97.75,2026-01-21,22.9,12.9,1.3,4.0,14.0,53,open_meteo
7,7-2026-01-22,30.25,-97.75,2026-01-22,19.6,12.1,0.0,0.0,12.3,3,open_meteo
7,7-2026-01-23,30.25,-97.75,2026-01-23,18.5,10.8,12.5,20.0,17.0,61,open_meteo
7,7-2026-01-24,30.25,-97.75,2026-01-24,9.6,-3.0,15.8,19.0,21.4,63,open_meteo
7,7-2026-01-25,30.25,-97.75,2026-01-25,0.6,-5.8,7.0,8.0,19.6,63,open_meteo
7,7-2026-01-26,30.25,-97.75,2026-01-26,2.6,-6.9,0.0,0.0,16.6,3,open_meteo
7,7-2026-01-27,30.25,-97.75,2026-01-27,7.4,-6.8,0.0,0.0,10.3,3,open_meteo
7,7-2026-01-28,30.25,-97.75,2026-01-28,12.1,-0.9,0.0,0.0,15.6,3,open_meteo
7,7-2026-01-29,30.25,-97.75,2026-01-29,18.1,1.5,0.0,0.0,18.5,3,open_meteo
7,7-2026-01-30,30.25,-97.75,2026-01-30,12.1,2.7,0.0,0.0,16.4,3,open_meteo
7,7-2026-01-31,30.25,-97.75,2026-01-31,6.0,-0.2,0.0,0.0,15.6,1,open_meteo
7,7-2026-02-01,30.25,-97.75,2026-02-01,11.4,-3.8,0.0,0.0,11.6,3,open_meteo
7,7-2026-02-02,30.25,-97.75,2026-02-02,19.0,1.8,0.0,0.0,22.2,3,open_meteo
7,7-2026-02-03,30.25,-97.75,2026-02-03,21.5,14.6,0.0,0.0,17.6,3,open_meteo
7,7-2026-02-04,30.25,-97.75,2026-02-04,16.4,6.3,0.0,0.0,18.0,3,open_meteo
7,7-2026-02-05,30.25,-97.75,2026-02-05,19.1,3.2,0.0,0.0,13.2,0,open_meteo
7,7-2026-02-06,30.25,-97.75,2026-02-06,26.1,8.9,0.0,0.0,19.2,0,open_meteo
7,7-2026-02-07,30.25,-97.75,2026-02-07,26.2,7.0,0.0,0.0,11.0,3,open_meteo
7,7-2026-02-08,30.25,-97.75,2026-02-08,25.4,10.0,0.0,0.0,12.5,3,open_meteo
7,7-2026-02-09,30.25,-97.75,2026-02-09,28.4,10.8,0.0,0.0,18.9,3,open_meteo
7,7-2026-02-10,30.25,-97.75,2026-02-10,20.8,15.6,1.1,4.0,16.6,51,open_meteo
7,7-2026-02-11,30.25,-97.75,2026-02-11,23.0,11.8,0.5,3.0,13.6,51,open_meteo
7,7-2026-02-12,30.25,-97.75,2026-02-12,25.9,9.4,0.0,0.0,9.2,3,open_meteo
7,7-2026-02-13,30.25,-97.75,2026-02-13,26.6,15.1,0.2,2.0,17.5,51,open_meteo
7,7-2026-02-14,30.25,-97.75,2026-02-14,23.4,13.9,27.2,15.0,25.6,65,open_meteo
7,7-2026-02-15,30.25,-97.75,2026-02-15,22.0,14.1,0.0,0.0,22.7,3,open_meteo
7,7-2026-02-16,30.25,-97.75,2026-02-16,23.0,7.8,0.0,0.0,11.0,3,open_meteo
7,7-2026-02-17,30.25,-97.75,2026-02-17,26.5,13.1,0.0,0.0,22.2,3,open_meteo
7,7-2026-02-18,30.25,-97.75,2026-02-18,24.9,16.4,0.0,0.0,16.2,3,open_meteo
7,7-2026-02-19,30.25,-97.75,2026-02-19,27.7,17.6,0.4,3.0,15.9,51,open_meteo
7,7-2026-02-20,30.25,-97.75,2026-02-20,20.2,13.2,0.3,2.0,13.3,51,open_meteo
7,7-2026-02-21,30.25,-97.75,2026-02-21,20.2,11.6,0.0,0.0,20.6,3,open_meteo
7,7-2026-02-22,30.25,-97.75,2026-02-22,16.5,4.5,0.0,0.0,18.9,3,open_meteo
7,7-2026-02-23,30.25,-97.75,2026-02-23,17.4,2.5,0.0,0.0,9.0,2,open_meteo
7,7-2026-02-24,30.25,-97.75,2026-02-24,22.4,4.8,0.0,0.0,24.1,3,open_meteo
7,7-2026-02-25,30.25,-97.75,2026-02-25,29.1,13.1,0.0,0.0,18.7,3,open_meteo
7,7-2026-02-26,30.25,-97.75,2026-02-26,28.8,13.6,0.0,0.0,14.6,3,open_meteo
7,7-2026-02-27,30.25,-97.75,2026-02-27,29.1,14.9,0.0,0.0,11.5,0,open_meteo
7,7-2026-02-28,30.25,-97.75,2026-02-28,29.1,13.6,0.0,0.0,16.5,3,open_meteo
7,7-2026-03-01,30.25,-97.75,2026-03-01,28.1,17.4,1.1,4.0,19.7,53,open_meteo
7,7-2026-03-02,30.25,-97.75,2026-03-02,28.0,18.2,0.5,5.0,18.1,51,open_meteo
7,7-2026-03-03,30.25,-97.75,2026-03-03,29.5,18.5,0.4,4.0,22.2,51,open_meteo
7,7-2026-03-04,30.25,-97.75,2026-03-04,29.4,20.8,5.2,12.0,22.2,63,open_meteo
7,7-2026-03-05,30.25,-97.75,2026-03-05,28.2,19.7,6.9,11.0,24.7,61,open_meteo
7,7-2026-03-06,30.25,-97.75,2026-03-06,28.7,20.5,2.9,15.0,27.5,51,open_meteo
7,7-2026-03-07,30.25,-97.75,2026-03-07,24.0,12.4,33.3,16.0,22.6,65,open_meteo
7,7-2026-03-08,30.25,-97.75,2026-03-08,19.1,11.0,10.4,3.0,13.0,65,open_meteo
7,7-2026-03-09,30.25,-97.75,2026-03-09,25.9,15.9,0.6,3.0,16.2,51,open_meteo
7,7-2026-03-10,30.25,-97.75,2026-03-10,25.5,21.0,2.6,10.0,21.0,55,open_meteo
7,7-2026-03-11,30.25,-97.75,2026-03-11,26.8,15.6,7.6,7.0,21.9,63,open_meteo
7,7-2026-03-12,30.25,-97.75,2026-03-12,17.9,7.3,0.0,0.0,20.2,0,open_meteo
7,7-2026-03-13,30.25,-97.75,2026-03-13,23.8,8.2,0.0,0.0,16.6,0,open_meteo
7,7-2026-03-14,30.25,-97.75,2026-03-14,27.6,12.1,0.0,0.0,18.9,3,open_meteo
7,7-2026-03-15,30.25,-97.75,2026-03-15,34.5,13.1,0.0,0.0,30.0,3,open_meteo
7,7-2026-03-16,30.25,-97.75,2026-03-16,12.1,4.3,0.0,0.0,25.7,3,open_meteo
7,7-2026-03-17,30.25,-97.75,2026-03-17,18.1,0.8,0.0,0.0,16.7,3,open_meteo
7,7-2026-03-18,30.25,-97.75,2026-03-18,23.8,7.0,0.0,0.0,14.6,3,open_meteo
7,7-2026-03-19,30.25,-97.75,2026-03-19,28.5,11.4,0.0,0.0,14.6,2,open_meteo
7,7-2026-03-20,30.25,-97.75,2026-03-20,30.5,13.4,0.0,0.0,17.1,0,open_meteo
7,7-2026-03-21,30.25,-97.75,2026-03-21,32.0,15.6,0.0,0.0,18.2,0,open_meteo
7,7-2026-03-22,30.25,-97.75,2026-03-22,32.2,16.2,0.0,0.0,19.1,0,open_meteo
7,7-2026-03-23,30.25,-97.75,2026-03-23,29.5,14.9,0.0,0.0,14.6,3,open_meteo
7,7-2026-03-24,30.25,-97.75,2026-03-24,29.6,15.8,0.0,0.0,18.0,3,open_meteo
7,7-2026-03-25,30.25,-97.75,2026-03-25,30.6,19.5,0.4,3.0,18.2,51,open_meteo
7,7-2026-03-26,30.25,-97.75,2026-03-26,30.8,19.0,0.2,2.0,20.7,51,open_meteo
7,7-2026-03-27,30.25,-97.75,2026-03-27,28.7,15.1,0.3,3.0,23.3,51,open_meteo
7,7-2026-03-28,30.25,-97.75,2026-03-28,21.3,13.6,0.4,3.0,19.8,51,open_meteo
7,7-2026-03-29,30.25,-97.75,2026-03-29,27.5,12.1,0.0,0.0,18.8,3,open_meteo
7,7-2026-03-30,30.25,-97.75,2026-03-30,29.4,18.4,0.2,2.0,19.2,51,open_meteo
7,7-2026-03-31,30.25,-97.75,2026-03-31,30.1,18.5,0.9,5.0,20.9,51,open_meteo
7,7-2026-04-01,30.25,-97.75,2026-04-01,31.4,20.2,0.6,3.0,23.9,51,open_meteo
7,7-2026-04-02,30.25,-97.75,2026-04-02,28.2,19.6,25.8,14.0,22.2,65,open_meteo
7,7-2026-04-03,30.25,-97.75,2026-04-03,29.1,21.0,2.2,12.0,23.7,51,open_meteo
7,7-2026-04-04,30.25,-97.75,2026-04-04,22.5,15.4,41.7,14.0,24.8,65,open_meteo
7,7-2026-04-05,30.25,-97.75,2026-04-05,18.2,12.6,0.4,2.0,17.5,51,open_meteo
7,7-2026-04-06,30.25,-97.75,2026-04-06,21.3,10.4,0.0,0.0,13.4,3,open_meteo
7,7-2026-04-07,30.25,-97.75,2026-04-07,22.5,10.1,0.8,3.0,9.4,51,open_meteo
7,7-2026-04-08,30.25,-97.75,2026-04-08,25.4,12.3,0.0,0.0,16.3,3,open_meteo
7,7-2026-04-09,30.25,-97.75,2026-04-09,26.0,17.3,15.1,10.0,14.4,63,open_meteo
7,7-2026-04-10,30.25,-97.75,2026-04-10,27.0,17.4,4.7,9.0,15.3,63,open_meteo
7,7-2026-04-11,30.25,-97.75,2026-04-11,26.9,19.0,5.2,16.0,19.3,53,open_meteo
7,7-2026-04-12,30.25,-97.75,2026-04-12,22.6,19.3,13.0,23.0,21.6,63,open_meteo
7,7-2026-04-13,30.25,-97.75,2026-04-13,29.2,19.9,1.6,9.0,17.8,51,open_meteo
7,7-2026-04-14,30.25,-97.75,2026-04-14,28.9,20.7,0.8,4.0,20.7,51,open_meteo
7,7-2026-04-15,30.25,-97.75,2026-04-15,28.7,20.2,2.3,13.0,24.4,53,open_meteo
7,7-2026-04-16,30.25,-97.75,2026-04-16,29.6,19.8,0.4,3.0,18.7,51,open_meteo
7,7-2026-04-17,30.25,-97.75,2026-04-17,30.5,20.6,0.6,4.0,22.2,51,open_meteo
7,7-2026-04-18,30.25,-97.75,2026-04-18,22.3,10.4,28.7,11.0,22.1,63,open_meteo
7,7-2026-04-19,30.25,-97.75,2026-04-19,20.8,9.6,3.6,2.0,15.4,61,open_meteo
7,7-2026-04-20,30.25,-97.75,2026-04-20,15.9,12.8,31.1,13.0,11.8,63,open_meteo
7,7-2026-04-21,30.25,-97.75,2026-04-21,18.3,13.8,61.6,24.0,15.1,65,open_meteo
7,7-2026-04-22,30.25,-97.75,2026-04-22,26.8,16.9,11.1,16.0,12.1,63,open_meteo
7,7-2026-04-23,30.25,-97.75,2026-04-23,26.7,19.9,1.2,8.0,19.7,51,open_meteo
7,7-2026-04-24,30.25,-97.75,2026-04-24,31.5,21.5,0.3,3.0,17.8,51,open_meteo
7,7-2026-04-25,30.25,-97.75,2026-04-25,30.4,22.5,0.5,4.0,15.7,51,open_meteo
7,7-2026-04-26,30.25,-97.75,2026-04-26,29.4,22.2,0.4,4.0,16.8,51,open_meteo
7,7-2026-04-27,30.25,-97.75,2026-04-27,31.3,22.8,4.3,8.0,17.1,63,open_meteo
7,7-2026-04-28,30.25,-97.75,2026-04-28,30.8,22.8,1.2,11.0,20.1,51,open_meteo
7,7-2026-04-29,30.25,-97.75,2026-04-29,26.0,18.4,13.9,6.0,15.5,65,open_meteo
7,7-2026-04-30,30.25,-97.75,2026-04-30,22.2,16.5,2.2,6.0,15.4,55,open_meteo
8,8-2026-01-01,41.8786,-87.6251,2026-01-01,-7.0,-11.8,0.4,3.0,16.7,71,open_meteo
8,8-2026-01-02,41.8786,-87.6251,2026-01-02,-5.8,-8.6,0.0,0.0,13.4,3,open_meteo
8,8-2026-01-03,41.8786,-87.6251,2026-01-03,-4.0,-8.6,0.0,0.0,9.7,3,open_meteo
8,8-2026-01-04,41.8786,-87.6251,2026-01-04,-0.6,-5.7,0.0,0.0,16.8,3,open_meteo
8,8-2026-01-05,41.8786,-87.6251,2026-01-05,5.8,-0.3,0.0,0.0,18.5,3,open_meteo
8,8-2026-01-06,41.8786,-87.6251,2026-01-06,6.8,2.3,1.3,4.0,13.9,53,open_meteo
8,8-2026-01-07,41.8786,-87.6251,2026-01-07,5.1,1.6,0.0,0.0,16.9,3,open_meteo
8,8-2026-01-08,41.8786,-87.6251,2026-01-08,15.4,4.3,17.0,6.0,43.6,65,open_meteo
8,8-2026-01-09,41.8786,-87.6251,2026-01-09,15.6,3.8,0.1,1.0,32.6,51,open_meteo
8,8-2026-01-10,41.8786,-87.6251,2026-01-10,3.3,-1.9,6.4,11.0,19.3,73,open_meteo
8,8-2026-01-11,41.8786,-87.6251,2026-01-11,0.9,-5.1,0.2,2.0,24.9,71,open_meteo
8,8-2026-01-12,41.8786,-87.6251,2026-01-12,4.0,-3.3,0.0,0.0,19.6,3,open_meteo
8,8-2026-01-13,41.8786,-87.6251,2026-01-13,9.6,1.1,0.8,1.0,23.7,53,open_meteo
8,8-2026-01-14,41.8786,-87.6251,2026-01-14,5.0,-7.3,4.4,5.0,35.3,75,open_meteo
8,8-2026-01-15,41.8786,-87.6251,2026-01-15,-5.6,-10.1,0.4,1.0,22.8,73,open_meteo
8,8-2026-01-16,41.8786,-87.6251,2026-01-16,1.9,-5.4,2.0,8.0,21.1,73,open_meteo
8,8-2026-01-17,41.8786,-87.6251,2026-01-17,-4.3,-11.1,0.1,1.0,24.1,71,open_meteo
8,8-2026-01-18,41.8786,-87.6251,2026-01-18,-7.6,-13.2,1.0,8.0,19.0,71,open_meteo
8,8-2026-01-19,41.8786,-87.6251,2026-01-19,-7.3,-17.6,1.4,5.0,27.2,73,open_meteo
8,8-2026-01-20,41.8786,-87.6251,2026-01-20,-6.4,-16.8,0.0,0.0,15.3,3,open_meteo
8,8-2026-01-21,41.8786,-87.6251,2026-01-21,-1.1,-6.2,2.0,12.0,25.1,73,open_meteo
8,8-2026-01-22,41.8786,-87.6251,2026-01-22,-2.1,-10.6,0.1,1.0,26.9,71,open_meteo
8,8-2026-01-23,41.8786,-87.6251,2026-01-23,-12.9,-23.0,0.0,0.0,23.0,3,open_meteo
8,8-2026-01-24,41.8786,-87.6251,2026-01-24,-12.0,-22.6,2.3,10.0,12.5,73,open_meteo
8,8-2026-01-25,41.8786,-87.6251,2026-01-25,-7.1,-14.6,5.5,21.0,22.3,73,open_meteo
8,8-2026-01-26,41.8786,-87.6251,2026-01-26,-14.1,-18.2,0.0,0.0,24.8,3,open_meteo
8,8-2026-01-27,41.8786,-87.6251,2026-01-27,-9.6,-15.1,0.0,0.0,25.7,3,open_meteo
8,8-2026-01-28,41.8786,-87.6251,2026-01-28,-9.8,-17.4,0.0,0.0,16.6,1,open_meteo
8,8-2026-01-29,41.8786,-87.6251,2026-01-29,-10.4,-17.0,0.0,0.0,13.7,3,open_meteo
8,8-2026-01-30,41.8786,-87.6251,2026-01-30,-6.4,-14.4,2.5,14.0,20.2,73,open_meteo
8,8-2026-01-31,41.8786,-87.6251,2026-01-31,-3.7,-11.9,3.0,12.0,23.6,73,open_meteo
8,8-2026-02-01,41.8786,-87.6251,2026-02-01,-3.9,-11.6,0.0,0.0,16.2,3,open_meteo
8,8-2026-02-02,41.8786,-87.6251,2026-02-02,-2.5,-5.8,0.3,2.0,15.2,71,open_meteo
8,8-2026-02-03,41.8786,-87.6251,2026-02-03,-2.3,-8.2,0.0,0.0,15.2,3,open_meteo
8,8-2026-02-04,41.8786,-87.6251,2026-02-04,-3.2,-8.8,0.0,0.0,16.3,3,open_meteo
8,8-2026-02-05,41.8786,-87.6251,2026-02-05,-2.2,-11.1,0.6,4.0,16.7,71,open_meteo
8,8-2026-02-06,41.8786,-87.6251,2026-02-06,2.0,-4.4,3.4,7.0,24.4,75,open_meteo
8,8-2026-02-07,41.8786,-87.6251,2026-02-07,-5.2,-10.9,0.1,1.0,21.4,71,open_meteo
8,8-2026-02-08,41.8786,-87.6251,2026-02-08,-2.9,-5.3,0.8,3.0,15.2,73,open_meteo
8,8-2026-02-09,41.8786,-87.6251,2026-02-09,2.0,-7.1,0.0,0.0,19.3,3,open_meteo
8,8-2026-02-10,41.8786,-87.6251,2026-02-10,7.8,0.9,0.0,0.0,21.9,3,open_meteo
8,8-2026-02-11,41.8786,-87.6251,2026-02-11,4.8,-2.8,0.0,0.0,13.6,3,open_meteo
8,8-2026-02-12,41.8786,-87.6251,2026-02-12,2.2,-2.8,0.0,0.0,7.8,3,open_meteo
8,8-2026-02-13,41.8786,-87.6251,2026-02-13,10.8,-2.8,0.0,0.0,15.1,1,open_meteo
8,8-2026-02-14,41.8786,-87.6251,2026-02-14,9.1,-0.9,0.0,0.0,12.9,3,open_meteo
8,8-2026-02-15,41.8786,-87.6251,2026-02-15,13.4,0.6,0.0,0.0,11.1,3,open_meteo
8,8-2026-02-16,41.8786,-87.6251,2026-02-16,16.5,2.2,0.0,0.0,19.3,3,open_meteo
8,8-2026-02-17,41.8786,-87.6251,2026-02-17,10.9,4.9,4.2,4.0,21.1,61,open_meteo
8,8-2026-02-18,41.8786,-87.6251,2026-02-18,15.8,8.1,1.9,5.0,22.2,53,open_meteo
8,8-2026-02-19,41.8786,-87.6251,2026-02-19,13.8,2.8,0.2,2.0,14.8,51,open_meteo
8,8-2026-02-20,41.8786,-87.6251,2026-02-20,7.2,-2.5,3.9,5.0,33.4,71,open_meteo
8,8-2026-02-21,41.8786,-87.6251,2026-02-21,-0.9,-3.3,0.5,4.0,14.5,71,open_meteo
8,8-2026-02-22,41.8786,-87.6251,2026-02-22,-2.5,-6.2,0.6,5.0,20.5,71,open_meteo
8,8-2026-02-23,41.8786,-87.6251,2026-02-23,-2.5,-6.7,0.0,0.0,22.0,3,open_meteo
8,8-2026-02-24,41.8786,-87.6251,2026-02-24,2.8,-7.4,0.1,1.0,23.0,71,open_meteo
8,8-2026-02-25,41.8786,-87.6251,2026-02-25,2.2,-2.0,0.0,0.0,17.3,3,open_meteo
8,8-2026-02-26,41.8786,-87.6251,2026-02-26,4.6,-4.8,0.0,0.0,11.9,3,open_meteo
8,8-2026-02-27,41.8786,-87.6251,2026-02-27,15.4,-1.0,0.0,0.0,16.8,3,open_meteo
8,8-2026-02-28,41.8786,-87.6251,2026-02-28,7.3,-2.2,0.0,0.0,23.2,3,open_meteo
8,8-2026-03-01,41.8786,-87.6251,2026-03-01,-1.4,-3.3,0.0,0.0,20.6,3,open_meteo
8,8-2026-03-02,41.8786,-87.6251,2026-03-02,3.0,-3.6,0.0,0.0,12.5,3,open_meteo
8,8-2026-03-03,41.8786,-87.6251,2026-03-03,3.0,-0.1,0.3,1.0,11.0,51,open_meteo
8,8-2026-03-04,41.8786,-87.6251,2026-03-04,4.2,-0.2,2.8,7.0,10.3,55,open_meteo
8,8-2026-03-05,41.8786,-87.6251,2026-03-05,7.9,3.4,1.0,3.0,7.1,53,open_meteo
8,8-2026-03-06,41.8786,-87.6251,2026-03-06,19.9,4.9,7.4,9.0,18.0,63,open_meteo
8,8-2026-03-07,41.8786,-87.6251,2026-03-07,17.1,4.4,6.5,8.0,27.6,61,open_meteo
8,8-2026-03-08,41.8786,-87.6251,2026-03-08,15.4,1.1,0.0,0.0,22.8,3,open_meteo
8,8-2026-03-09,41.8786,-87.6251,2026-03-09,21.0,8.7,0.0,0.0,21.6,0,open_meteo
8,8-2026-03-10,41.8786,-87.6251,2026-03-10,14.9,3.5,0.3,1.0,17.0,51,open_meteo
8,8-2026-03-11,41.8786,-87.6251,2026-03-11,5.2,1.7,7.6,12.0,22.8,73,open_meteo
8,8-2026-03-12,41.8786,-87.6251,2026-03-12,6.9,-0.6,0.1,1.0,21.3,51,open_meteo
8,8-2026-03-13,41.8786,-87.6251,2026-03-13,7.8,1.5,1.6,5.0,42.0,71,open_meteo
8,8-2026-03-14,41.8786,-87.6251,2026-03-14,2.2,-0.4,0.6,5.0,18.2,71,open_meteo
8,8-2026-03-15,41.8786,-87.6251,2026-03-15,16.5,1.2,41.6,16.0,34.1,63,open_meteo
8,8-2026-03-16,41.8786,-87.6251,2026-03-16,0.9,-6.3,5.3,17.0,30.6,73,open_meteo
8,8-2026-03-17,41.8786,-87.6251,2026-03-17,-4.8,-10.1,0.0,0.0,21.1,3,open_meteo
8,8-2026-03-18,41.8786,-87.6251,2026-03-18,6.3,-5.2,0.8,7.0,17.5,71,open_meteo
8,8-2026-03-19,41.8786,-87.6251,2026-03-19,10.8,0.4,2.3,3.0,12.1,61,open_meteo
8,8-2026-03-20,41.8786,-87.6251,2026-03-20,19.1,5.2,0.0,0.0,17.7,3,open_meteo
8,8-2026-03-21,41.8786,-87.6251,2026-03-21,20.0,3.7,0.0,0.0,21.9,3,open_meteo
8,8-2026-03-22,41.8786,-87.6251,2026-03-22,18.5,0.3,1.8,7.0,33.4,53,open_meteo
8,8-2026-03-23,41.8786,-87.6251,2026-03-23,2.5,-0.7,0.1,1.0,29.3,51,open_meteo
8,8-2026-03-24,41.8786,-87.6251,2026-03-24,8.8,-1.5,0.0,0.0,11.0,3,open_meteo
8,8-2026-03-25,41.8786,-87.6251,2026-03-25,20.0,3.8,0.0,0.0,19.0,3,open_meteo
8,8-2026-03-26,41.8786,-87.6251,2026-03-26,19.8,1.3,5.5,2.0,30.2,63,open_meteo
8,8-2026-03-27,41.8786,-87.6251,2026-03-27,3.3,-0.4,0.1,1.0,29.2,71,open_meteo
8,8-2026-03-28,41.8786,-87.6251,2026-03-28,8.0,-1.9,0.0,0.0,17.6,3,open_meteo
8,8-2026-03-29,41.8786,-87.6251,2026-03-29,16.3,4.2,0.0,0.0,17.0,3,open_meteo
8,8-2026-03-30,41.8786,-87.6251,2026-03-30,27.1,9.9,3.2,1.0,25.9,63,open_meteo
8,8-2026-03-31,41.8786,-87.6251,2026-03-31,20.7,4.0,5.9,8.0,28.3,61,open_meteo
8,8-2026-04-01,41.8786,-87.6251,2026-04-01,4.7,2.7,0.5,3.0,24.7,51,open_meteo
8,8-2026-04-02,41.8786,-87.6251,2026-04-02,20.0,3.9,26.1,22.0,32.3,63,open_meteo
8,8-2026-04-03,41.8786,-87.6251,2026-04-03,16.3,4.0,2.4,4.0,21.9,61,open_meteo
8,8-2026-04-04,41.8786,-87.6251,2026-04-04,15.6,5.2,10.5,8.0,25.1,63,open_meteo
8,8-2026-04-05,41.8786,-87.6251,2026-04-05,10.6,3.4,0.0,0.0,22.0,3,open_meteo
8,8-2026-04-06,41.8786,-87.6251,2026-04-06,9.9,1.8,4.3,8.0,20.6,61,open_meteo
8,8-2026-04-07,41.8786,-87.6251,2026-04-07,1.9,-1.1,0.0,0.0,17.7,3,open_meteo
8,8-2026-04-08,41.8786,-87.6251,2026-04-08,18.4,2.2,0.1,1.0,25.3,51,open_meteo
8,8-2026-04-09,41.8786,-87.6251,2026-04-09,20.1,8.2,3.8,6.0,26.0,61,open_meteo
8,8-2026-04-10,41.8786,-87.6251,2026-04-10,8.7,4.4,5.4,5.0,13.8,63,open_meteo
8,8-2026-04-11,41.8786,-87.6251,2026-04-11,11.4,2.5,0.0,0.0,13.9,3,open_meteo
8,8-2026-04-12,41.8786,-87.6251,2026-04-12,24.9,11.3,2.7,6.0,25.6,53,open_meteo
8,8-2026-04-13,41.8786,-87.6251,2026-04-13,24.1,16.8,2.2,3.0,26.0,61,open_meteo
8,8-2026-04-14,41.8786,-87.6251,2026-04-14,26.9,14.9,0.1,1.0,25.0,51,open_meteo
8,8-2026-04-15,41.8786,-87.6251,2026-04-15,21.1,14.3,28.7,17.0,24.9,65,open_meteo
8,8-2026-04-16,41.8786,-87.6251,2026-04-16,20.6,9.4,9.1,12.0,18.3,61,open_meteo
8,8-2026-04-17,41.8786,-87.6251,2026-04-17,25.5,8.6,18.5,3.0,24.3,65,open_meteo
8,8-2026-04-18,41.8786,-87.6251,2026-04-18,18.1,6.0,9.0,7.0,26.6,63,open_meteo
8,8-2026-04-19,41.8786,-87.6251,2026-04-19,9.4,3.1,3.5,5.0,23.0,73,open_meteo
8,8-2026-04-20,41.8786,-87.6251,2026-04-20,10.4,2.8,0.0,0.0,16.0,3,open_meteo
8,8-2026-04-21,41.8786,-87.6251,2026-04-21,23.2,8.8,1.3,2.0,20.2,55,open_meteo
8,8-2026-04-22,41.8786,-87.6251,2026-04-22,19.2,8.8,0.0,0.0,14.4,3,open_meteo
8,8-2026-04-23,41.8786,-87.6251,2026-04-23,25.8,9.2,0.0,0.0,17.4,3,open_meteo
8,8-2026-04-24,41.8786,-87.6251,2026-04-24,20.5,10.9,1.3,7.0,19.3,53,open_meteo
8,8-2026-04-25,41.8786,-87.6251,2026-04-25,9.8,6.7,0.0,0.0,18.8,3,open_meteo
8,8-2026-04-26,41.8786,-87.6251,2026-04-26,13.2,6.2,0.0,0.0,12.2,3,open_meteo
8,8-2026-04-27,41.8786,-87.6251,2026-04-27,18.8,11.4,26.3,10.0,30.0,65,open_meteo
8,8-2026-04-28,41.8786,-87.6251,2026-04-28,17.0,10.8,0.5,5.0,22.7,51,open_meteo
8,8-2026-04-29,41.8786,-87.6251,2026-04-29,12.7,5.9,3.5,8.0,17.6,55,open_meteo
8,8-2026-04-30,41.8786,-87.6251,2026-04-30,11.1,4.9,3.9,9.0,14.0,55,open_meteo
