id,order_id,product_id,quantity,unit_price,discount_amount
1,1,14,3,93.69,18.74
2,1,35,1,195.17,0
3,2,14,3,94.39,0
4,2,12,1,171.32,17.13
5,2,2,1,150.5,22.57
6,3,9,2,18.69,3.74
7,4,42,1,132.52,0
8,5,8,1,23.2,3.48
9,5,23,2,123.6,12.36
10,6,44,1,195.03,0
11,7,6,2,97.28,0
12,8,32,2,139.56,0
13,8,31,1,57.8,0
14,9,40,2,192.98,0
15,10,33,1,100.3,0
16,10,36,2,173.9,34.78
17,10,38,1,80.51,0
18,11,3,1,82.6,0
19,11,38,3,136.63,0
20,12,45,1,15.99,3.2
21,13,31,1,184.89,0
22,14,6,1,151.23,15.12
23,15,14,1,199.61,0
24,16,3,1,158.13,0
25,16,50,1,126.84,19.03
26,17,33,1,173.38,0
27,18,41,1,147.88,29.58
28,19,23,1,104.95,0
29,20,33,1,9.03,1.81
30,20,37,1,104.34,0
31,21,49,2,106.52,0
32,22,18,1,127.98,0
33,23,3,2,63.85,0
34,24,10,3,161.91,0
35,24,45,1,171.02,0
36,25,44,1,74.8,0
37,25,37,1,100.63,0
38,25,28,2,60.47,9.07
39,26,35,1,45.33,0
40,26,27,1,177.48,0
41,26,26,1,77.18,0
42,27,12,1,163.26,24.49
43,28,9,1,128.45,0
44,28,1,1,40.73,0
45,29,4,2,59.08,0
46,29,18,2,195.97,0
47,30,2,1,14.08,1.41
48,31,44,1,197.53,19.75
49,31,8,1,192.16,0
50,32,48,2,115.77,11.58
51,32,6,2,11.37,0
52,33,14,1,53.89,8.08
53,33,9,3,62.34,0
54,33,25,1,184.65,36.93
55,34,46,1,58.05,11.61
56,35,17,1,134.12,20.12
57,36,36,2,103.69,10.37
58,36,45,1,82.99,0
59,37,41,1,134.92,13.49
60,38,20,1,128.23,0
61,39,44,2,184.47,18.45
62,39,39,2,167.23,0
63,39,18,1,27.4,2.74
64,39,30,1,44.4,0
65,40,19,2,163.71,0
66,41,24,3,107.39,0
67,41,7,2,55.12,0
68,41,10,2,37.32,0
69,42,24,1,28.19,0
70,42,23,2,170.82,34.16
71,43,32,1,56.06,8.41
72,44,47,2,97.22,0
73,45,1,1,158.24,31.65
74,45,17,1,127.36,0
75,46,31,1,50.52,7.58
76,46,37,1,45.15,0
77,47,9,1,172.33,0
78,48,19,1,164.04,0
79,49,22,1,5.65,1.13
80,50,50,2,172.8,25.92
81,51,39,2,95.5,0
82,51,45,1,10.08,1.51
83,52,4,1,53.79,5.38
84,52,46,2,193.97,29.1
85,52,34,1,64.88,0
86,53,28,2,98.85,0
87,54,16,2,55.79,11.16
88,55,42,2,24.87,0
89,55,28,1,90.66,0
90,55,2,3,184.29,18.43
91,56,38,1,198.85,39.77
92,57,12,1,148.84,0
93,58,39,1,158.44,23.77
94,59,39,1,126.42,0
95,59,23,1,118.67,0
96,60,28,1,194.47,38.89
97,60,35,1,54.94,0
98,60,50,1,59.94,0
99,61,45,1,178.11,35.62
100,61,16,2,51.02,7.65
101,61,21,1,10.19,0
102,62,14,1,154.78,23.22
103,62,10,2,197.34,19.73
104,62,2,1,8.23,1.65
105,62,50,3,146.13,0
106,63,35,1,181.21,0
107,64,27,2,158.79,0
108,65,28,1,138.95,0
109,65,30,1,189.41,28.41
110,65,8,1,80.38,0
111,66,34,2,156.15,23.42
112,66,37,2,167.89,33.58
113,67,37,1,142.46,0
114,67,47,2,157.47,0
115,67,14,1,186.25,0
116,68,50,1,196.72,0
117,69,2,1,174.63,0
118,70,32,1,163.72,0
119,70,43,1,146.29,0
120,71,9,2,176.71,0
121,72,6,2,148.12,0
122,72,10,1,56.28,0
123,73,40,1,150.72,0
124,74,7,1,146.99,0
125,75,37,2,17.78,2.67
126,75,22,1,71.73,0
127,75,32,1,189.03,0
128,76,18,1,128.36,25.67
129,76,14,1,88.03,17.61
130,77,41,1,101.55,0
131,77,31,1,28.11,2.81
132,77,34,1,130.61,0
133,78,35,1,62.08,0
134,78,7,1,151.16,15.12
135,79,1,1,93.84,9.38
136,80,2,1,51.66,0
137,80,10,1,138.17,0
138,80,46,2,87.3,8.73
139,81,1,2,34.85,0
140,82,41,2,187.51,0
141,83,1,2,178.97,0
142,84,25,1,16.73,0
143,85,3,1,51.82,10.36
144,86,18,1,192.03,0
145,86,35,1,134.53,0
146,86,16,2,46.31,6.95
147,86,29,1,78.03,0
148,87,13,1,116.01,0
149,87,40,1,44.04,8.81
150,87,19,1,146.88,0
151,87,22,1,170.51,0
152,88,16,1,190.47,38.09
153,88,44,3,122.16,0
154,88,1,1,181.58,27.24
155,89,22,1,127.49,0
156,89,23,2,175.07,26.26
157,90,26,1,116.86,23.37
158,91,48,1,19.37,0
159,92,3,1,102.9,0
160,93,30,1,10.43,0
161,93,23,1,85.99,17.2
162,93,38,1,148.3,0
163,94,10,1,151.27,0
164,94,18,1,17.22,3.44
165,95,13,2,123.32,12.33
166,96,3,1,166.76,0
167,96,9,1,60.09,12.02
168,97,18,1,176.84,26.53
169,98,15,1,28.43,2.84
170,98,19,1,45.7,9.14
171,99,15,1,90.08,9.01
172,100,8,1,131.95,0
173,101,2,1,81.52,0
174,101,45,1,105.46,15.82
175,102,23,2,173.34,0
176,102,9,2,72.34,7.23
177,103,38,1,65.86,0
178,103,11,1,130.89,0
179,103,45,2,105.09,0
180,104,11,1,117.61,23.52
181,104,46,1,36.09,5.41
182,104,32,1,195.56,0
183,105,4,1,66.3,0
184,106,42,2,84.67,16.93
185,106,5,1,192.74,38.55
186,107,31,1,134.38,20.16
187,108,44,2,68.83,13.77
188,109,43,2,108.38,16.26
189,110,24,1,99.41,19.88
190,111,5,1,47.99,9.6
191,112,41,2,29.13,0
192,113,10,1,41.9,0
193,113,40,1,159.24,0
194,114,14,1,31.73,4.76
195,115,21,2,81.59,16.32
196,115,2,1,187.62,0
197,116,42,2,186.18,0
198,117,7,1,101.69,0
199,118,33,1,96.77,14.52
200,119,16,2,20.49,2.05
201,119,5,1,55.29,5.53
202,119,2,1,103.44,0
203,120,10,1,93.4,0
204,121,23,1,62.9,0
205,121,42,1,133.23,0
206,121,1,1,115.42,0
207,122,15,2,131.15,26.23
208,123,34,2,45.19,0
209,124,8,1,185.96,0
210,125,49,1,161.76,24.26
211,126,37,1,160.14,24.02
212,127,38,1,156.22,0
213,127,18,1,12.26,1.84
214,127,50,2,111.79,22.36
215,128,15,1,32.66,0
216,128,33,1,109.2,0
217,129,1,1,8.85,0
218,129,42,2,45.2,4.52
219,130,24,1,117.53,0
220,131,1,1,23.75,4.75
221,131,48,2,24.36,4.87
222,131,29,1,186.59,27.99
223,132,2,1,76.43,0
224,133,29,2,185.53,27.83
225,133,14,2,158.21,0
226,133,31,2,68.82,13.76
227,134,35,1,77.06,7.71
228,135,22,2,34.54,0
229,135,11,1,57.55,0
230,136,35,2,100.92,10.09
231,137,38,1,42.07,4.21
232,138,35,1,198.43,29.76
233,138,50,1,168.94,0
234,139,31,1,162.99,0
235,139,45,1,115.09,0
236,139,34,1,105.5,0
237,140,48,1,136.57,0
238,140,27,1,5.7,0.57
239,141,45,1,145.52,29.1
240,142,5,1,61.52,0
241,142,21,2,11.03,1.1
242,143,26,1,123.35,0
243,144,45,1,82.6,0
244,145,20,1,164.71,0
245,146,43,2,153.17,0
246,146,4,1,149.38,0
247,147,34,1,176.01,35.2
248,148,33,1,52.41,10.48
249,149,14,1,125.72,0
250,149,20,1,109.97,21.99
251,149,3,1,21.51,0
252,150,19,2,60.24,0
253,151,17,1,169.92,0
254,152,34,1,63.47,0
255,152,14,1,117.92,0
256,153,47,1,52.32,0
257,153,17,1,70.15,0
258,153,14,2,179.11,35.82
259,153,27,3,59.48,5.95
260,154,15,1,176.42,0
261,155,17,2,45.33,9.07
262,156,22,2,7.22,0
263,157,25,3,169.24,25.39
264,158,39,1,45.03,9.01
265,158,42,2,38.05,3.8
266,158,10,1,95.02,0
267,159,38,1,193.69,0
268,160,8,1,112.54,0
269,161,27,1,60.61,0
270,162,45,2,74.03,14.81
271,163,33,2,31.88,0
272,163,23,1,6.52,0.65
273,163,36,1,172.18,0
274,163,27,2,128.28,0
275,164,24,1,117.26,0
276,164,46,1,125.14,0
277,165,45,1,28.78,0
278,166,13,1,188.59,37.72
279,166,42,1,174.83,26.22
280,167,45,3,34.88,0
281,167,22,2,41.91,0
282,167,11,1,162.7,32.54
283,168,24,1,10.27,0
284,169,7,2,121.54,0
285,169,17,1,66.72,13.34
286,169,19,1,56.95,0
287,170,3,1,161.32,0
288,171,30,2,17.87,0
289,171,42,1,27.61,0
290,172,21,1,111.91,16.79
291,173,8,1,189.1,0
292,174,22,1,99.5,0
293,175,14,1,128.17,0
294,175,45,2,157.17,0
295,176,4,1,41.39,0
296,176,2,1,171.47,34.29
297,177,13,1,166.23,16.62
298,177,26,1,187.62,0
299,177,20,1,92.62,0
300,177,37,2,70.61,0
301,178,50,1,127.12,19.07
302,179,21,1,181.34,0
303,180,44,1,22.5,4.5
304,180,1,1,158.73,0
305,181,29,1,42.96,0
306,182,16,1,102.75,20.55
307,182,33,1,26.4,3.96
308,183,15,1,59.94,0
309,183,34,1,75.54,0
310,184,42,1,80.0,0
311,185,31,2,51.81,0
312,185,4,2,17.54,3.51
313,186,20,3,26.83,0
314,186,30,1,15.38,3.08
315,187,35,2,198.98,19.9
316,187,39,1,125.02,0
317,188,12,1,39.25,0
318,188,37,2,155.05,31.01
319,189,41,1,191.0,0
320,190,38,2,129.67,19.45
321,191,5,1,9.23,1.38
322,191,48,1,78.41,0
323,191,12,2,132.06,26.41
324,191,20,1,21.68,0
325,192,39,3,161.41,0
326,192,22,2,176.48,26.47
327,193,1,1,167.09,0
328,193,17,1,50.25,0
329,193,5,1,64.97,0
330,193,18,2,151.18,0
331,194,31,2,30.8,0
332,195,9,2,149.14,0
333,195,4,1,119.85,0
334,196,8,1,118.83,11.88
335,197,20,1,43.94,8.79
336,197,17,1,175.75,26.36
337,198,17,1,25.61,0
338,199,47,1,74.44,0
339,199,39,1,95.5,0
340,199,46,1,172.11,0
341,199,26,3,13.45,2.02
342,200,48,1,159.23,15.92
343,200,14,1,135.57,20.34
344,200,43,2,138.23,20.73
345,201,30,2,169.04,0
346,201,40,1,82.75,0
347,202,1,2,189.91,0
348,202,16,2,21.47,3.22
349,203,44,1,171.5,25.72
350,204,19,1,156.23,0
351,204,25,1,89.83,0
352,205,38,2,75.89,0
353,205,29,2,145.65,0
354,206,47,1,82.68,0
355,207,9,2,157.31,0
356,207,46,2,66.66,0
357,208,50,1,175.09,0
358,208,1,1,185.22,0
359,209,39,2,35.66,3.57
360,209,33,2,117.29,0
361,210,28,1,33.88,3.39
362,210,2,1,189.35,37.87
363,211,46,1,106.43,15.96
364,211,14,1,171.01,17.1
365,212,6,2,129.82,25.96
366,212,43,1,74.16,11.12
367,213,39,1,80.8,0
368,214,45,1,27.33,0
369,215,45,1,44.56,0
370,215,2,2,63.84,12.77
371,215,43,1,155.79,31.16
372,215,19,1,137.55,20.63
373,216,29,1,77.3,15.46
374,216,21,2,10.9,0
375,216,22,2,151.31,0
376,216,1,3,19.57,1.96
377,217,6,1,143.27,21.49
378,217,42,2,15.08,3.02
379,218,49,1,51.64,0
380,218,34,2,70.3,0
381,219,40,1,157.57,0
382,220,43,1,136.68,0
383,221,36,2,135.53,0
384,222,19,1,112.21,0
385,222,30,2,176.63,26.49
386,222,47,1,196.75,0
387,222,7,3,179.65,0
388,223,37,2,168.72,0
389,224,20,1,131.03,13.1
390,225,42,1,161.89,0
391,226,9,1,42.25,0
392,226,39,3,148.28,14.83
393,226,14,1,112.78,0
394,226,37,1,64.24,0
395,227,27,1,121.98,12.2
396,227,13,2,173.18,0
397,227,32,1,21.76,0
398,228,40,1,194.56,0
399,229,43,1,198.09,0
400,229,42,1,5.83,0
401,229,33,1,109.31,16.4
402,229,17,2,93.26,13.99
403,230,34,2,126.98,0
404,230,9,1,64.8,0
405,231,36,1,85.32,0
406,231,20,1,83.79,0
407,232,24,1,138.0,0
408,233,40,1,116.55,17.48
409,234,33,1,10.28,0
410,235,38,1,163.38,16.34
411,236,43,1,135.97,27.19
412,237,41,1,42.78,8.56
413,238,1,2,54.27,0
414,238,23,1,93.73,14.06
415,239,2,2,46.24,6.94
416,239,1,1,116.22,0
417,239,16,1,76.35,0
418,240,5,1,110.71,11.07
419,240,16,2,103.86,0
420,241,29,2,150.23,30.05
421,242,37,1,151.25,15.12
422,242,49,1,144.74,14.47
423,242,5,1,127.01,0
424,243,20,1,51.25,10.25
425,243,6,1,142.44,0
426,244,2,2,57.79,5.78
427,245,21,1,66.1,0
428,246,10,1,92.24,0
429,246,30,1,121.03,18.15
430,246,44,1,97.89,0
431,247,26,1,73.57,0
432,247,27,1,15.44,1.54
433,247,50,3,106.62,10.66
434,248,50,1,106.95,0
435,249,38,1,6.57,0.66
436,250,45,1,177.31,0
437,250,38,2,122.44,0
438,251,41,2,171.62,0
439,251,43,1,136.35,20.45
440,251,27,2,83.15,16.63
441,251,30,1,159.06,0
442,252,20,2,58.41,0
443,253,47,1,23.56,3.53
444,253,24,1,17.24,0
445,254,44,2,51.11,0
446,255,7,1,7.82,1.17
447,255,23,1,6.58,0
448,256,34,1,197.47,19.75
449,256,28,2,198.69,29.8
450,257,47,2,101.87,15.28
451,257,3,1,196.8,0
452,257,7,1,16.51,0
453,257,27,3,190.18,28.53
454,258,25,1,169.94,0
455,259,7,1,52.56,0
456,259,23,3,116.8,0
457,259,17,1,197.77,19.78
458,260,3,2,125.17,0
459,260,14,1,44.42,4.44
460,261,44,1,103.9,20.78
461,261,3,1,137.45,13.74
462,261,27,2,177.42,26.61
463,261,6,3,20.05,0
464,262,24,2,71.79,10.77
465,262,34,1,101.18,20.24
466,262,48,1,92.07,13.81
467,263,49,1,120.58,0
468,264,34,2,37.78,0
469,265,1,1,185.45,27.82
470,266,43,1,14.54,2.91
471,266,4,1,175.71,17.57
472,266,47,2,174.93,17.49
473,266,9,2,141.2,0
474,267,32,1,7.96,0
475,268,20,1,27.3,0
476,269,16,1,9.55,1.43
477,270,15,1,141.58,14.16
478,271,17,1,78.99,15.8
479,271,38,1,73.6,0
480,272,24,1,115.15,0
481,272,28,1,55.27,0
482,272,39,2,37.09,0
483,273,37,1,198.92,0
484,273,41,1,37.33,0
485,274,18,3,48.22,0
486,275,6,1,27.03,2.7
487,275,49,2,51.45,7.72
488,275,21,1,73.07,0
489,276,28,1,68.64,6.86
490,276,31,2,197.95,39.59
491,277,13,1,170.77,25.62
492,278,38,1,23.71,2.37
493,278,35,1,120.22,0
494,279,46,2,199.23,0
495,279,12,1,175.12,35.02
496,280,12,1,9.93,1.99
497,280,20,1,162.24,32.45
498,281,3,1,19.64,2.95
499,281,29,1,108.66,21.73
500,282,45,1,20.19,2.02
501,282,20,3,56.15,0
502,283,11,1,7.51,0
503,283,36,1,195.02,0
504,284,4,1,138.33,20.75
505,284,47,1,140.24,0
506,285,42,1,78.9,7.89
507,285,17,2,131.11,19.67
508,286,31,2,165.48,24.82
509,286,20,1,145.64,14.56
510,287,9,1,160.95,0
511,288,28,1,87.49,0
512,288,32,2,157.99,0
513,288,19,1,177.81,0
514,288,3,2,118.9,17.84
515,289,23,1,24.67,0
516,290,32,1,84.95,8.5
517,291,7,1,102.34,15.35
518,291,45,1,160.98,0
519,292,29,2,144.06,28.81
520,293,4,1,168.63,25.29
521,294,23,1,93.0,0
522,295,9,1,53.04,7.96
523,295,36,1,122.57,0
524,295,31,1,153.7,0
525,296,29,1,20.7,0
526,297,30,1,86.71,0
527,297,11,1,91.74,0
528,297,15,1,10.72,0
529,298,8,1,58.28,11.66
530,299,18,1,149.45,14.95
531,300,31,1,107.27,21.45
532,301,2,1,178.15,0
533,302,11,1,42.67,4.27
534,302,38,1,128.97,0
535,303,35,2,81.77,0
536,304,47,2,45.13,4.51
537,305,35,3,186.02,0
538,306,13,1,187.02,0
539,306,28,1,117.49,11.75
540,306,4,2,24.35,4.87
541,306,34,1,27.44,2.74
542,307,17,1,152.53,0
543,308,20,1,83.9,0
544,309,45,1,188.13,18.81
545,310,42,2,20.69,4.14
546,310,38,2,49.3,4.93
547,311,20,2,119.48,11.95
548,312,42,3,167.35,33.47
549,312,29,1,112.25,0
550,312,3,1,135.34,20.3
551,312,1,2,38.09,5.71
552,313,49,1,183.53,36.71
553,313,10,1,123.48,18.52
554,314,7,1,53.54,0
555,315,40,1,142.07,14.21
556,316,43,1,177.07,17.71
557,317,38,2,110.57,11.06
558,317,7,2,132.82,0
559,317,21,1,56.89,8.53
560,318,33,1,87.01,17.4
561,319,2,2,138.37,13.84
562,320,3,2,47.86,7.18
563,320,1,2,194.35,29.15
564,321,7,3,13.7,2.05
565,322,35,1,162.99,0
566,323,42,3,71.06,0
567,323,45,1,82.69,0
568,324,43,1,178.45,26.77
569,324,6,1,82.24,12.34
570,325,50,1,123.2,0
571,325,43,1,168.47,33.69
572,325,14,1,119.89,0
573,326,31,1,147.18,14.72
574,326,37,1,32.51,0
575,326,40,2,129.28,0
576,327,4,1,106.31,0
577,328,5,2,124.59,18.69
578,329,7,2,170.18,0
579,329,8,1,33.58,0
580,330,25,3,62.84,0
581,330,48,2,69.88,0
582,331,12,2,118.66,11.87
583,331,35,1,134.97,0
584,332,41,1,131.73,19.76
585,332,36,2,9.35,0.94
586,333,15,2,43.15,0
587,333,44,1,67.9,13.58
588,333,3,1,42.83,8.57
589,334,14,2,117.53,0
590,334,5,1,60.27,9.04
591,335,24,1,63.42,0
592,335,30,1,99.95,0
593,336,28,3,179.77,0
594,337,4,1,53.34,0
595,338,15,2,196.79,39.36
596,338,40,2,13.58,2.72
597,339,44,1,127.25,0
598,339,19,1,136.03,27.21
599,340,26,1,141.05,0
600,340,9,1,131.41,0
601,341,9,1,50.08,10.02
602,342,5,1,133.7,0
603,342,13,2,67.55,0
604,342,10,1,178.73,26.81
605,343,29,1,130.06,0
606,343,1,3,24.4,0
607,343,17,1,58.02,5.8
608,344,42,2,145.16,0
609,344,9,1,24.14,0
610,345,28,1,169.78,0
611,346,18,1,43.68,4.37
612,346,20,1,47.66,0
613,347,31,2,61.98,0
614,347,3,1,64.65,12.93
615,347,37,1,172.85,0
616,348,23,3,168.66,25.3
617,348,2,1,46.54,6.98
618,348,50,1,51.0,5.1
619,349,12,3,131.53,0
620,350,29,1,178.03,0
621,351,45,1,55.69,8.35
622,352,38,2,6.27,0
623,352,15,1,61.15,0
624,353,40,1,126.72,19.01
625,354,14,1,17.87,0
626,354,23,1,55.18,0
627,355,32,3,27.9,5.58
628,355,11,1,191.86,0
629,355,36,1,41.84,6.28
630,355,8,1,50.7,0
631,356,11,1,193.49,0
632,356,16,1,53.93,0
633,356,50,2,123.72,12.37
634,357,34,1,199.83,29.97
635,358,29,1,12.7,1.27
636,359,23,1,79.79,0
637,360,2,1,154.9,30.98
638,360,14,1,112.84,0
639,361,46,1,17.05,0
640,361,12,1,179.88,0
641,361,29,1,13.67,1.37
642,362,19,1,127.74,0
643,363,49,2,192.49,38.5
644,363,18,1,96.26,0
645,364,41,1,93.5,9.35
646,364,48,1,180.23,36.05
647,364,36,1,63.08,9.46
648,364,47,1,124.89,0
649,365,17,1,7.5,0
650,366,21,2,130.3,0
651,366,8,1,101.18,0
652,366,48,1,156.38,15.64
653,367,34,1,36.81,0
654,367,48,1,147.9,29.58
655,368,28,1,53.86,10.77
656,369,50,2,12.52,2.5
657,369,19,1,163.64,24.55
658,369,10,2,38.85,0
659,370,48,2,167.85,0
660,370,30,1,7.84,1.57
661,371,19,1,170.2,0
662,371,27,2,22.36,3.35
663,372,32,1,51.94,0
664,373,42,1,19.69,1.97
665,374,15,1,61.37,0
666,374,7,2,94.54,18.91
667,375,43,1,101.95,0
668,375,7,1,94.11,9.41
669,376,47,1,106.95,21.39
670,377,26,1,120.54,0
671,377,11,2,46.67,0
672,377,27,1,129.49,0
673,377,5,1,183.91,27.59
674,378,37,1,190.32,28.55
675,378,22,1,42.83,6.42
676,379,10,1,47.5,0
677,380,14,2,58.57,8.79
678,380,15,1,176.26,0
679,381,17,2,44.25,0
680,381,47,1,92.94,18.59
681,382,20,1,25.94,0
682,383,12,1,162.96,0
683,383,29,1,168.88,25.33
684,384,34,2,64.12,0
685,384,2,1,158.62,0
686,384,20,1,42.33,0
687,385,25,1,9.65,0
688,386,26,1,143.03,14.3
689,387,22,1,74.55,0
690,387,26,2,140.08,14.01
691,387,14,1,168.76,0
692,388,36,1,61.07,9.16
693,389,45,2,43.03,0
694,390,6,1,75.87,0
695,390,3,2,93.14,9.31
696,391,18,1,96.95,0
697,392,42,1,136.4,0
698,393,43,1,190.44,0
699,393,9,1,110.93,11.09
700,394,30,1,178.88,0
701,394,38,1,144.48,0
702,394,4,2,158.23,15.82
703,395,44,1,52.62,5.26
704,396,11,2,168.79,0
705,396,6,2,24.86,4.97
706,397,12,1,137.72,27.54
707,398,28,2,165.76,24.86
708,399,29,1,174.75,26.21
709,400,21,2,130.24,0
710,401,49,1,122.6,0
711,401,35,2,26.96,0
712,401,39,1,45.83,4.58
713,402,33,2,130.67,0
714,403,26,1,148.07,29.61
715,403,30,1,145.16,29.03
716,404,44,1,175.8,0
717,404,48,2,65.85,0
718,404,14,1,29.22,2.92
719,405,11,3,149.26,14.93
720,405,10,1,106.95,0
721,406,17,2,81.41,8.14
722,406,40,3,30.62,0
723,406,29,1,83.66,0
724,407,17,3,106.47,0
725,408,48,1,176.3,0
726,408,14,2,123.27,0
727,409,31,1,111.6,0
728,409,45,1,64.89,9.73
729,410,22,2,180.03,0
730,410,28,1,61.7,0
731,411,36,2,191.39,0
732,412,31,1,131.93,0
733,413,4,1,94.94,18.99
734,414,9,1,47.01,0
735,414,41,1,28.55,4.28
736,414,47,1,82.13,0
737,415,28,2,123.16,0
738,415,49,1,137.48,0
739,416,41,2,193.44,19.34
740,416,9,3,169.27,25.39
741,417,43,1,12.51,2.5
742,417,3,3,87.67,13.15
743,417,1,1,93.92,0
744,418,36,1,125.66,0
745,419,8,2,148.1,29.62
746,419,5,1,152.66,0
747,420,34,1,165.64,0
748,421,47,2,18.6,0
749,422,3,1,139.3,27.86
750,423,9,1,107.05,0
751,424,34,3,188.38,28.26
752,425,50,1,35.56,0
753,425,23,2,127.14,0
754,426,42,1,72.26,0
755,426,9,1,75.54,11.33
756,427,11,3,133.0,0
757,427,24,1,65.03,0
758,428,23,2,166.84,0
759,428,31,1,75.53,7.55
760,429,10,1,134.93,0
761,429,15,1,64.92,0
762,430,45,2,184.53,0
763,431,4,1,31.12,0
764,431,42,2,125.16,0
765,432,20,1,47.94,9.59
766,432,17,2,97.37,0
767,433,14,2,15.48,0
768,434,24,1,8.12,0
769,435,21,1,163.32,0
770,435,7,1,37.09,7.42
771,435,11,1,31.63,3.16
772,436,1,1,75.55,11.33
773,436,18,1,38.65,0
774,437,46,1,106.42,10.64
775,437,34,1,175.49,17.55
776,438,42,1,34.13,0
777,438,11,1,114.56,0
778,439,35,1,48.6,0
779,439,27,3,96.14,0
780,439,42,1,181.33,0
781,439,17,2,115.99,0
782,440,18,2,8.76,1.31
783,441,2,2,116.18,0
784,442,12,1,161.23,0
785,442,8,2,159.36,15.94
786,443,50,1,160.12,32.02
787,444,24,3,177.8,0
788,445,41,1,49.11,7.37
789,446,25,2,14.59,0
790,446,15,1,165.91,0
791,446,24,1,161.79,16.18
792,447,42,2,13.28,1.99
793,448,8,1,85.51,0
794,448,12,1,143.33,28.67
795,448,6,1,13.64,0
796,449,48,1,41.83,8.37
797,450,37,1,50.79,0
798,451,42,1,6.22,0
799,451,36,2,92.44,18.49
800,452,13,1,195.41,0
801,453,47,1,188.44,37.69
802,454,12,3,104.38,0
803,454,14,3,187.42,0
804,455,6,2,198.19,39.64
805,456,31,2,199.21,29.88
806,456,3,2,40.38,0
807,457,16,1,188.33,0
808,457,4,1,44.71,0
809,458,49,1,149.47,0
810,458,44,2,185.26,0
811,459,4,1,100.32,0
812,460,23,1,81.79,12.27
813,461,46,1,120.09,0
814,461,32,2,198.93,19.89
815,462,9,2,22.25,3.34
816,463,30,3,141.55,0
817,463,41,1,28.34,5.67
818,464,39,1,37.32,0
819,464,50,1,145.64,0
820,465,47,3,58.57,0
821,466,45,1,194.7,0
822,466,35,1,87.44,0
823,466,1,1,138.29,13.83
824,467,36,3,22.24,3.34
825,468,35,1,76.05,11.41
826,469,9,2,60.95,0
827,470,35,1,8.38,0
828,470,6,2,48.86,0
829,471,41,1,102.95,0
830,471,44,1,87.84,17.57
831,471,26,1,14.5,2.9
832,472,14,2,103.63,0
833,473,10,1,103.24,20.65
834,474,11,1,95.8,14.37
835,474,3,1,197.95,39.59
836,474,48,2,96.11,0
837,475,7,1,83.21,0
838,476,29,1,6.19,0
839,476,37,1,76.6,7.66
840,477,43,1,24.51,4.9
841,477,3,1,185.78,0
842,478,29,1,47.72,0
843,479,19,1,112.11,11.21
844,479,36,2,86.71,0
845,480,48,1,29.16,0
846,481,47,1,138.56,0
847,482,17,1,49.95,5.0
848,483,43,2,103.23,10.32
849,483,17,1,77.99,0
850,483,20,1,142.94,0
851,483,49,1,22.35,0
852,484,4,2,128.22,0
853,485,5,1,93.84,0
854,485,11,1,100.42,10.04
855,486,3,1,195.8,39.16
856,486,33,1,34.67,6.93
857,487,1,1,84.0,0
858,487,28,2,127.75,25.55
859,488,31,1,98.45,0
860,489,37,1,80.62,0
861,489,3,1,194.77,0
862,490,39,1,62.39,0
863,491,30,1,40.89,4.09
864,491,34,1,165.81,0
865,492,8,2,183.65,36.73
866,492,41,1,14.27,1.43
867,493,50,2,137.09,27.42
868,493,2,1,195.09,0
869,494,4,1,174.11,17.41
870,494,48,2,141.56,0
871,495,18,2,40.79,0
872,496,24,3,154.07,0
873,496,18,3,162.41,16.24
874,497,5,1,40.68,0
875,498,20,2,192.75,28.91
876,498,18,1,25.66,0
877,499,40,1,161.46,16.15
878,499,30,2,165.48,0
879,500,2,1,90.17,9.02
880,500,23,1,78.46,0
881,500,29,1,165.46,33.09
882,501,37,3,75.08,0
883,501,38,1,111.24,0
884,502,27,1,8.49,0
885,503,23,1,60.02,0
886,503,29,2,69.74,13.95
887,503,10,2,174.06,26.11
888,504,44,2,197.14,29.57
889,504,7,1,134.97,20.25
890,505,16,1,29.88,0
891,505,38,3,189.28,0
892,505,31,1,135.44,0
893,505,18,1,117.26,0
894,506,19,1,30.28,4.54
895,507,32,1,20.84,0
896,507,21,1,87.46,0
897,507,24,1,143.76,21.56
898,508,27,2,161.67,0
899,508,9,1,196.76,0
900,509,49,1,193.33,0
901,510,10,1,13.14,0
902,511,47,1,125.01,12.5
903,512,33,1,105.95,0
904,512,12,1,6.44,0
905,512,36,1,168.27,0
906,513,38,2,182.74,0
907,513,13,1,65.86,6.59
908,514,25,1,54.26,0
909,514,39,1,152.72,0
910,515,16,1,30.96,0
911,516,14,1,80.35,8.04
912,517,41,1,80.15,16.03
913,518,28,1,136.46,13.65
914,518,48,1,61.27,12.25
915,519,22,1,41.5,4.15
916,519,7,1,38.4,7.68
917,520,7,1,180.45,0
918,521,36,1,169.63,16.96
919,522,18,1,145.44,0
920,522,8,1,34.75,0
921,522,44,2,141.7,0
922,523,4,1,145.41,29.08
923,523,28,1,164.25,24.64
924,524,48,2,175.07,0
925,525,16,2,114.92,0
926,526,16,3,15.11,0
927,526,5,2,186.27,0
928,527,4,1,131.3,0
929,527,27,1,31.53,4.73
930,528,11,2,179.93,17.99
931,528,47,1,163.59,0
932,528,39,1,20.01,0
933,529,10,2,118.37,0
934,530,49,3,143.48,28.7
935,530,14,2,24.39,0
936,530,31,1,156.94,23.54
937,531,40,1,71.27,0
938,531,22,1,114.55,0
939,532,41,1,48.27,0
940,533,29,1,74.83,0
941,533,4,1,141.81,0
942,533,27,1,32.85,3.29
943,534,18,1,187.88,0
944,534,45,1,159.58,0
945,534,12,1,60.92,0
946,535,6,1,27.51,0
947,536,29,1,187.64,37.53
948,537,32,2,78.78,0
949,538,18,3,105.79,15.87
950,539,36,1,61.72,9.26
951,539,20,2,74.15,0
952,539,33,1,49.57,4.96
953,540,1,2,152.22,0
954,541,22,1,38.81,3.88
955,542,26,1,111.51,11.15
956,543,13,1,48.46,0
957,544,3,1,26.0,0
958,544,22,1,81.78,0
959,545,3,1,164.96,0
960,546,6,2,21.47,2.15
961,546,16,1,174.97,0
962,546,39,1,56.16,0
963,547,1,1,196.13,39.23
964,548,15,1,148.8,0
965,548,45,1,11.87,1.78
966,549,20,1,186.48,0
967,550,24,1,114.3,0
968,550,9,1,19.37,3.87
969,550,5,1,14.75,0
970,550,6,2,142.38,0
971,551,2,2,78.7,0
972,551,41,1,82.76,0
973,552,32,1,143.17,28.63
974,552,9,1,104.25,15.64
975,552,24,1,188.35,0
976,553,50,1,121.57,0
977,554,12,1,167.88,0
978,554,4,3,154.26,30.85
979,554,23,1,141.61,0
980,555,13,1,198.29,0
981,556,7,1,83.34,0
982,556,37,2,11.13,1.11
983,557,39,3,30.25,0
984,558,23,1,194.99,29.25
985,559,12,2,185.22,0
986,560,2,1,191.15,38.23
987,561,8,1,92.09,0
988,562,48,1,145.37,0
989,563,49,1,77.45,15.49
990,564,46,2,139.5,13.95
991,565,45,1,30.28,4.54
992,565,50,1,163.52,16.35
993,566,50,1,185.96,0
994,567,1,2,159.64,0
995,567,30,1,153.7,15.37
996,568,15,1,31.58,0
997,569,27,1,21.41,2.14
998,569,38,1,128.62,0
999,570,15,2,196.18,0
1000,571,37,1,68.64,13.73
1001,571,28,1,136.78,0
1002,572,30,2,105.59,0
1003,573,9,1,147.17,22.08
1004,574,27,1,29.51,2.95
1005,575,30,1,75.8,0
1006,576,26,2,183.98,0
1007,576,22,2,70.97,14.19
1008,577,16,1,178.6,17.86
1009,577,37,2,20.45,4.09
1010,577,44,2,10.01,1.0
1011,578,16,1,31.51,3.15
1012,578,25,2,162.7,24.4
1013,578,44,2,186.04,0
1014,579,25,2,176.23,0
1015,580,15,1,12.37,2.47
1016,580,47,1,126.73,0
1017,580,39,1,194.33,0
1018,580,14,1,30.45,6.09
1019,581,37,1,132.93,0
1020,582,23,1,70.22,14.04
1021,582,9,1,52.57,0
1022,582,47,1,169.1,0
1023,582,5,1,9.28,0
1024,583,21,1,30.22,4.53
1025,583,9,1,72.43,0
1026,584,19,1,130.36,0
1027,584,10,1,39.18,3.92
1028,584,36,1,120.41,0
1029,585,3,1,147.58,0
1030,586,12,1,151.24,22.69
1031,587,7,1,10.12,0
1032,587,1,1,72.14,14.43
1033,588,21,2,154.81,0
1034,589,16,3,86.87,0
1035,590,20,2,32.81,0
1036,591,12,1,12.48,0
1037,592,49,1,175.52,0
1038,592,41,2,104.66,0
1039,592,24,3,67.03,0
1040,593,44,1,191.86,28.78
1041,593,28,2,5.39,0.81
1042,594,16,2,145.84,0
1043,595,42,1,170.21,25.53
1044,595,33,1,140.62,14.06
1045,595,13,1,75.14,15.03
1046,596,6,1,13.71,2.74
1047,597,34,1,59.34,5.93
1048,598,8,1,9.48,0
1049,598,6,2,120.17,12.02
1050,598,35,1,178.75,35.75
1051,599,41,1,187.55,28.13
1052,600,5,1,59.85,11.97
1053,601,22,1,27.97,0
1054,601,16,1,178.91,17.89
1055,602,22,2,98.96,0
1056,602,9,1,193.26,0
1057,602,33,1,177.53,0
1058,603,26,1,187.51,0
1059,603,39,1,16.1,1.61
1060,604,46,1,47.91,0
1061,604,5,2,94.09,9.41
1062,605,27,1,80.79,0
1063,605,50,3,72.9,0
1064,606,18,1,140.5,0
1065,606,11,1,194.16,19.42
1066,606,13,1,163.92,0
1067,607,4,1,98.22,9.82
1068,607,46,1,52.97,0
1069,608,28,1,118.09,17.71
1070,608,15,1,157.33,0
1071,609,11,1,141.69,28.34
1072,609,12,2,81.21,0
1073,610,29,1,93.94,0
1074,610,5,1,33.79,0
1075,611,35,1,169.35,0
1076,611,8,1,106.83,10.68
1077,611,28,1,104.88,10.49
1078,612,8,1,23.01,3.45
1079,612,31,1,88.4,8.84
1080,612,19,1,146.28,21.94
1081,613,3,2,98.69,14.8
1082,614,50,1,151.71,0
1083,614,44,1,21.16,0
1084,614,49,3,32.15,3.21
1085,615,25,1,115.21,0
1086,616,40,1,84.52,0
1087,617,11,1,78.19,0
1088,618,17,3,83.15,12.47
1089,619,45,1,156.62,23.49
1090,619,33,1,63.39,9.51
1091,619,18,1,69.51,0
1092,619,29,1,48.51,0
1093,620,7,2,68.9,13.78
1094,620,50,1,183.37,0
1095,621,17,1,167.94,25.19
1096,622,29,1,36.44,3.64
1097,622,12,1,90.18,18.04
1098,623,2,2,25.99,0
1099,623,7,1,198.77,39.75
1100,624,41,2,105.82,0
1101,624,38,1,84.73,8.47
1102,624,26,2,98.45,9.85
1103,625,38,1,41.89,6.28
1104,625,43,1,64.75,0
1105,625,11,1,99.3,0
1106,626,12,1,65.02,0
1107,627,45,1,23.15,0
1108,628,31,1,124.65,24.93
1109,629,32,1,15.34,3.07
1110,629,31,2,82.5,16.5
1111,630,9,2,25.47,0
1112,631,31,1,156.81,0
1113,632,50,1,160.22,0
1114,633,32,1,170.64,0
1115,633,13,2,92.32,0
1116,634,43,1,14.14,0
1117,635,7,1,139.36,27.87
1118,635,41,1,70.13,0
1119,636,41,1,49.13,4.91
1120,637,4,2,168.71,0
1121,638,37,1,191.23,19.12
1122,638,28,1,99.02,0
1123,638,44,3,159.16,0
1124,639,4,1,174.59,0
1125,639,14,1,127.75,25.55
1126,639,11,1,46.01,0
1127,639,13,1,98.41,0
1128,640,31,2,180.59,27.09
1129,640,39,2,54.48,0
1130,641,48,2,179.81,0
1131,642,40,1,59.42,11.88
1132,642,34,1,30.65,0
1133,642,18,1,134.89,26.98
1134,642,48,1,112.11,0
1135,643,20,1,20.66,0
1136,643,27,1,92.58,0
1137,643,9,1,44.84,0
1138,644,22,2,192.75,38.55
1139,645,45,1,30.83,6.17
1140,645,48,2,20.92,4.18
1141,646,12,1,120.27,0
1142,647,13,2,183.46,0
1143,647,46,1,49.72,7.46
1144,647,21,1,54.79,5.48
1145,648,45,1,75.76,0
1146,649,7,1,8.3,0
1147,649,38,1,81.38,8.14
1148,649,27,3,111.66,0
1149,650,17,2,42.33,8.47
1150,651,27,1,199.46,0
1151,651,11,1,102.43,0
1152,651,37,1,90.74,13.61
1153,652,6,1,53.49,0
1154,652,17,1,52.1,0
1155,652,1,1,61.26,0
1156,653,12,1,179.92,0
1157,654,44,1,106.11,10.61
1158,655,43,2,146.19,0
1159,656,43,1,64.68,12.94
1160,657,39,1,6.69,0.67
1161,657,4,2,189.69,0
1162,658,25,1,165.3,24.8
1163,659,5,1,101.72,15.26
1164,660,7,1,122.15,24.43
1165,660,12,1,143.38,21.51
1166,660,6,2,141.27,0
1167,660,26,2,184.45,0
1168,661,26,2,141.43,28.29
1169,661,41,1,193.45,0
1170,662,47,2,150.41,0
1171,663,15,1,169.12,0
1172,664,9,2,160.52,0
1173,665,39,2,77.83,0
1174,665,36,2,15.23,3.05
1175,665,17,2,153.09,15.31
1176,666,24,1,160.96,24.14
1177,667,48,2,128.4,0
1178,667,37,1,78.67,0
1179,668,12,3,27.21,0
1180,669,19,2,59.96,6.0
1181,670,33,1,158.97,0
1182,671,2,1,76.54,0
1183,672,46,1,72.35,0
1184,672,5,1,22.15,3.32
1185,673,19,1,162.89,0
1186,674,7,1,165.98,24.9
1187,675,15,1,140.66,21.1
1188,676,13,1,181.08,0
1189,676,48,1,75.1,0
1190,677,22,1,102.69,0
1191,678,15,1,185.36,0
1192,678,1,2,170.97,0
1193,679,42,1,73.54,11.03
1194,680,34,1,146.2,0
1195,681,10,1,123.04,24.61
1196,682,15,1,186.48,37.3
1197,683,47,1,90.89,0
1198,683,20,1,95.59,9.56
1199,683,3,1,39.07,0
1200,684,18,1,190.08,0
1201,685,5,1,186.26,37.25
1202,685,14,1,181.46,0
1203,685,46,1,192.64,0
1204,686,17,1,156.56,0
1205,686,20,1,134.86,26.97
1206,687,31,2,90.49,0
1207,688,24,2,184.11,0
1208,688,22,1,89.23,8.92
1209,689,4,1,44.11,0
1210,690,14,1,11.38,2.28
1211,691,9,1,69.71,0
1212,692,30,1,77.12,0
1213,692,32,1,77.01,0
1214,693,12,1,74.29,14.86
1215,694,12,3,162.48,0
1216,695,39,1,105.04,15.76
1217,696,6,1,126.62,0
1218,696,16,2,47.59,0
1219,697,21,2,89.06,0
1220,698,6,1,184.49,0
1221,698,11,1,114.28,0
1222,698,2,2,164.96,24.74
1223,698,50,2,199.4,19.94
1224,699,10,1,25.68,0
1225,700,12,1,149.16,0
1226,701,5,1,192.33,0
1227,702,1,1,45.34,6.8
1228,703,31,2,11.06,0
1229,704,42,1,163.68,24.55
1230,704,3,2,166.97,16.7
1231,704,32,1,38.38,0
1232,705,40,1,187.62,37.52
1233,706,41,2,73.14,14.63
1234,706,47,1,138.42,0
1235,707,4,1,107.16,0
1236,707,36,2,186.06,18.61
1237,708,25,1,102.66,15.4
1238,708,50,3,189.9,0
1239,708,37,1,101.12,0
1240,708,40,1,43.23,4.32
1241,709,21,1,134.76,0
1242,709,7,2,109.43,10.94
1243,709,46,1,174.89,26.23
1244,710,11,3,48.37,7.26
1245,711,16,1,62.99,0
1246,711,38,1,178.08,0
1247,712,23,1,126.22,0
1248,712,7,1,146.49,0
1249,713,17,1,193.45,0
1250,713,35,1,12.14,1.21
1251,713,26,2,129.44,19.42
1252,713,29,1,34.24,5.14
1253,714,4,2,48.31,0
1254,715,20,1,64.12,9.62
1255,716,1,1,135.91,27.18
1256,717,49,1,166.98,25.05
1257,718,21,1,192.17,0
1258,718,23,1,12.81,0
1259,719,42,2,139.27,0
1260,719,29,2,153.5,0
1261,720,29,1,5.09,0
1262,721,14,1,196.46,0
1263,722,32,1,85.33,8.53
1264,723,33,1,137.37,0
1265,724,3,1,23.68,0
1266,724,24,2,35.35,3.54
1267,725,10,2,114.33,0
1268,725,21,1,158.75,15.88
1269,725,44,3,64.74,0
1270,725,32,1,137.12,0
1271,726,35,2,140.86,0
1272,727,16,1,193.36,0
1273,728,3,1,90.77,0
1274,729,14,2,132.69,0
1275,729,25,1,5.38,0
1276,730,40,2,140.84,21.13
1277,730,2,1,137.09,27.42
1278,731,31,1,15.12,1.51
1279,731,24,2,122.15,0
1280,731,27,2,49.97,5.0
1281,732,26,2,87.97,0
1282,732,27,1,179.72,0
1283,733,15,1,181.49,0
1284,734,28,1,177.0,0
1285,734,22,1,111.21,0
1286,734,12,1,134.12,0
1287,735,19,3,39.12,5.87
1288,736,33,1,78.13,0
1289,736,35,2,123.78,0
1290,736,2,2,142.49,28.5
1291,737,49,1,116.08,0
1292,737,16,1,19.9,1.99
1293,738,43,1,51.09,0
1294,739,27,1,53.26,10.65
1295,740,23,1,29.54,2.95
1296,740,32,2,6.49,0
1297,741,36,1,64.7,6.47
1298,741,34,1,190.32,0
1299,742,45,1,69.96,0
1300,742,32,1,90.55,18.11
1301,743,37,2,108.67,16.3
1302,743,18,1,135.24,20.29
1303,744,9,2,173.08,0
1304,744,34,1,48.92,0
1305,745,15,1,117.78,23.56
1306,745,21,1,106.85,0
1307,745,5,3,11.95,0
1308,746,9,2,182.82,0
1309,746,41,1,52.35,10.47
1310,747,34,1,199.74,39.95
1311,748,40,1,147.63,29.53
1312,748,6,1,127.01,19.05
1313,749,22,1,174.62,0
1314,750,50,1,126.73,0
1315,750,23,2,5.73,0
1316,750,13,1,82.2,0
1317,751,24,2,146.19,0
1318,752,7,1,138.15,0
1319,753,40,1,70.49,10.57
1320,753,27,1,105.33,0
1321,753,17,2,43.06,0
1322,753,3,1,136.71,0
1323,754,26,1,92.74,18.55
1324,754,2,1,157.99,0
1325,755,30,2,52.62,10.52
1326,755,29,1,45.92,0
1327,755,22,2,9.34,0
1328,756,35,1,96.7,14.5
1329,756,12,1,33.51,0
1330,757,50,2,57.5,11.5
1331,758,47,3,196.92,39.38
1332,758,30,2,120.43,0
1333,758,9,1,186.09,18.61
1334,759,2,3,188.17,0
1335,760,23,1,190.67,0
1336,761,19,1,45.19,9.04
1337,762,13,2,28.58,4.29
1338,762,11,3,52.98,0
1339,762,1,2,65.35,0
1340,763,31,1,6.64,0.66
1341,763,25,1,118.52,0
1342,764,45,1,109.69,0
1343,765,22,1,98.0,0
1344,765,15,3,166.63,0
1345,765,50,1,199.29,19.93
1346,766,33,1,136.25,0
1347,767,46,3,143.69,28.74
1348,767,40,2,20.92,0
1349,767,35,1,140.48,28.1
1350,768,42,1,108.91,0
1351,768,20,2,30.05,0
1352,769,50,1,73.8,14.76
1353,769,32,1,157.02,0
1354,770,8,3,94.11,0
1355,771,28,1,64.43,12.89
1356,772,27,1,38.88,0
1357,773,48,1,49.16,0
1358,774,1,2,146.47,29.29
1359,774,45,1,187.32,0
1360,774,25,2,125.11,0
1361,775,18,2,65.36,0
1362,776,31,2,136.05,27.21
1363,776,24,1,102.72,0
1364,776,36,1,126.52,25.3
1365,777,28,1,167.97,0
1366,778,31,2,188.52,18.85
1367,778,15,3,10.8,0
1368,779,47,2,107.3,0
1369,779,30,2,57.51,0
1370,779,3,1,149.8,29.96
1371,779,29,1,188.41,0
1372,780,7,1,106.31,0
1373,780,16,1,100.7,10.07
1374,780,33,1,160.41,32.08
1375,781,23,1,111.78,0
1376,782,47,1,132.72,0
1377,783,20,1,102.81,15.42
1378,784,49,1,132.74,0
1379,784,9,1,91.17,0
1380,785,24,1,84.89,0
1381,785,28,2,129.03,0
1382,786,6,1,38.23,5.73
1383,787,44,1,75.53,0
1384,787,50,1,32.5,0
1385,788,33,2,97.47,19.49
1386,789,1,1,120.28,0
1387,789,30,1,136.01,0
1388,789,36,1,128.55,19.28
1389,789,38,1,186.38,27.96
1390,790,34,2,166.69,0
1391,790,23,1,141.77,0
1392,791,6,1,170.62,17.06
1393,792,30,1,98.5,0
1394,793,7,1,7.37,0
1395,793,50,1,180.23,0
1396,794,5,1,41.49,0
1397,795,26,1,56.91,8.54
1398,796,22,1,196.8,19.68
1399,797,26,1,175.75,0
1400,798,35,1,80.82,0
1401,799,36,1,106.12,21.22
1402,799,41,1,128.26,0
1403,799,49,1,183.37,18.34
1404,799,32,1,13.26,0
1405,800,45,1,120.24,0
